Instance name,  X location,  Y location,  Voltage 
FILLER_0_85_389, 180.22, 239.36, 0.00240057
_3682_, 180.22, 233.92, 0.00243514
FILLER_0_83_385, 180.22, 233.92, 0.00243514
_4506_, 180.22, 228.48, 0.00238549
hold174, 180.22, 228.48, 0.00238549
_3106_, 180.22, 223.04, 0.00236147
fanout31, 180.22, 223.04, 0.00236147
FILLER_0_79_384, 180.22, 223.04, 0.00236147
_4795_, 180.22, 217.6, 0.00237712
FILLER_0_76_386, 180.22, 217.6, 0.00237712
FILLER_0_77_387, 180.22, 217.6, 0.00237712
FILLER_0_77_393, 180.22, 217.6, 0.00237712
_4209_, 180.22, 212.16, 0.00231849
hold187, 180.22, 212.16, 0.00231849
FILLER_0_73_376, 180.22, 212.16, 0.00231849
FILLER_0_74_385, 180.22, 212.16, 0.00231849
_3869_, 180.22, 206.72, 0.00229175
_4669_, 180.22, 206.72, 0.00229175
clkbuf_leaf_22_clk, 180.22, 206.72, 0.00229175
FILLER_0_73_384, 180.22, 206.72, 0.00229175
FILLER_0_73_393, 180.22, 206.72, 0.00229175
_3610_, 180.22, 201.28, 0.00225139
_4014_, 180.22, 201.28, 0.00225139
_4015_, 180.22, 201.28, 0.00225139
_4596_, 180.22, 201.28, 0.00225139
hold176, 180.22, 201.28, 0.00225139
FILLER_0_70_376, 180.22, 201.28, 0.00225139
_3609_, 180.22, 195.84, 0.00221509
_4473_, 180.22, 195.84, 0.00221509
_4520_, 180.22, 195.84, 0.00221509
_4789_, 180.22, 195.84, 0.00221509
hold144, 180.22, 195.84, 0.00221509
hold160, 180.22, 195.84, 0.00221509
_3615_, 180.22, 190.4, 0.00230338
_3693_, 180.22, 190.4, 0.00230338
_3709_, 180.22, 190.4, 0.00230338
_3710_, 180.22, 190.4, 0.00230338
_4490_, 180.22, 190.4, 0.00230338
hold175, 180.22, 190.4, 0.00230338
hold192, 180.22, 190.4, 0.00230338
_3649_, 180.22, 184.96, 0.00213584
_3650_, 180.22, 184.96, 0.00213584
_3946_, 180.22, 184.96, 0.00213584
_4178_, 180.22, 184.96, 0.00213584
hold239, 180.22, 184.96, 0.00213584
hold305, 180.22, 184.96, 0.00213584
hold322, 180.22, 184.96, 0.00213584
FILLER_0_64_388, 180.22, 184.96, 0.00213584
_3663_, 180.22, 179.52, 0.00261344
_3984_, 180.22, 179.52, 0.00261344
_4080_, 180.22, 179.52, 0.00261344
_4780_, 180.22, 179.52, 0.00261344
FILLER_0_61_378, 180.22, 179.52, 0.00261344
_4169_, 180.22, 174.08, 0.00290438
_4179_, 180.22, 174.08, 0.00290438
_4775_, 180.22, 174.08, 0.00290438
hold118, 180.22, 174.08, 0.00290438
FILLER_0_59_371, 180.22, 174.08, 0.00290438
FILLER_0_59_378, 180.22, 174.08, 0.00290438
FILLER_0_61_386, 180.22, 174.08, 0.00290438
FILLER_0_61_393, 180.22, 174.08, 0.00290438
_3843_, 180.22, 168.64, 0.00314517
_4583_, 180.22, 168.64, 0.00314517
FILLER_0_58_373, 180.22, 168.64, 0.00314517
FILLER_0_59_386, 180.22, 168.64, 0.00314517
FILLER_0_59_393, 180.22, 168.64, 0.00314517
_3838_, 180.22, 163.2, 0.0034782
_4496_, 180.22, 163.2, 0.0034782
_4581_, 180.22, 163.2, 0.0034782
FILLER_0_57_385, 180.22, 163.2, 0.0034782
_3549_, 180.22, 157.76, 0.00379249
_3839_, 180.22, 157.76, 0.00379249
_4417_, 180.22, 157.76, 0.00379249
_4419_, 180.22, 157.76, 0.00379249
clkbuf_leaf_28_clk, 180.22, 157.76, 0.00379249
hold357, 180.22, 157.76, 0.00379249
_2789_, 180.22, 152.32, 0.00406951
_3552_, 180.22, 152.32, 0.00406951
_4255_, 180.22, 152.32, 0.00406951
hold47, 180.22, 152.32, 0.00406951
hold401, 180.22, 152.32, 0.00406951
_2774_, 180.22, 146.88, 0.00425689
_2805_, 180.22, 146.88, 0.00425689
_3224_, 180.22, 146.88, 0.00425689
_3225_, 180.22, 146.88, 0.00425689
_3226_, 180.22, 146.88, 0.00425689
_3551_, 180.22, 141.44, 0.00453138
_4418_, 180.22, 141.44, 0.00453138
hold376, 180.22, 141.44, 0.00453138
FILLER_0_47_378, 180.22, 141.44, 0.00453138
FILLER_0_48_377, 180.22, 141.44, 0.00453138
_3550_, 180.22, 136, 0.00481372
_4415_, 180.22, 136, 0.00481372
FILLER_0_47_393, 180.22, 136, 0.00481372
_2701_, 180.22, 130.56, 0.00506653
_3217_, 180.22, 130.56, 0.00506653
_3218_, 180.22, 130.56, 0.00506653
_3227_, 180.22, 130.56, 0.00506653
_4251_, 180.22, 130.56, 0.00506653
hold526, 180.22, 130.56, 0.00506653
FILLER_0_43_375, 180.22, 130.56, 0.00506653
_3545_, 180.22, 125.12, 0.00522305
_3557_, 180.22, 125.12, 0.00522305
_3905_, 180.22, 125.12, 0.00522305
FILLER_0_42_385, 180.22, 125.12, 0.00522305
FILLER_0_43_384, 180.22, 125.12, 0.00522305
_2369_, 180.22, 119.68, 0.00544309
_4421_, 180.22, 119.68, 0.00544309
hold369, 180.22, 119.68, 0.00544309
FILLER_0_39_370, 180.22, 119.68, 0.00544309
_3556_, 180.22, 114.24, 0.00560928
_3904_, 180.22, 114.24, 0.00560928
_4348_, 180.22, 114.24, 0.00560928
hold344, 180.22, 114.24, 0.00560928
FILLER_0_38_389, 180.22, 114.24, 0.00560928
FILLER_0_39_387, 180.22, 114.24, 0.00560928
_3371_, 180.22, 108.8, 0.00581258
_4257_, 180.22, 108.8, 0.00581258
_4349_, 180.22, 108.8, 0.00581258
hold38, 180.22, 108.8, 0.00581258
_3206_, 180.22, 103.36, 0.00591101
_3230_, 180.22, 103.36, 0.00591101
_4350_, 180.22, 103.36, 0.00591101
hold52, 180.22, 103.36, 0.00591101
FILLER_0_35_385, 180.22, 103.36, 0.00591101
_3205_, 180.22, 97.92, 0.0060317
_3367_, 180.22, 97.92, 0.0060317
_3368_, 180.22, 97.92, 0.0060317
_3369_, 180.22, 97.92, 0.0060317
_4345_, 180.22, 97.92, 0.0060317
hold459, 180.22, 97.92, 0.0060317
_3366_, 180.22, 92.48, 0.00627576
_4346_, 180.22, 92.48, 0.00627576
hold50, 180.22, 92.48, 0.00627576
hold65, 180.22, 92.48, 0.00627576
hold333, 180.22, 92.48, 0.00627576
FILLER_0_31_388, 180.22, 92.48, 0.00627576
_3365_, 180.22, 87.04, 0.00638989
_4342_, 180.22, 87.04, 0.00638989
_4343_, 180.22, 87.04, 0.00638989
_2527_, 180.22, 81.6, 0.00639821
_3528_, 180.22, 81.6, 0.00639821
_4407_, 180.22, 81.6, 0.00639821
hold359, 180.22, 81.6, 0.00639821
FILLER_0_25_377, 180.22, 81.6, 0.00639821
FILLER_0_26_368, 180.22, 81.6, 0.00639821
FILLER_0_27_389, 180.22, 81.6, 0.00639821
_3202_, 180.22, 76.16, 0.0064681
_3529_, 180.22, 76.16, 0.0064681
_4243_, 180.22, 76.16, 0.0064681
hold483, 180.22, 76.16, 0.0064681
FILLER_0_23_373, 180.22, 76.16, 0.0064681
FILLER_0_25_388, 180.22, 76.16, 0.0064681
FILLER_0_25_393, 180.22, 76.16, 0.0064681
_3201_, 180.22, 70.72, 0.00650383
_4647_, 180.22, 70.72, 0.00650383
hold232, 180.22, 70.72, 0.00650383
FILLER_0_21_373, 180.22, 70.72, 0.00650383
FILLER_0_22_381, 180.22, 70.72, 0.00650383
FILLER_0_23_387, 180.22, 70.72, 0.00650383
_3689_, 180.22, 65.28, 0.00656945
_3690_, 180.22, 65.28, 0.00656945
_4020_, 180.22, 65.28, 0.00656945
_4021_, 180.22, 65.28, 0.00656945
_4031_, 180.22, 65.28, 0.00656945
_4510_, 180.22, 65.28, 0.00656945
_4672_, 180.22, 65.28, 0.00656945
_4677_, 180.22, 65.28, 0.00656945
_4495_, 180.22, 59.84, 0.00665644
hold112, 180.22, 59.84, 0.00665644
FILLER_0_19_389, 180.22, 59.84, 0.00665644
FILLER_0_19_393, 180.22, 59.84, 0.00665644
_3734_, 180.22, 54.4, 0.00662187
_3810_, 180.22, 54.4, 0.00662187
_3811_, 180.22, 54.4, 0.00662187
_4788_, 180.22, 54.4, 0.00662187
hold117, 180.22, 54.4, 0.00662187
hold228, 180.22, 54.4, 0.00662187
_3733_, 180.22, 48.96, 0.00669427
_4725_, 180.22, 48.96, 0.00669427
_4798_, 180.22, 48.96, 0.00669427
hold150, 180.22, 48.96, 0.00669427
hold264, 180.22, 48.96, 0.00669427
_4016_, 180.22, 43.52, 0.00670478
_4026_, 180.22, 43.52, 0.00670478
_4531_, 180.22, 43.52, 0.00670478
_4570_, 180.22, 43.52, 0.00670478
hold225, 180.22, 43.52, 0.00670478
_4017_, 180.22, 38.08, 0.00674532
_4066_, 180.22, 38.08, 0.00674532
_4126_, 180.22, 38.08, 0.00674532
_4127_, 180.22, 38.08, 0.00674532
_4211_, 180.22, 38.08, 0.00674532
_4796_, 180.22, 38.08, 0.00674532
hold156, 180.22, 38.08, 0.00674532
hold230, 180.22, 38.08, 0.00674532
FILLER_0_11_381, 180.22, 38.08, 0.00674532
_3658_, 180.22, 32.64, 0.00672964
_4494_, 180.22, 32.64, 0.00672964
_4575_, 180.22, 32.64, 0.00672964
FILLER_0_9_382, 180.22, 32.64, 0.00672964
_3827_, 180.22, 27.2, 0.00670115
_4533_, 180.22, 27.2, 0.00670115
_4703_, 180.22, 27.2, 0.00670115
hold108, 180.22, 27.2, 0.00670115
FILLER_0_7_385, 180.22, 27.2, 0.00670115
_4018_, 180.22, 21.76, 0.00669625
_4053_, 180.22, 21.76, 0.00669625
_4082_, 180.22, 21.76, 0.00669625
_4083_, 180.22, 21.76, 0.00669625
_4688_, 180.22, 21.76, 0.00669625
hold141, 180.22, 21.76, 0.00669625
hold223, 180.22, 21.76, 0.00669625
FILLER_0_4_371, 180.22, 21.76, 0.00669625
FILLER_0_5_389, 180.22, 21.76, 0.00669625
FILLER_0_3_385, 180.22, 16.32, 0.00667452
output5, 180.22, 10.88, 0.00666571
ANTENNA_1, 180.22, 10.88, 0.00666571
FILLER_0_1_385, 180.22, 10.88, 0.00666571
FILLER_0_85_29, 20.22, 244.8, 0.00386423
output9, 20.22, 239.36, 0.00389678
_3163_, 20.22, 201.28, 0.00393554
hold1, 20.22, 201.28, 0.00393554
hold332, 20.22, 201.28, 0.00393554
FILLER_0_69_27, 20.22, 201.28, 0.00393554
FILLER_0_70_29, 20.22, 201.28, 0.00393554
FILLER_0_70_37, 20.22, 201.28, 0.00393554
FILLER_0_71_39, 20.22, 201.28, 0.00393554
_3166_, 20.22, 195.84, 0.00399004
_4429_, 20.22, 195.84, 0.00399004
hold3, 20.22, 195.84, 0.00399004
FILLER_0_67_27, 20.22, 195.84, 0.00399004
FILLER_0_68_29, 20.22, 195.84, 0.00399004
_4431_, 20.22, 190.4, 0.00411184
_4432_, 20.22, 190.4, 0.00411184
_3170_, 20.22, 184.96, 0.00403843
_4433_, 20.22, 184.96, 0.00403843
FILLER_0_65_33, 20.22, 184.96, 0.00403843
_3171_, 20.22, 179.52, 0.00430981
_3172_, 20.22, 179.52, 0.00430981
_3173_, 20.22, 179.52, 0.00430981
_3174_, 20.22, 179.52, 0.00430981
hold382, 20.22, 179.52, 0.00430981
_3158_, 20.22, 174.08, 0.00442952
_4434_, 20.22, 174.08, 0.00442952
hold487, 20.22, 174.08, 0.00442952
FILLER_0_59_27, 20.22, 174.08, 0.00442952
_3176_, 20.22, 168.64, 0.00458456
_4435_, 20.22, 168.64, 0.00458456
FILLER_0_54_41, 20.22, 157.76, 0.00495853
FILLER_0_55_39, 20.22, 157.76, 0.00495853
_4422_, 20.22, 152.32, 0.00513636
FILLER_0_53_39, 20.22, 152.32, 0.00513636
_3558_, 20.22, 146.88, 0.00529029
_3926_, 20.22, 146.88, 0.00529029
_3927_, 20.22, 146.88, 0.00529029
_4625_, 20.22, 146.88, 0.00529029
FILLER_0_50_29, 20.22, 146.88, 0.00529029
_4626_, 20.22, 141.44, 0.00542738
_4627_, 20.22, 141.44, 0.00542738
FILLER_0_48_41, 20.22, 141.44, 0.00542738
_3921_, 20.22, 136, 0.00562917
_3922_, 20.22, 136, 0.00562917
_3923_, 20.22, 136, 0.00562917
hold347, 20.22, 136, 0.00562917
FILLER_0_45_27, 20.22, 136, 0.00562917
FILLER_0_46_29, 20.22, 136, 0.00562917
FILLER_0_47_39, 20.22, 136, 0.00562917
_4622_, 20.22, 130.56, 0.00578053
_4623_, 20.22, 130.56, 0.00578053
hold355, 20.22, 130.56, 0.00578053
_3345_, 20.22, 125.12, 0.00587669
_4329_, 20.22, 125.12, 0.00587669
hold420, 20.22, 125.12, 0.00587669
FILLER_0_43_39, 20.22, 125.12, 0.00587669
_3336_, 20.22, 119.68, 0.00603061
_3340_, 20.22, 119.68, 0.00603061
_4324_, 20.22, 119.68, 0.00603061
_4328_, 20.22, 119.68, 0.00603061
FILLER_0_41_34, 20.22, 119.68, 0.00603061
_3335_, 20.22, 114.24, 0.00613063
hold404, 20.22, 114.24, 0.00613063
FILLER_0_38_29, 20.22, 114.24, 0.00613063
FILLER_0_38_37, 20.22, 114.24, 0.00613063
_3605_, 20.22, 108.8, 0.00628383
clkbuf_leaf_2_clk, 20.22, 108.8, 0.00628383
hold76, 20.22, 108.8, 0.00628383
hold83, 20.22, 108.8, 0.00628383
FILLER_0_36_29, 20.22, 108.8, 0.00628383
FILLER_0_37_40, 20.22, 108.8, 0.00628383
_4466_, 20.22, 103.36, 0.00637091
_4467_, 20.22, 103.36, 0.00637091
hold68, 20.22, 103.36, 0.00637091
_3279_, 20.22, 97.92, 0.00645711
_4462_, 20.22, 97.92, 0.00645711
_4465_, 20.22, 97.92, 0.00645711
hold66, 20.22, 97.92, 0.00645711
hold75, 20.22, 97.92, 0.00645711
FILLER_0_32_39, 20.22, 97.92, 0.00645711
_4294_, 20.22, 92.48, 0.00661715
_4463_, 20.22, 92.48, 0.00661715
FILLER_0_29_28, 20.22, 92.48, 0.00661715
FILLER_0_30_45, 20.22, 92.48, 0.00661715
FILLER_0_31_37, 20.22, 92.48, 0.00661715
_3271_, 20.22, 87.04, 0.00670333
hold74, 20.22, 87.04, 0.00670333
hold106, 20.22, 87.04, 0.00670333
_3270_, 20.22, 81.6, 0.00676803
_3273_, 20.22, 81.6, 0.00676803
_4461_, 20.22, 81.6, 0.00676803
hold59, 20.22, 81.6, 0.00676803
_2757_, 20.22, 76.16, 0.00680064
_2782_, 20.22, 76.16, 0.00680064
_3275_, 20.22, 76.16, 0.00680064
hold82, 20.22, 76.16, 0.00680064
hold96, 20.22, 76.16, 0.00680064
FILLER_0_23_28, 20.22, 76.16, 0.00680064
FILLER_0_24_24, 20.22, 76.16, 0.00680064
FILLER_0_24_39, 20.22, 76.16, 0.00680064
_3577_, 20.22, 70.72, 0.00681093
_4298_, 20.22, 70.72, 0.00681093
_4444_, 20.22, 70.72, 0.00681093
FILLER_0_21_27, 20.22, 70.72, 0.00681093
FILLER_0_22_29, 20.22, 70.72, 0.00681093
_3283_, 20.22, 65.28, 0.00688683
_3571_, 20.22, 65.28, 0.00688683
_4299_, 20.22, 65.28, 0.00688683
FILLER_0_19_27, 20.22, 65.28, 0.00688683
_3572_, 20.22, 59.84, 0.0068879
_4438_, 20.22, 59.84, 0.0068879
_4443_, 20.22, 59.84, 0.0068879
FILLER_0_17_27, 20.22, 59.84, 0.0068879
_3576_, 20.22, 54.4, 0.00684533
_4439_, 20.22, 54.4, 0.00684533
hold67, 20.22, 54.4, 0.00684533
hold80, 20.22, 54.4, 0.00684533
FILLER_0_16_29, 20.22, 54.4, 0.00684533
_3573_, 20.22, 48.96, 0.00692988
_3575_, 20.22, 48.96, 0.00692988
_4440_, 20.22, 48.96, 0.00692988
_4441_, 20.22, 48.96, 0.00692988
_4445_, 20.22, 43.52, 0.00692307
clkbuf_leaf_50_clk, 20.22, 43.52, 0.00692307
FILLER_0_11_27, 20.22, 43.52, 0.00692307
FILLER_0_12_29, 20.22, 43.52, 0.00692307
_4442_, 20.22, 38.08, 0.00689707
FILLER_0_10_41, 20.22, 38.08, 0.00689707
_4191_, 20.22, 27.2, 0.00686282
_4656_, 20.22, 27.2, 0.00686282
_4786_, 20.22, 27.2, 0.00686282
FILLER_0_5_27, 20.22, 27.2, 0.00686282
_3715_, 20.22, 21.76, 0.00687713
_3716_, 20.22, 21.76, 0.00687713
_4190_, 20.22, 21.76, 0.00687713
_4724_, 20.22, 21.76, 0.00687713
hold104, 20.22, 21.76, 0.00687713
hold107, 20.22, 21.76, 0.00687713
FILLER_0_4_40, 20.22, 21.76, 0.00687713
FILLER_0_5_38, 20.22, 21.76, 0.00687713
PHY_170, 5.52, 244.8, 0.00386423
PHY_171, 241.5, 244.8, 0.00237487
FILLER_0_85_501, 241.5, 244.8, 0.00237487
FILLER_0_85_505, 241.5, 244.8, 0.00237487
FILLER_0_85_81, 46.886, 244.8, 0.00361686
FILLER_0_85_109, 60.22, 244.8, 0.00349316
FILLER_0_85_137, 73.553, 244.8, 0.00336948
FILLER_0_85_165, 86.886, 244.8, 0.00324579
FILLER_0_85_193, 100.22, 244.8, 0.0031221
output10, 113.553, 244.8, 0.00299841
FILLER_0_85_225, 113.553, 244.8, 0.00299841
output4, 204.732, 244.8, 0.00237487
FILLER_0_85_421, 204.732, 244.8, 0.00237487
PHY_166, 5.52, 239.36, 0.00389678
PHY_168, 5.52, 239.36, 0.00389678
PHY_167, 241.5, 239.36, 0.00240057
PHY_169, 241.5, 239.36, 0.00240057
FILLER_0_83_505, 241.5, 239.36, 0.00240057
FILLER_0_84_501, 241.5, 239.36, 0.00240057
FILLER_0_83_51, 33.553, 239.36, 0.00384097
FILLER_0_84_77, 46.886, 239.36, 0.00378517
_3046_, 60.22, 239.36, 0.00372935
_3048_, 60.22, 239.36, 0.00372935
_4737_, 60.22, 239.36, 0.00372935
FILLER_0_83_105, 60.22, 239.36, 0.00372935
FILLER_0_84_109, 60.22, 239.36, 0.00372935
_3057_, 73.553, 239.36, 0.0036502
_3058_, 73.553, 239.36, 0.0036502
_3061_, 73.553, 239.36, 0.0036502
_4740_, 73.553, 239.36, 0.0036502
FILLER_0_84_137, 73.553, 239.36, 0.0036502
FILLER_0_84_141, 73.553, 239.36, 0.0036502
FILLER_0_84_156, 73.553, 239.36, 0.0036502
_3062_, 86.886, 239.36, 0.00354911
_4762_, 86.886, 239.36, 0.00354911
FILLER_0_84_191, 86.886, 239.36, 0.00354911
_3122_, 100.22, 239.36, 0.00343135
_4760_, 100.22, 239.36, 0.00343135
FILLER_0_84_197, 100.22, 239.36, 0.00343135
FILLER_0_85_209, 100.22, 239.36, 0.00343135
FILLER_0_85_219, 100.22, 239.36, 0.00343135
_4758_, 113.553, 239.36, 0.00330602
hold494, 113.553, 239.36, 0.00330602
FILLER_0_84_248, 113.553, 239.36, 0.00330602
_3068_, 126.886, 239.36, 0.00315575
_4744_, 126.886, 239.36, 0.00315575
FILLER_0_84_256, 126.886, 239.36, 0.00315575
FILLER_0_84_264, 126.886, 239.36, 0.00315575
FILLER_0_85_277, 126.886, 239.36, 0.00315575
_3072_, 140.22, 239.36, 0.00298308
_3080_, 140.22, 239.36, 0.00298308
FILLER_0_83_291, 140.22, 239.36, 0.00298308
FILLER_0_84_302, 140.22, 239.36, 0.00298308
FILLER_0_85_305, 140.22, 239.36, 0.00298308
_3088_, 153.553, 239.36, 0.00280429
_4748_, 153.553, 239.36, 0.00280429
_4750_, 153.553, 239.36, 0.00280429
FILLER_0_85_333, 153.553, 239.36, 0.00280429
FILLER_0_84_354, 166.886, 239.36, 0.00260244
FILLER_0_85_361, 166.886, 239.36, 0.00260244
FILLER_0_84_413, 192.476, 239.36, 0.00240057
FILLER_0_85_417, 192.476, 239.36, 0.00240057
FILLER_0_84_469, 216.988, 239.36, 0.00240057
FILLER_0_85_473, 216.988, 239.36, 0.00240057
PHY_162, 5.52, 233.92, 0.00393399
PHY_164, 5.52, 233.92, 0.00393399
PHY_163, 241.5, 233.92, 0.00243514
PHY_165, 241.5, 233.92, 0.00243514
FILLER_0_81_505, 241.5, 233.92, 0.00243514
FILLER_0_82_501, 241.5, 233.92, 0.00243514
FILLER_0_81_51, 33.553, 233.92, 0.00395716
_4734_, 46.886, 233.92, 0.00398034
FILLER_0_82_77, 46.886, 233.92, 0.00398034
_3047_, 60.22, 233.92, 0.00398544
_3049_, 60.22, 233.92, 0.00398544
_4738_, 60.22, 233.92, 0.00398544
hold480, 60.22, 233.92, 0.00398544
hold491, 60.22, 233.92, 0.00398544
FILLER_0_82_128, 60.22, 233.92, 0.00398544
_3052_, 73.553, 233.92, 0.00395506
_3055_, 73.553, 233.92, 0.00395506
_4739_, 73.553, 233.92, 0.00395506
_3133_, 86.886, 233.92, 0.0039037
_3135_, 86.886, 233.92, 0.0039037
_4741_, 86.886, 233.92, 0.0039037
_4761_, 86.886, 233.92, 0.0039037
_4763_, 86.886, 233.92, 0.0039037
FILLER_0_81_165, 86.886, 233.92, 0.0039037
FILLER_0_81_169, 86.886, 233.92, 0.0039037
FILLER_0_83_181, 86.886, 233.92, 0.0039037
_3123_, 100.22, 233.92, 0.00380691
_3125_, 100.22, 233.92, 0.00380691
_3129_, 100.22, 233.92, 0.00380691
_3131_, 100.22, 233.92, 0.00380691
_3134_, 100.22, 233.92, 0.00380691
_4759_, 100.22, 233.92, 0.00380691
clkbuf_leaf_14_clk, 100.22, 233.92, 0.00380691
_3063_, 113.553, 233.92, 0.00365025
_3067_, 113.553, 233.92, 0.00365025
_3116_, 113.553, 233.92, 0.00365025
_3117_, 113.553, 233.92, 0.00365025
_3121_, 113.553, 233.92, 0.00365025
_4743_, 113.553, 233.92, 0.00365025
_3065_, 126.886, 233.92, 0.0034674
_3066_, 126.886, 233.92, 0.0034674
_3069_, 126.886, 233.92, 0.0034674
_3070_, 126.886, 233.92, 0.0034674
_3071_, 126.886, 233.92, 0.0034674
_3075_, 126.886, 233.92, 0.0034674
_3079_, 140.22, 233.92, 0.0032731
_3081_, 140.22, 233.92, 0.0032731
_3086_, 140.22, 233.92, 0.0032731
_3089_, 140.22, 233.92, 0.0032731
_4746_, 140.22, 233.92, 0.0032731
_4747_, 140.22, 233.92, 0.0032731
_3092_, 153.553, 233.92, 0.00303684
_3094_, 153.553, 233.92, 0.00303684
_4749_, 153.553, 233.92, 0.00303684
clkbuf_leaf_21_clk, 153.553, 233.92, 0.00303684
_3095_, 166.886, 233.92, 0.00273725
FILLER_0_82_353, 166.886, 233.92, 0.00273725
FILLER_0_82_361, 166.886, 233.92, 0.00273725
FILLER_0_82_413, 192.476, 233.92, 0.00243514
FILLER_0_83_441, 204.732, 233.92, 0.00243514
FILLER_0_82_469, 216.988, 233.92, 0.00243514
FILLER_0_83_497, 229.244, 233.92, 0.00243514
PHY_158, 5.52, 228.48, 0.00391183
PHY_160, 5.52, 228.48, 0.00391183
PHY_159, 241.5, 228.48, 0.00238572
PHY_161, 241.5, 228.48, 0.00238572
FILLER_0_79_505, 241.5, 228.48, 0.00238572
FILLER_0_80_501, 241.5, 228.48, 0.00238572
FILLER_0_79_51, 33.553, 228.48, 0.00387388
_3037_, 46.886, 228.48, 0.00383594
_3040_, 46.886, 228.48, 0.00383594
_4735_, 46.886, 228.48, 0.00383594
FILLER_0_80_77, 46.886, 228.48, 0.00383594
FILLER_0_80_97, 46.886, 228.48, 0.00383594
FILLER_0_81_93, 46.886, 228.48, 0.00383594
_3041_, 60.22, 228.48, 0.00377447
_3042_, 60.22, 228.48, 0.00377447
_3044_, 60.22, 228.48, 0.00377447
_3050_, 60.22, 228.48, 0.00377447
_3051_, 60.22, 228.48, 0.00377447
_4736_, 60.22, 228.48, 0.00377447
FILLER_0_79_105, 60.22, 228.48, 0.00377447
FILLER_0_81_121, 60.22, 228.48, 0.00377447
_3039_, 73.553, 228.48, 0.00367878
_3045_, 73.553, 228.48, 0.00367878
_3053_, 73.553, 228.48, 0.00367878
_3054_, 73.553, 228.48, 0.00367878
_3056_, 73.553, 228.48, 0.00367878
_3059_, 73.553, 228.48, 0.00367878
_3060_, 73.553, 228.48, 0.00367878
hold413, 73.553, 228.48, 0.00367878
FILLER_0_79_134, 73.553, 228.48, 0.00367878
_2120_, 86.886, 228.48, 0.00355876
_3132_, 86.886, 228.48, 0.00355876
_3138_, 86.886, 228.48, 0.00355876
FILLER_0_79_169, 86.886, 228.48, 0.00355876
_3118_, 100.22, 228.48, 0.00342855
_3124_, 100.22, 228.48, 0.00342855
_3126_, 100.22, 228.48, 0.00342855
_3127_, 100.22, 228.48, 0.00342855
_3128_, 100.22, 228.48, 0.00342855
_3137_, 100.22, 228.48, 0.00342855
FILLER_0_79_201, 100.22, 228.48, 0.00342855
FILLER_0_80_213, 100.22, 228.48, 0.00342855
FILLER_0_81_217, 100.22, 228.48, 0.00342855
_3064_, 113.553, 228.48, 0.00328782
_3120_, 113.553, 228.48, 0.00328782
_4742_, 113.553, 228.48, 0.00328782
FILLER_0_79_221, 113.553, 228.48, 0.00328782
FILLER_0_80_240, 113.553, 228.48, 0.00328782
FILLER_0_81_235, 113.553, 228.48, 0.00328782
_3073_, 126.886, 228.48, 0.00313986
_3074_, 126.886, 228.48, 0.00313986
_3077_, 126.886, 228.48, 0.00313986
_4745_, 126.886, 228.48, 0.00313986
hold500, 126.886, 228.48, 0.00313986
FILLER_0_80_253, 126.886, 228.48, 0.00313986
FILLER_0_80_264, 126.886, 228.48, 0.00313986
_3078_, 140.22, 228.48, 0.00297012
_3083_, 140.22, 228.48, 0.00297012
_3084_, 140.22, 228.48, 0.00297012
FILLER_0_79_290, 140.22, 228.48, 0.00297012
FILLER_0_80_305, 140.22, 228.48, 0.00297012
_3082_, 153.553, 228.48, 0.00279303
_3091_, 153.553, 228.48, 0.00279303
_3097_, 153.553, 228.48, 0.00279303
_4751_, 153.553, 228.48, 0.00279303
FILLER_0_79_315, 153.553, 228.48, 0.00279303
_3100_, 166.886, 228.48, 0.00259926
_4752_, 166.886, 228.48, 0.00259926
hold452, 166.886, 228.48, 0.00259926
FILLER_0_80_360, 166.886, 228.48, 0.00259926
FILLER_0_80_365, 166.886, 228.48, 0.00259926
_3681_, 192.476, 228.48, 0.00238572
FILLER_0_80_411, 192.476, 228.48, 0.00238572
FILLER_0_81_441, 204.732, 228.48, 0.00238572
FILLER_0_80_469, 216.988, 228.48, 0.00238572
FILLER_0_81_497, 229.244, 228.48, 0.00238572
PHY_154, 5.52, 223.04, 0.00391213
PHY_156, 5.52, 223.04, 0.00391213
PHY_155, 241.5, 223.04, 0.0024085
PHY_157, 241.5, 223.04, 0.0024085
FILLER_0_77_505, 241.5, 223.04, 0.0024085
FILLER_0_77_51, 33.553, 223.04, 0.00386374
FILLER_0_78_77, 46.886, 223.04, 0.00381535
_2183_, 60.22, 223.04, 0.00376696
_2186_, 60.22, 223.04, 0.00376696
_2187_, 60.22, 223.04, 0.00376696
_2189_, 60.22, 223.04, 0.00376696
clkbuf_leaf_12_clk, 60.22, 223.04, 0.00376696
FILLER_0_77_105, 60.22, 223.04, 0.00376696
FILLER_0_78_126, 60.22, 223.04, 0.00376696
_2190_, 73.553, 223.04, 0.00367004
_2191_, 73.553, 223.04, 0.00367004
_2192_, 73.553, 223.04, 0.00367004
_2226_, 73.553, 223.04, 0.00367004
_3038_, 73.553, 223.04, 0.00367004
_3043_, 73.553, 223.04, 0.00367004
_3140_, 73.553, 223.04, 0.00367004
FILLER_0_78_153, 73.553, 223.04, 0.00367004
FILLER_0_79_158, 73.553, 223.04, 0.00367004
_3136_, 86.886, 223.04, 0.00355386
_3139_, 86.886, 223.04, 0.00355386
_4764_, 86.886, 223.04, 0.00355386
_4765_, 86.886, 223.04, 0.00355386
hold433, 86.886, 223.04, 0.00355386
FILLER_0_77_164, 86.886, 223.04, 0.00355386
_2126_, 100.22, 223.04, 0.00340371
_2138_, 100.22, 223.04, 0.00340371
_2140_, 100.22, 223.04, 0.00340371
_3130_, 100.22, 223.04, 0.00340371
FILLER_0_77_193, 100.22, 223.04, 0.00340371
FILLER_0_78_197, 100.22, 223.04, 0.00340371
_2128_, 113.553, 223.04, 0.00324565
_2132_, 113.553, 223.04, 0.00324565
_3112_, 113.553, 223.04, 0.00324565
_3115_, 113.553, 223.04, 0.00324565
_3119_, 113.553, 223.04, 0.00324565
FILLER_0_77_228, 113.553, 223.04, 0.00324565
FILLER_0_78_221, 113.553, 223.04, 0.00324565
FILLER_0_79_249, 113.553, 223.04, 0.00324565
_3076_, 126.886, 223.04, 0.00308408
fanout29, 126.886, 223.04, 0.00308408
hold499, 126.886, 223.04, 0.00308408
FILLER_0_79_265, 126.886, 223.04, 0.00308408
FILLER_0_79_274, 126.886, 223.04, 0.00308408
_2164_, 140.22, 223.04, 0.00291375
_3085_, 140.22, 223.04, 0.00291375
_3087_, 140.22, 223.04, 0.00291375
_3098_, 140.22, 223.04, 0.00291375
FILLER_0_78_297, 140.22, 223.04, 0.00291375
FILLER_0_78_305, 140.22, 223.04, 0.00291375
_2147_, 153.553, 223.04, 0.00273861
_2155_, 153.553, 223.04, 0.00273861
_3090_, 153.553, 223.04, 0.00273861
_3093_, 153.553, 223.04, 0.00273861
_3096_, 153.553, 223.04, 0.00273861
_3099_, 153.553, 223.04, 0.00273861
_3102_, 153.553, 223.04, 0.00273861
FILLER_0_78_309, 153.553, 223.04, 0.00273861
FILLER_0_78_322, 153.553, 223.04, 0.00273861
_3101_, 166.886, 223.04, 0.00255523
_3103_, 166.886, 223.04, 0.00255523
_3107_, 166.886, 223.04, 0.00255523
_4753_, 166.886, 223.04, 0.00255523
hold451, 166.886, 223.04, 0.00255523
_3860_, 192.476, 223.04, 0.00237712
FILLER_0_78_416, 192.476, 223.04, 0.00237712
FILLER_0_78_445, 204.732, 223.04, 0.00239257
FILLER_0_79_441, 204.732, 223.04, 0.00239257
_3633_, 216.988, 223.04, 0.00240802
_3634_, 216.988, 223.04, 0.00240802
_3866_, 216.988, 223.04, 0.00240802
_3936_, 216.988, 223.04, 0.00240802
_3937_, 216.988, 223.04, 0.00240802
_4482_, 216.988, 223.04, 0.00240802
_4630_, 216.988, 223.04, 0.00240802
hold127, 216.988, 223.04, 0.00240802
FILLER_0_77_452, 216.988, 223.04, 0.00240802
FILLER_0_78_453, 216.988, 223.04, 0.00240802
hold119, 229.244, 223.04, 0.0024085
PHY_150, 5.52, 217.6, 0.0039063
PHY_152, 5.52, 217.6, 0.0039063
PHY_151, 241.5, 217.6, 0.00252727
PHY_153, 241.5, 217.6, 0.00252727
FILLER_0_75_505, 241.5, 217.6, 0.00252727
FILLER_0_76_501, 241.5, 217.6, 0.00252727
FILLER_0_75_51, 33.553, 217.6, 0.00383025
FILLER_0_76_77, 46.886, 217.6, 0.0037542
_2185_, 60.22, 217.6, 0.00367814
_2188_, 60.22, 217.6, 0.00367814
_4766_, 60.22, 217.6, 0.00367814
FILLER_0_75_105, 60.22, 217.6, 0.00367814
FILLER_0_75_113, 60.22, 217.6, 0.00367814
FILLER_0_76_109, 60.22, 217.6, 0.00367814
_2177_, 73.553, 217.6, 0.00359223
_2193_, 73.553, 217.6, 0.00359223
_2194_, 73.553, 217.6, 0.00359223
_3424_, 73.553, 217.6, 0.00359223
FILLER_0_76_153, 73.553, 217.6, 0.00359223
FILLER_0_76_160, 73.553, 217.6, 0.00359223
_2118_, 86.886, 217.6, 0.00350391
_2119_, 86.886, 217.6, 0.00350391
_2122_, 86.886, 217.6, 0.00350391
_2176_, 86.886, 217.6, 0.00350391
fanout25, 86.886, 217.6, 0.00350391
hold442, 86.886, 217.6, 0.00350391
_2124_, 100.22, 217.6, 0.00340648
_2127_, 100.22, 217.6, 0.00340648
_2131_, 100.22, 217.6, 0.00340648
_2133_, 100.22, 217.6, 0.00340648
_2134_, 100.22, 217.6, 0.00340648
_2139_, 100.22, 217.6, 0.00340648
_2221_, 100.22, 217.6, 0.00340648
_2225_, 100.22, 217.6, 0.00340648
FILLER_0_75_192, 100.22, 217.6, 0.00340648
_2135_, 113.553, 217.6, 0.00329147
_2136_, 113.553, 217.6, 0.00329147
_2222_, 113.553, 217.6, 0.00329147
_2224_, 113.553, 217.6, 0.00329147
_3111_, 113.553, 217.6, 0.00329147
_3114_, 113.553, 217.6, 0.00329147
_4756_, 113.553, 217.6, 0.00329147
hold436, 113.553, 217.6, 0.00329147
FILLER_0_75_225, 113.553, 217.6, 0.00329147
_2163_, 126.886, 217.6, 0.00313939
_2213_, 126.886, 217.6, 0.00313939
_3113_, 126.886, 217.6, 0.00313939
hold435, 126.886, 217.6, 0.00313939
FILLER_0_76_265, 126.886, 217.6, 0.00313939
_2165_, 140.22, 217.6, 0.00297444
_2167_, 140.22, 217.6, 0.00297444
_2173_, 140.22, 217.6, 0.00297444
_2195_, 140.22, 217.6, 0.00297444
_2197_, 140.22, 217.6, 0.00297444
FILLER_0_76_295, 140.22, 217.6, 0.00297444
FILLER_0_76_304, 140.22, 217.6, 0.00297444
_2146_, 153.553, 217.6, 0.00279331
_2154_, 153.553, 217.6, 0.00279331
_2156_, 153.553, 217.6, 0.00279331
_2215_, 153.553, 217.6, 0.00279331
FILLER_0_75_318, 153.553, 217.6, 0.00279331
FILLER_0_76_321, 153.553, 217.6, 0.00279331
FILLER_0_76_329, 153.553, 217.6, 0.00279331
FILLER_0_77_325, 153.553, 217.6, 0.00279331
FILLER_0_77_333, 153.553, 217.6, 0.00279331
_2205_, 166.886, 217.6, 0.00260526
_2206_, 166.886, 217.6, 0.00260526
_2219_, 166.886, 217.6, 0.00260526
_3104_, 166.886, 217.6, 0.00260526
_3105_, 166.886, 217.6, 0.00260526
_3108_, 166.886, 217.6, 0.00260526
_3110_, 166.886, 217.6, 0.00260526
_4754_, 166.886, 217.6, 0.00260526
hold530, 166.886, 217.6, 0.00260526
_3861_, 192.476, 217.6, 0.0024485
_4208_, 192.476, 217.6, 0.0024485
_4592_, 192.476, 217.6, 0.0024485
hold134, 192.476, 217.6, 0.0024485
FILLER_0_76_410, 192.476, 217.6, 0.0024485
_3867_, 204.732, 217.6, 0.00251225
_4687_, 204.732, 217.6, 0.00251225
clkbuf_leaf_23_clk, 204.732, 217.6, 0.00251225
FILLER_0_76_421, 204.732, 217.6, 0.00251225
FILLER_0_76_429, 204.732, 217.6, 0.00251225
FILLER_0_77_439, 204.732, 217.6, 0.00251225
_4588_, 216.988, 217.6, 0.00252678
_4595_, 216.988, 217.6, 0.00252678
hold218, 216.988, 217.6, 0.00252678
FILLER_0_75_449, 216.988, 217.6, 0.00252678
FILLER_0_76_468, 216.988, 217.6, 0.00252678
hold109, 229.244, 217.6, 0.00252727
PHY_146, 5.52, 212.16, 0.00392279
PHY_148, 5.52, 212.16, 0.00392279
PHY_147, 241.5, 212.16, 0.00235679
PHY_149, 241.5, 212.16, 0.00235679
output7, 241.5, 212.16, 0.00235679
FILLER_0_73_505, 241.5, 212.16, 0.00235679
FILLER_0_74_501, 241.5, 212.16, 0.00235679
FILLER_0_73_51, 33.553, 212.16, 0.00386726
_4366_, 46.886, 212.16, 0.00381172
FILLER_0_74_77, 46.886, 212.16, 0.00381172
_2180_, 60.22, 212.16, 0.00374903
_2181_, 60.22, 212.16, 0.00374903
_3412_, 60.22, 212.16, 0.00374903
_4367_, 60.22, 212.16, 0.00374903
hold186, 60.22, 212.16, 0.00374903
hold216, 60.22, 212.16, 0.00374903
_2179_, 73.553, 212.16, 0.00367865
_4370_, 73.553, 212.16, 0.00367865
_4371_, 73.553, 212.16, 0.00367865
hold312, 73.553, 212.16, 0.00367865
hold434, 73.553, 212.16, 0.00367865
FILLER_0_75_156, 73.553, 212.16, 0.00367865
_2121_, 86.886, 212.16, 0.0035936
_2178_, 86.886, 212.16, 0.0035936
clkbuf_leaf_13_clk, 86.886, 212.16, 0.0035936
hold462, 86.886, 212.16, 0.0035936
hold515, 86.886, 212.16, 0.0035936
FILLER_0_74_183, 86.886, 212.16, 0.0035936
FILLER_0_75_177, 86.886, 212.16, 0.0035936
FILLER_0_75_185, 86.886, 212.16, 0.0035936
_2116_, 100.22, 212.16, 0.00345527
_2123_, 100.22, 212.16, 0.00345527
_2129_, 100.22, 212.16, 0.00345527
_2137_, 100.22, 212.16, 0.00345527
_2223_, 100.22, 212.16, 0.00345527
_3494_, 100.22, 212.16, 0.00345527
fanout26, 100.22, 212.16, 0.00345527
FILLER_0_74_200, 100.22, 212.16, 0.00345527
FILLER_0_74_216, 100.22, 212.16, 0.00345527
_2130_, 113.553, 212.16, 0.00331235
_2143_, 113.553, 212.16, 0.00331235
_2151_, 113.553, 212.16, 0.00331235
_4757_, 113.553, 212.16, 0.00331235
FILLER_0_74_237, 113.553, 212.16, 0.00331235
_2152_, 126.886, 212.16, 0.00314808
_2170_, 126.886, 212.16, 0.00314808
_2198_, 126.886, 212.16, 0.00314808
_2199_, 126.886, 212.16, 0.00314808
_2220_, 126.886, 212.16, 0.00314808
FILLER_0_74_253, 126.886, 212.16, 0.00314808
FILLER_0_74_264, 126.886, 212.16, 0.00314808
_2159_, 140.22, 212.16, 0.00296483
_2160_, 140.22, 212.16, 0.00296483
_2171_, 140.22, 212.16, 0.00296483
_2172_, 140.22, 212.16, 0.00296483
_2174_, 140.22, 212.16, 0.00296483
_2200_, 140.22, 212.16, 0.00296483
_2201_, 140.22, 212.16, 0.00296483
_2212_, 140.22, 212.16, 0.00296483
FILLER_0_74_303, 140.22, 212.16, 0.00296483
_2148_, 153.553, 212.16, 0.00276695
_2202_, 153.553, 212.16, 0.00276695
_2203_, 153.553, 212.16, 0.00276695
_2204_, 153.553, 212.16, 0.00276695
_2210_, 153.553, 212.16, 0.00276695
FILLER_0_73_321, 153.553, 212.16, 0.00276695
FILLER_0_74_321, 153.553, 212.16, 0.00276695
_2149_, 166.886, 212.16, 0.00255408
_2150_, 166.886, 212.16, 0.00255408
_2209_, 166.886, 212.16, 0.00255408
_2216_, 166.886, 212.16, 0.00255408
_2217_, 166.886, 212.16, 0.00255408
_2218_, 166.886, 212.16, 0.00255408
_3109_, 166.886, 212.16, 0.00255408
_4755_, 166.886, 212.16, 0.00255408
_4075_, 192.476, 212.16, 0.00233556
_4699_, 192.476, 212.16, 0.00233556
hold115, 192.476, 212.16, 0.00233556
FILLER_0_73_403, 192.476, 212.16, 0.00233556
FILLER_0_75_419, 192.476, 212.16, 0.00233556
_4050_, 204.732, 212.16, 0.00234522
_4051_, 204.732, 212.16, 0.00234522
hold120, 204.732, 212.16, 0.00234522
FILLER_0_74_421, 204.732, 212.16, 0.00234522
FILLER_0_74_431, 204.732, 212.16, 0.00234522
_3852_, 216.988, 212.16, 0.00235402
_3853_, 216.988, 212.16, 0.00235402
_3949_, 216.988, 212.16, 0.00235402
_4636_, 216.988, 212.16, 0.00235402
FILLER_0_73_449, 216.988, 212.16, 0.00235402
FILLER_0_74_453, 216.988, 212.16, 0.00235402
FILLER_0_74_471, 216.988, 212.16, 0.00235402
_3835_, 229.244, 212.16, 0.00235551
FILLER_0_75_495, 229.244, 212.16, 0.00235551
PHY_142, 5.52, 206.72, 0.00392885
PHY_144, 5.52, 206.72, 0.00392885
PHY_143, 241.5, 206.72, 0.00232359
PHY_145, 241.5, 206.72, 0.00232359
FILLER_0_71_505, 241.5, 206.72, 0.00232359
FILLER_0_72_500, 241.5, 206.72, 0.00232359
_3410_, 46.886, 206.72, 0.00380325
_4364_, 46.886, 206.72, 0.00380325
FILLER_0_72_77, 46.886, 206.72, 0.00380325
FILLER_0_72_85, 46.886, 206.72, 0.00380325
FILLER_0_73_93, 46.886, 206.72, 0.00380325
FILLER_0_73_101, 46.886, 206.72, 0.00380325
_2184_, 60.22, 206.72, 0.00373328
_3404_, 60.22, 206.72, 0.00373328
_3417_, 60.22, 206.72, 0.00373328
_4365_, 60.22, 206.72, 0.00373328
_4368_, 60.22, 206.72, 0.00373328
_3421_, 73.553, 206.72, 0.00364891
_3426_, 73.553, 206.72, 0.00364891
_4369_, 73.553, 206.72, 0.00364891
FILLER_0_72_161, 73.553, 206.72, 0.00364891
_2117_, 86.886, 206.72, 0.00355733
_2175_, 86.886, 206.72, 0.00355733
_3503_, 86.886, 206.72, 0.00355733
_3504_, 86.886, 206.72, 0.00355733
_3505_, 86.886, 206.72, 0.00355733
_4392_, 86.886, 206.72, 0.00355733
_4394_, 86.886, 206.72, 0.00355733
_4395_, 86.886, 206.72, 0.00355733
_3497_, 100.22, 206.72, 0.00344096
_4390_, 100.22, 206.72, 0.00344096
_4391_, 100.22, 206.72, 0.00344096
fanout24, 100.22, 206.72, 0.00344096
hold517, 100.22, 206.72, 0.00344096
FILLER_0_73_215, 100.22, 206.72, 0.00344096
_2142_, 113.553, 206.72, 0.00330566
_3485_, 113.553, 206.72, 0.00330566
_3487_, 113.553, 206.72, 0.00330566
_4387_, 113.553, 206.72, 0.00330566
clkbuf_leaf_15_clk, 113.553, 206.72, 0.00330566
FILLER_0_72_227, 113.553, 206.72, 0.00330566
FILLER_0_72_242, 113.553, 206.72, 0.00330566
_2141_, 126.886, 206.72, 0.00311328
_2196_, 126.886, 206.72, 0.00311328
hold514, 126.886, 206.72, 0.00311328
hold519, 126.886, 206.72, 0.00311328
FILLER_0_73_267, 126.886, 206.72, 0.00311328
_2153_, 140.22, 206.72, 0.00291739
_2157_, 140.22, 206.72, 0.00291739
_4378_, 140.22, 206.72, 0.00291739
FILLER_0_71_281, 140.22, 206.72, 0.00291739
FILLER_0_72_297, 140.22, 206.72, 0.00291739
FILLER_0_72_305, 140.22, 206.72, 0.00291739
_2211_, 153.553, 206.72, 0.002713
_3481_, 153.553, 206.72, 0.002713
FILLER_0_72_321, 153.553, 206.72, 0.002713
FILLER_0_72_329, 153.553, 206.72, 0.002713
_2208_, 166.886, 206.72, 0.00250346
_3479_, 166.886, 206.72, 0.00250346
hold529, 166.886, 206.72, 0.00250346
FILLER_0_72_355, 166.886, 206.72, 0.00250346
_3868_, 192.476, 206.72, 0.00230358
_3954_, 192.476, 206.72, 0.00230358
_3955_, 192.476, 206.72, 0.00230358
_4074_, 192.476, 206.72, 0.00230358
_4197_, 192.476, 206.72, 0.00230358
hold123, 192.476, 206.72, 0.00230358
hold128, 192.476, 206.72, 0.00230358
FILLER_0_72_409, 192.476, 206.72, 0.00230358
FILLER_0_72_417, 192.476, 206.72, 0.00230358
_3685_, 204.732, 206.72, 0.00231346
_3991_, 204.732, 206.72, 0.00231346
hold167, 204.732, 206.72, 0.00231346
FILLER_0_72_421, 204.732, 206.72, 0.00231346
FILLER_0_73_437, 204.732, 206.72, 0.00231346
FILLER_0_73_445, 204.732, 206.72, 0.00231346
_4059_, 216.988, 206.72, 0.00232247
_4691_, 216.988, 206.72, 0.00232247
hold165, 216.988, 206.72, 0.00232247
hold208, 216.988, 206.72, 0.00232247
FILLER_0_71_449, 216.988, 206.72, 0.00232247
_3834_, 229.244, 206.72, 0.00232359
_3948_, 229.244, 206.72, 0.00232359
_4058_, 229.244, 206.72, 0.00232359
hold113, 229.244, 206.72, 0.00232359
FILLER_0_73_494, 229.244, 206.72, 0.00232359
PHY_138, 5.52, 201.28, 0.00393554
PHY_140, 5.52, 201.28, 0.00393554
PHY_139, 241.5, 201.28, 0.00231863
PHY_141, 241.5, 201.28, 0.00231863
FILLER_0_69_505, 241.5, 201.28, 0.00231863
FILLER_0_70_501, 241.5, 201.28, 0.00231863
_3164_, 33.553, 201.28, 0.00386159
_4430_, 33.553, 201.28, 0.00386159
hold2, 33.553, 201.28, 0.00386159
FILLER_0_70_77, 46.886, 201.28, 0.00377632
FILLER_0_70_97, 46.886, 201.28, 0.00377632
_2182_, 60.22, 201.28, 0.00369105
_3408_, 60.22, 201.28, 0.00369105
hold426, 60.22, 201.28, 0.00369105
hold456, 60.22, 201.28, 0.00369105
FILLER_0_70_105, 60.22, 201.28, 0.00369105
_4136_, 73.553, 201.28, 0.00360533
FILLER_0_69_138, 73.553, 201.28, 0.00360533
FILLER_0_70_135, 73.553, 201.28, 0.00360533
FILLER_0_71_162, 73.553, 201.28, 0.00360533
_3396_, 86.886, 201.28, 0.00351924
_3498_, 86.886, 201.28, 0.00351924
_3502_, 86.886, 201.28, 0.00351924
_4143_, 86.886, 201.28, 0.00351924
hold443, 86.886, 201.28, 0.00351924
FILLER_0_70_177, 86.886, 201.28, 0.00351924
_3495_, 100.22, 201.28, 0.00343067
_3496_, 100.22, 201.28, 0.00343067
_3500_, 100.22, 201.28, 0.00343067
clkbuf_leaf_16_clk, 100.22, 201.28, 0.00343067
FILLER_0_69_192, 100.22, 201.28, 0.00343067
_3484_, 113.553, 201.28, 0.00329807
_3486_, 113.553, 201.28, 0.00329807
_3488_, 113.553, 201.28, 0.00329807
_3489_, 113.553, 201.28, 0.00329807
_4386_, 113.553, 201.28, 0.00329807
_4388_, 113.553, 201.28, 0.00329807
_3473_, 126.886, 201.28, 0.00314844
_3483_, 126.886, 201.28, 0.00314844
_4377_, 126.886, 201.28, 0.00314844
fanout28, 126.886, 201.28, 0.00314844
FILLER_0_69_255, 126.886, 201.28, 0.00314844
FILLER_0_69_263, 126.886, 201.28, 0.00314844
FILLER_0_70_267, 126.886, 201.28, 0.00314844
FILLER_0_71_273, 126.886, 201.28, 0.00314844
_3456_, 140.22, 201.28, 0.00297551
_3458_, 140.22, 201.28, 0.00297551
_3461_, 140.22, 201.28, 0.00297551
_4379_, 140.22, 201.28, 0.00297551
clkbuf_leaf_20_clk, 140.22, 201.28, 0.00297551
_2158_, 153.553, 201.28, 0.00274973
_3464_, 153.553, 201.28, 0.00274973
_3465_, 153.553, 201.28, 0.00274973
_4380_, 153.553, 201.28, 0.00274973
_4384_, 153.553, 201.28, 0.00274973
hold508, 153.553, 201.28, 0.00274973
_2145_, 166.886, 201.28, 0.00250603
_2207_, 166.886, 201.28, 0.00250603
_2214_, 166.886, 201.28, 0.00250603
_4385_, 166.886, 201.28, 0.00250603
fanout30, 166.886, 201.28, 0.00250603
FILLER_0_70_359, 166.886, 201.28, 0.00250603
FILLER_0_70_365, 166.886, 201.28, 0.00250603
FILLER_0_71_362, 166.886, 201.28, 0.00250603
_4508_, 192.476, 201.28, 0.00228757
_4639_, 192.476, 201.28, 0.00228757
FILLER_0_70_413, 192.476, 201.28, 0.00228757
_3686_, 204.732, 201.28, 0.00231024
_3941_, 204.732, 201.28, 0.00231024
_3990_, 204.732, 201.28, 0.00231024
_4182_, 204.732, 201.28, 0.00231024
_4632_, 204.732, 201.28, 0.00231024
_4657_, 204.732, 201.28, 0.00231024
hold244, 204.732, 201.28, 0.00231024
FILLER_0_69_424, 204.732, 201.28, 0.00231024
FILLER_0_71_436, 204.732, 201.28, 0.00231024
_3940_, 216.988, 201.28, 0.00231816
_4579_, 216.988, 201.28, 0.00231816
hold233, 216.988, 201.28, 0.00231816
FILLER_0_70_470, 216.988, 201.28, 0.00231816
hold164, 229.244, 201.28, 0.00231863
FILLER_0_71_494, 229.244, 201.28, 0.00231863
PHY_134, 5.52, 195.84, 0.00399004
PHY_136, 5.52, 195.84, 0.00399004
PHY_135, 241.5, 195.84, 0.00227709
PHY_137, 241.5, 195.84, 0.00227709
FILLER_0_67_505, 241.5, 195.84, 0.00227709
FILLER_0_68_500, 241.5, 195.84, 0.00227709
_3150_, 33.553, 195.84, 0.00400349
_3167_, 33.553, 195.84, 0.00400349
_3168_, 33.553, 195.84, 0.00400349
_3169_, 33.553, 195.84, 0.00400349
_4219_, 33.553, 195.84, 0.00400349
_4799_, 33.553, 195.84, 0.00400349
hold468, 33.553, 195.84, 0.00400349
FILLER_0_69_64, 33.553, 195.84, 0.00400349
_4217_, 46.886, 195.84, 0.00399822
_4800_, 46.886, 195.84, 0.00399822
clkbuf_leaf_10_clk, 46.886, 195.84, 0.00399822
hold440, 46.886, 195.84, 0.00399822
_3407_, 60.22, 195.84, 0.00393711
_3409_, 60.22, 195.84, 0.00393711
_4134_, 60.22, 195.84, 0.00393711
_4149_, 60.22, 195.84, 0.00393711
hold429, 60.22, 195.84, 0.00393711
hold464, 60.22, 195.84, 0.00393711
FILLER_0_67_113, 60.22, 195.84, 0.00393711
FILLER_0_68_113, 60.22, 195.84, 0.00393711
_4727_, 73.553, 195.84, 0.00386843
hold493, 73.553, 195.84, 0.00386843
FILLER_0_68_136, 73.553, 195.84, 0.00386843
FILLER_0_68_141, 73.553, 195.84, 0.00386843
FILLER_0_69_148, 73.553, 195.84, 0.00386843
FILLER_0_69_161, 73.553, 195.84, 0.00386843
_4730_, 86.886, 195.84, 0.00379094
_4733_, 86.886, 195.84, 0.00379094
hold474, 86.886, 195.84, 0.00379094
FILLER_0_68_187, 86.886, 195.84, 0.00379094
_3476_, 100.22, 195.84, 0.00369653
_3491_, 100.22, 195.84, 0.00369653
_3493_, 100.22, 195.84, 0.00369653
_3499_, 100.22, 195.84, 0.00369653
_3501_, 100.22, 195.84, 0.00369653
_4389_, 100.22, 195.84, 0.00369653
_4393_, 100.22, 195.84, 0.00369653
_2955_, 113.553, 195.84, 0.00358408
_3395_, 113.553, 195.84, 0.00358408
_3428_, 113.553, 195.84, 0.00358408
_3463_, 113.553, 195.84, 0.00358408
hold507, 113.553, 195.84, 0.00358408
FILLER_0_68_236, 113.553, 195.84, 0.00358408
FILLER_0_68_245, 113.553, 195.84, 0.00358408
_2168_, 126.886, 195.84, 0.00333954
_3438_, 126.886, 195.84, 0.00333954
_3457_, 126.886, 195.84, 0.00333954
_4373_, 126.886, 195.84, 0.00333954
_4376_, 126.886, 195.84, 0.00333954
hold511, 126.886, 195.84, 0.00333954
FILLER_0_69_270, 126.886, 195.84, 0.00333954
_3440_, 140.22, 195.84, 0.00306823
_3451_, 140.22, 195.84, 0.00306823
_3460_, 140.22, 195.84, 0.00306823
hold510, 140.22, 195.84, 0.00306823
hold520, 140.22, 195.84, 0.00306823
_2161_, 153.553, 195.84, 0.00279212
_3446_, 153.553, 195.84, 0.00279212
_3459_, 153.553, 195.84, 0.00279212
_3468_, 153.553, 195.84, 0.00279212
_3474_, 153.553, 195.84, 0.00279212
_3477_, 153.553, 195.84, 0.00279212
_3478_, 153.553, 195.84, 0.00279212
_3480_, 153.553, 195.84, 0.00279212
_3482_, 153.553, 195.84, 0.00279212
FILLER_0_68_313, 153.553, 195.84, 0.00279212
_2144_, 166.886, 195.84, 0.00251147
_3466_, 166.886, 195.84, 0.00251147
_4383_, 166.886, 195.84, 0.00251147
_4470_, 166.886, 195.84, 0.00251147
FILLER_0_68_357, 166.886, 195.84, 0.00251147
FILLER_0_68_365, 166.886, 195.84, 0.00251147
FILLER_0_69_357, 166.886, 195.84, 0.00251147
_4183_, 192.476, 195.84, 0.00223892
_4196_, 192.476, 195.84, 0.00223892
hold272, 192.476, 195.84, 0.00223892
hold282, 192.476, 195.84, 0.00223892
FILLER_0_67_405, 192.476, 195.84, 0.00223892
_3676_, 204.732, 195.84, 0.00226136
_4792_, 204.732, 195.84, 0.00226136
hold146, 204.732, 195.84, 0.00226136
FILLER_0_67_430, 204.732, 195.84, 0.00226136
FILLER_0_69_445, 204.732, 195.84, 0.00226136
_3670_, 216.988, 195.84, 0.0022764
_4202_, 216.988, 195.84, 0.0022764
_4491_, 216.988, 195.84, 0.0022764
_4500_, 216.988, 195.84, 0.0022764
hold205, 216.988, 195.84, 0.0022764
FILLER_0_67_449, 216.988, 195.84, 0.0022764
_3669_, 229.244, 195.84, 0.00227709
hold254, 229.244, 195.84, 0.00227709
PHY_130, 5.52, 190.4, 0.00411184
PHY_132, 5.52, 190.4, 0.00411184
_4100_, 241.5, 190.4, 0.00247318
PHY_131, 241.5, 190.4, 0.00247318
PHY_133, 241.5, 190.4, 0.00247318
FILLER_0_65_505, 241.5, 190.4, 0.00247318
FILLER_0_66_505, 241.5, 190.4, 0.00247318
_3147_, 33.553, 190.4, 0.00437293
_3149_, 33.553, 190.4, 0.00437293
_3151_, 33.553, 190.4, 0.00437293
_3152_, 33.553, 190.4, 0.00437293
_3165_, 33.553, 190.4, 0.00437293
_4221_, 33.553, 190.4, 0.00437293
FILLER_0_65_53, 33.553, 190.4, 0.00437293
FILLER_0_66_70, 33.553, 190.4, 0.00437293
_3145_, 46.886, 190.4, 0.00463196
_3146_, 46.886, 190.4, 0.00463196
_3148_, 46.886, 190.4, 0.00463196
_3403_, 46.886, 190.4, 0.00463196
_4802_, 46.886, 190.4, 0.00463196
FILLER_0_66_77, 46.886, 190.4, 0.00463196
_3144_, 60.22, 190.4, 0.00488303
_3411_, 60.22, 190.4, 0.00488303
_4218_, 60.22, 190.4, 0.00488303
_4220_, 60.22, 190.4, 0.00488303
_4222_, 60.22, 190.4, 0.00488303
_4732_, 60.22, 190.4, 0.00488303
_3399_, 73.553, 190.4, 0.00512337
_3423_, 73.553, 190.4, 0.00512337
_4135_, 73.553, 190.4, 0.00512337
_4142_, 73.553, 190.4, 0.00512337
_4147_, 73.553, 190.4, 0.00512337
_4151_, 73.553, 190.4, 0.00512337
FILLER_0_66_137, 73.553, 190.4, 0.00512337
FILLER_0_66_153, 73.553, 190.4, 0.00512337
_3429_, 86.886, 190.4, 0.00524574
_4130_, 86.886, 190.4, 0.00524574
_4150_, 86.886, 190.4, 0.00524574
FILLER_0_66_188, 86.886, 190.4, 0.00524574
FILLER_0_67_190, 86.886, 190.4, 0.00524574
_2125_, 100.22, 190.4, 0.00522386
_3023_, 100.22, 190.4, 0.00522386
_3024_, 100.22, 190.4, 0.00522386
_3492_, 100.22, 190.4, 0.00522386
_3022_, 113.553, 190.4, 0.00519693
_3439_, 113.553, 190.4, 0.00519693
_3444_, 113.553, 190.4, 0.00519693
_3454_, 113.553, 190.4, 0.00519693
_3455_, 113.553, 190.4, 0.00519693
_3471_, 113.553, 190.4, 0.00519693
_4428_, 113.553, 190.4, 0.00519693
FILLER_0_65_225, 113.553, 190.4, 0.00519693
FILLER_0_66_223, 113.553, 190.4, 0.00519693
FILLER_0_66_238, 113.553, 190.4, 0.00519693
_2166_, 126.886, 190.4, 0.00463938
_2169_, 126.886, 190.4, 0.00463938
_3441_, 126.886, 190.4, 0.00463938
_3443_, 126.886, 190.4, 0.00463938
_3452_, 126.886, 190.4, 0.00463938
_4372_, 126.886, 190.4, 0.00463938
_2162_, 140.22, 190.4, 0.00407171
_3445_, 140.22, 190.4, 0.00407171
_3448_, 140.22, 190.4, 0.00407171
_3449_, 140.22, 190.4, 0.00407171
_4375_, 140.22, 190.4, 0.00407171
FILLER_0_65_281, 140.22, 190.4, 0.00407171
FILLER_0_65_290, 140.22, 190.4, 0.00407171
_3467_, 153.553, 190.4, 0.00349361
_3475_, 153.553, 190.4, 0.00349361
_4382_, 153.553, 190.4, 0.00349361
hold513, 153.553, 190.4, 0.00349361
hold516, 153.553, 190.4, 0.00349361
_3616_, 166.886, 190.4, 0.00290505
_3694_, 166.886, 190.4, 0.00290505
_4512_, 166.886, 190.4, 0.00290505
fanout27, 166.886, 190.4, 0.00290505
fanout32, 166.886, 190.4, 0.00290505
fanout33, 166.886, 190.4, 0.00290505
FILLER_0_65_337, 166.886, 190.4, 0.00290505
FILLER_0_66_356, 166.886, 190.4, 0.00290505
FILLER_0_67_357, 166.886, 190.4, 0.00290505
_3635_, 192.476, 190.4, 0.00238719
_3636_, 192.476, 190.4, 0.00238719
_4483_, 192.476, 190.4, 0.00238719
_4782_, 192.476, 190.4, 0.00238719
_4203_, 204.732, 190.4, 0.00245712
_4503_, 204.732, 190.4, 0.00245712
clkbuf_leaf_24_clk, 204.732, 190.4, 0.00245712
hold206, 204.732, 190.4, 0.00245712
FILLER_0_67_440, 204.732, 190.4, 0.00245712
_3651_, 216.988, 190.4, 0.00246535
_3652_, 216.988, 190.4, 0.00246535
_3675_, 216.988, 190.4, 0.00246535
FILLER_0_66_450, 216.988, 190.4, 0.00246535
FILLER_0_66_458, 216.988, 190.4, 0.00246535
_4101_, 229.244, 190.4, 0.00247295
_4712_, 229.244, 190.4, 0.00247295
hold219, 229.244, 190.4, 0.00247295
FILLER_0_65_476, 229.244, 190.4, 0.00247295
FILLER_0_67_498, 229.244, 190.4, 0.00247295
PHY_126, 5.52, 184.96, 0.00404697
PHY_128, 5.52, 184.96, 0.00404697
output2, 5.52, 184.96, 0.00404697
PHY_127, 241.5, 184.96, 0.00216349
PHY_129, 241.5, 184.96, 0.00216349
FILLER_0_63_505, 241.5, 184.96, 0.00216349
FILLER_0_64_501, 241.5, 184.96, 0.00216349
_4437_, 12.87, 184.96, 0.00404495
_3153_, 33.553, 184.96, 0.00406496
_3154_, 33.553, 184.96, 0.00406496
_3162_, 33.553, 184.96, 0.00406496
_4801_, 33.553, 184.96, 0.00406496
FILLER_0_63_51, 33.553, 184.96, 0.00406496
FILLER_0_65_69, 33.553, 184.96, 0.00406496
_4223_, 46.886, 184.96, 0.00408329
_4225_, 46.886, 184.96, 0.00408329
_4227_, 46.886, 184.96, 0.00408329
hold438, 46.886, 184.96, 0.00408329
hold460, 46.886, 184.96, 0.00408329
FILLER_0_64_79, 46.886, 184.96, 0.00408329
FILLER_0_64_85, 46.886, 184.96, 0.00408329
_3416_, 60.22, 184.96, 0.00410122
_3420_, 60.22, 184.96, 0.00410122
_4132_, 60.22, 184.96, 0.00410122
_4148_, 60.22, 184.96, 0.00410122
_4216_, 60.22, 184.96, 0.00410122
_4224_, 60.22, 184.96, 0.00410122
fanout22, 60.22, 184.96, 0.00410122
_2678_, 73.553, 184.96, 0.004111
_3406_, 73.553, 184.96, 0.004111
_3414_, 73.553, 184.96, 0.004111
_3425_, 73.553, 184.96, 0.004111
FILLER_0_64_141, 73.553, 184.96, 0.004111
FILLER_0_64_157, 73.553, 184.96, 0.004111
FILLER_0_65_160, 73.553, 184.96, 0.004111
_3402_, 86.886, 184.96, 0.00399746
_3490_, 86.886, 184.96, 0.00399746
wire11, 86.886, 184.96, 0.00399746
FILLER_0_63_169, 86.886, 184.96, 0.00399746
FILLER_0_64_167, 86.886, 184.96, 0.00399746
FILLER_0_64_190, 86.886, 184.96, 0.00399746
_2857_, 100.22, 184.96, 0.00388358
_2858_, 100.22, 184.96, 0.00388358
_2873_, 100.22, 184.96, 0.00388358
_3021_, 100.22, 184.96, 0.00388358
_3401_, 100.22, 184.96, 0.00388358
wire13, 100.22, 184.96, 0.00388358
FILLER_0_63_202, 100.22, 184.96, 0.00388358
FILLER_0_64_197, 100.22, 184.96, 0.00388358
FILLER_0_64_210, 100.22, 184.96, 0.00388358
_2949_, 113.553, 184.96, 0.00363819
_3020_, 113.553, 184.96, 0.00363819
_3430_, 113.553, 184.96, 0.00363819
FILLER_0_64_224, 113.553, 184.96, 0.00363819
FILLER_0_64_249, 113.553, 184.96, 0.00363819
FILLER_0_65_270, 126.886, 184.96, 0.0033609
_2915_, 140.22, 184.96, 0.0030836
_3472_, 140.22, 184.96, 0.0030836
_4374_, 140.22, 184.96, 0.0030836
_4381_, 153.553, 184.96, 0.00279346
_4635_, 166.886, 184.96, 0.0024955
clkbuf_leaf_19_clk, 166.886, 184.96, 0.0024955
hold308, 166.886, 184.96, 0.0024955
FILLER_0_63_337, 166.886, 184.96, 0.0024955
FILLER_0_65_360, 166.886, 184.96, 0.0024955
_3944_, 192.476, 184.96, 0.00215248
_3945_, 192.476, 184.96, 0.00215248
_4634_, 192.476, 184.96, 0.00215248
hold148, 192.476, 184.96, 0.00215248
FILLER_0_64_416, 192.476, 184.96, 0.00215248
_4641_, 204.732, 184.96, 0.00216149
hold151, 204.732, 184.96, 0.00216149
hold209, 204.732, 184.96, 0.00216149
_3942_, 216.988, 184.96, 0.00216282
_3958_, 216.988, 184.96, 0.00216282
_3976_, 216.988, 184.96, 0.00216282
FILLER_0_63_449, 216.988, 184.96, 0.00216282
_3677_, 229.244, 184.96, 0.00216349
hold279, 229.244, 184.96, 0.00216349
FILLER_0_63_481, 229.244, 184.96, 0.00216349
FILLER_0_65_495, 229.244, 184.96, 0.00216349
PHY_122, 5.52, 179.52, 0.00430981
PHY_124, 5.52, 179.52, 0.00430981
FILLER_0_63_3, 5.52, 179.52, 0.00430981
_3719_, 241.5, 179.52, 0.00271518
_3720_, 241.5, 179.52, 0.00271518
PHY_123, 241.5, 179.52, 0.00271518
PHY_125, 241.5, 179.52, 0.00271518
FILLER_0_61_505, 241.5, 179.52, 0.00271518
FILLER_0_62_504, 241.5, 179.52, 0.00271518
_3155_, 33.553, 179.52, 0.0045617
_3160_, 33.553, 179.52, 0.0045617
_3161_, 33.553, 179.52, 0.0045617
_3175_, 33.553, 179.52, 0.0045617
_4806_, 33.553, 179.52, 0.0045617
hold482, 33.553, 179.52, 0.0045617
FILLER_0_62_73, 33.553, 179.52, 0.0045617
FILLER_0_63_65, 33.553, 179.52, 0.0045617
_3141_, 46.886, 179.52, 0.00480109
_4229_, 46.886, 179.52, 0.00480109
_4231_, 46.886, 179.52, 0.00480109
_4803_, 46.886, 179.52, 0.00480109
_4804_, 46.886, 179.52, 0.00480109
hold445, 46.886, 179.52, 0.00480109
hold470, 46.886, 179.52, 0.00480109
_3142_, 60.22, 179.52, 0.0050258
_4133_, 60.22, 179.52, 0.0050258
_4226_, 60.22, 179.52, 0.0050258
_4726_, 60.22, 179.52, 0.0050258
fanout21, 60.22, 179.52, 0.0050258
clkbuf_2_2__f_clk, 60.22, 179.52, 0.0050258
hold527, 60.22, 179.52, 0.0050258
FILLER_0_61_113, 60.22, 179.52, 0.0050258
_3415_, 73.553, 179.52, 0.00511558
_3419_, 73.553, 179.52, 0.00511558
_4131_, 73.553, 179.52, 0.00511558
_4228_, 73.553, 179.52, 0.00511558
_4230_, 73.553, 179.52, 0.00511558
max_cap12, 73.553, 179.52, 0.00511558
FILLER_0_63_162, 73.553, 179.52, 0.00511558
_2871_, 86.886, 179.52, 0.0051911
_3805_, 86.886, 179.52, 0.0051911
_4564_, 86.886, 179.52, 0.0051911
fanout23, 86.886, 179.52, 0.0051911
FILLER_0_62_169, 86.886, 179.52, 0.0051911
FILLER_0_63_178, 86.886, 179.52, 0.0051911
_2844_, 100.22, 179.52, 0.00523516
_2874_, 100.22, 179.52, 0.00523516
_2946_, 100.22, 179.52, 0.00523516
_2951_, 100.22, 179.52, 0.00523516
_3400_, 100.22, 179.52, 0.00523516
hold496, 100.22, 179.52, 0.00523516
_2324_, 113.553, 179.52, 0.00503705
_2843_, 113.553, 179.52, 0.00503705
_2945_, 113.553, 179.52, 0.00503705
_2954_, 113.553, 179.52, 0.00503705
_3017_, 113.553, 179.52, 0.00503705
_3019_, 113.553, 179.52, 0.00503705
FILLER_0_61_221, 113.553, 179.52, 0.00503705
FILLER_0_62_247, 113.553, 179.52, 0.00503705
_2390_, 126.886, 179.52, 0.00471877
_2393_, 126.886, 179.52, 0.00471877
_2837_, 126.886, 179.52, 0.00471877
_2841_, 126.886, 179.52, 0.00471877
_2928_, 126.886, 179.52, 0.00471877
_3016_, 126.886, 179.52, 0.00471877
FILLER_0_62_253, 126.886, 179.52, 0.00471877
FILLER_0_62_273, 126.886, 179.52, 0.00471877
FILLER_0_63_274, 126.886, 179.52, 0.00471877
_2388_, 140.22, 179.52, 0.00431635
_2842_, 140.22, 179.52, 0.00431635
_2914_, 140.22, 179.52, 0.00431635
_4560_, 140.22, 179.52, 0.00431635
max_cap16, 140.22, 179.52, 0.00431635
FILLER_0_62_299, 140.22, 179.52, 0.00431635
_2839_, 153.553, 179.52, 0.00387268
_2919_, 153.553, 179.52, 0.00387268
_4559_, 153.553, 179.52, 0.00387268
clkbuf_2_3__f_clk, 153.553, 179.52, 0.00387268
FILLER_0_62_320, 153.553, 179.52, 0.00387268
FILLER_0_63_333, 153.553, 179.52, 0.00387268
_3793_, 166.886, 179.52, 0.00325716
_3985_, 166.886, 179.52, 0.00325716
_4654_, 166.886, 179.52, 0.00325716
_4702_, 166.886, 179.52, 0.00325716
FILLER_0_61_344, 166.886, 179.52, 0.00325716
_4071_, 192.476, 179.52, 0.00265272
_4697_, 192.476, 179.52, 0.00265272
hold207, 192.476, 179.52, 0.00265272
hold251, 192.476, 179.52, 0.00265272
FILLER_0_62_415, 192.476, 179.52, 0.00265272
FILLER_0_63_408, 192.476, 179.52, 0.00265272
_3725_, 204.732, 179.52, 0.00268409
_3726_, 204.732, 179.52, 0.00268409
_3825_, 204.732, 179.52, 0.00268409
_3959_, 204.732, 179.52, 0.00268409
_4024_, 204.732, 179.52, 0.00268409
_4025_, 204.732, 179.52, 0.00268409
_4674_, 204.732, 179.52, 0.00268409
hold203, 204.732, 179.52, 0.00268409
FILLER_0_62_424, 204.732, 179.52, 0.00268409
FILLER_0_63_434, 204.732, 179.52, 0.00268409
_3678_, 216.988, 179.52, 0.00270711
_4115_, 216.988, 179.52, 0.00270711
_4633_, 216.988, 179.52, 0.00270711
_4719_, 216.988, 179.52, 0.00270711
hold142, 216.988, 179.52, 0.00270711
hold287, 216.988, 179.52, 0.00270711
hold309, 216.988, 179.52, 0.00270711
_4504_, 229.244, 179.52, 0.00271476
hold298, 229.244, 179.52, 0.00271476
FILLER_0_63_494, 229.244, 179.52, 0.00271476
PHY_118, 5.52, 174.08, 0.00442952
PHY_120, 5.52, 174.08, 0.00442952
PHY_119, 241.5, 174.08, 0.00304384
PHY_121, 241.5, 174.08, 0.00304384
FILLER_0_59_505, 241.5, 174.08, 0.00304384
FILLER_0_60_506, 241.5, 174.08, 0.00304384
_3157_, 33.553, 174.08, 0.00454753
_3159_, 33.553, 174.08, 0.00454753
_3177_, 33.553, 174.08, 0.00454753
_3178_, 33.553, 174.08, 0.00454753
_4436_, 33.553, 174.08, 0.00454753
_4805_, 33.553, 174.08, 0.00454753
hold475, 33.553, 174.08, 0.00454753
_3143_, 46.886, 174.08, 0.00464762
_3156_, 46.886, 174.08, 0.00464762
hold484, 46.886, 174.08, 0.00464762
FILLER_0_60_78, 46.886, 174.08, 0.00464762
FILLER_0_60_97, 46.886, 174.08, 0.00464762
_4729_, 60.22, 174.08, 0.00474738
hold466, 60.22, 174.08, 0.00474738
FILLER_0_59_109, 60.22, 174.08, 0.00474738
FILLER_0_59_113, 60.22, 174.08, 0.00474738
FILLER_0_60_114, 60.22, 174.08, 0.00474738
_2613_, 73.553, 174.08, 0.00483887
_4138_, 73.553, 174.08, 0.00483887
_4139_, 73.553, 174.08, 0.00483887
_4140_, 73.553, 174.08, 0.00483887
_4145_, 73.553, 174.08, 0.00483887
_4728_, 73.553, 174.08, 0.00483887
FILLER_0_59_140, 73.553, 174.08, 0.00483887
FILLER_0_60_141, 73.553, 174.08, 0.00483887
FILLER_0_61_162, 73.553, 174.08, 0.00483887
_2855_, 86.886, 174.08, 0.00490952
_2872_, 86.886, 174.08, 0.00490952
clkbuf_leaf_17_clk, 86.886, 174.08, 0.00490952
hold488, 86.886, 174.08, 0.00490952
FILLER_0_60_179, 86.886, 174.08, 0.00490952
FILLER_0_61_178, 86.886, 174.08, 0.00490952
_2856_, 100.22, 174.08, 0.00491398
_3803_, 100.22, 174.08, 0.00491398
_3804_, 100.22, 174.08, 0.00491398
_4563_, 100.22, 174.08, 0.00491398
hold428, 100.22, 174.08, 0.00491398
FILLER_0_59_197, 100.22, 174.08, 0.00491398
FILLER_0_60_214, 100.22, 174.08, 0.00491398
_2335_, 113.553, 174.08, 0.00483922
_2926_, 113.553, 174.08, 0.00483922
_2931_, 113.553, 174.08, 0.00483922
_2950_, 113.553, 174.08, 0.00483922
_2952_, 113.553, 174.08, 0.00483922
_3018_, 113.553, 174.08, 0.00483922
FILLER_0_59_229, 113.553, 174.08, 0.00483922
_2363_, 126.886, 174.08, 0.00466494
_2836_, 126.886, 174.08, 0.00466494
_2879_, 126.886, 174.08, 0.00466494
_2880_, 126.886, 174.08, 0.00466494
_2930_, 126.886, 174.08, 0.00466494
_3801_, 126.886, 174.08, 0.00466494
FILLER_0_59_253, 126.886, 174.08, 0.00466494
_2875_, 140.22, 174.08, 0.00432301
_2878_, 140.22, 174.08, 0.00432301
_2916_, 140.22, 174.08, 0.00432301
_3797_, 140.22, 174.08, 0.00432301
hold486, 140.22, 174.08, 0.00432301
FILLER_0_61_305, 140.22, 174.08, 0.00432301
_2387_, 153.553, 174.08, 0.00391846
_2838_, 153.553, 174.08, 0.00391846
_2920_, 153.553, 174.08, 0.00391846
_2921_, 153.553, 174.08, 0.00391846
_2953_, 153.553, 174.08, 0.00391846
_3795_, 153.553, 174.08, 0.00391846
hold450, 153.553, 174.08, 0.00391846
_3664_, 166.886, 174.08, 0.00344202
_3761_, 166.886, 174.08, 0.00344202
_3947_, 166.886, 174.08, 0.00344202
_4081_, 166.886, 174.08, 0.00344202
_4497_, 166.886, 174.08, 0.00344202
_4558_, 166.886, 174.08, 0.00344202
hold463, 166.886, 174.08, 0.00344202
_3638_, 192.476, 174.08, 0.00296281
_4070_, 192.476, 174.08, 0.00296281
_4168_, 192.476, 174.08, 0.00296281
_4484_, 192.476, 174.08, 0.00296281
_4528_, 192.476, 174.08, 0.00296281
hold204, 192.476, 174.08, 0.00296281
FILLER_0_60_397, 192.476, 174.08, 0.00296281
FILLER_0_60_408, 192.476, 174.08, 0.00296281
_3824_, 204.732, 174.08, 0.00300667
_4574_, 204.732, 174.08, 0.00300667
_4668_, 204.732, 174.08, 0.00300667
hold168, 204.732, 174.08, 0.00300667
hold191, 204.732, 174.08, 0.00300667
FILLER_0_59_422, 204.732, 174.08, 0.00300667
_3943_, 216.988, 174.08, 0.00303594
_3977_, 216.988, 174.08, 0.00303594
_4114_, 216.988, 174.08, 0.00303594
_4650_, 216.988, 174.08, 0.00303594
_4713_, 216.988, 174.08, 0.00303594
_4778_, 216.988, 174.08, 0.00303594
hold284, 216.988, 174.08, 0.00303594
_4102_, 229.244, 174.08, 0.00304384
_4525_, 229.244, 174.08, 0.00304384
hold302, 229.244, 174.08, 0.00304384
hold329, 229.244, 174.08, 0.00304384
PHY_114, 5.52, 168.64, 0.00458456
PHY_116, 5.52, 168.64, 0.00458456
PHY_115, 241.5, 168.64, 0.00319109
PHY_117, 241.5, 168.64, 0.00319109
FILLER_0_57_505, 241.5, 168.64, 0.00319109
FILLER_0_58_504, 241.5, 168.64, 0.00319109
_3567_, 33.553, 168.64, 0.00466101
clkbuf_leaf_9_clk, 33.553, 168.64, 0.00466101
FILLER_0_57_51, 33.553, 168.64, 0.00466101
FILLER_0_58_70, 33.553, 168.64, 0.00466101
_2851_, 46.886, 168.64, 0.00468256
_3563_, 46.886, 168.64, 0.00468256
_4426_, 46.886, 168.64, 0.00468256
hold377, 46.886, 168.64, 0.00468256
FILLER_0_58_76, 46.886, 168.64, 0.00468256
FILLER_0_59_101, 46.886, 168.64, 0.00468256
_2331_, 60.22, 168.64, 0.00469142
_3235_, 60.22, 168.64, 0.00469142
_3236_, 60.22, 168.64, 0.00469142
_3238_, 60.22, 168.64, 0.00469142
_3562_, 60.22, 168.64, 0.00469142
_3565_, 60.22, 168.64, 0.00469142
_4141_, 60.22, 168.64, 0.00469142
hold352, 60.22, 168.64, 0.00469142
hold498, 60.22, 168.64, 0.00469142
FILLER_0_58_123, 60.22, 168.64, 0.00469142
_2250_, 73.553, 168.64, 0.00469417
_2260_, 73.553, 168.64, 0.00469417
_3237_, 73.553, 168.64, 0.00469417
_3564_, 73.553, 168.64, 0.00469417
_3807_, 73.553, 168.64, 0.00469417
_4146_, 73.553, 168.64, 0.00469417
_4731_, 73.553, 168.64, 0.00469417
hold342, 73.553, 168.64, 0.00469417
FILLER_0_58_153, 73.553, 168.64, 0.00469417
FILLER_0_59_152, 73.553, 168.64, 0.00469417
FILLER_0_59_162, 73.553, 168.64, 0.00469417
_2869_, 86.886, 168.64, 0.00467364
FILLER_0_58_189, 86.886, 168.64, 0.00467364
FILLER_0_59_189, 86.886, 168.64, 0.00467364
_2310_, 100.22, 168.64, 0.00464772
_3386_, 100.22, 168.64, 0.00464772
_3802_, 100.22, 168.64, 0.00464772
FILLER_0_58_209, 100.22, 168.64, 0.00464772
_2333_, 113.553, 168.64, 0.00458858
_2349_, 113.553, 168.64, 0.00458858
_2392_, 113.553, 168.64, 0.00458858
_2394_, 113.553, 168.64, 0.00458858
_2927_, 113.553, 168.64, 0.00458858
_2929_, 113.553, 168.64, 0.00458858
hold24, 113.553, 168.64, 0.00458858
FILLER_0_57_225, 113.553, 168.64, 0.00458858
FILLER_0_58_248, 113.553, 168.64, 0.00458858
_2373_, 126.886, 168.64, 0.00444539
_2374_, 126.886, 168.64, 0.00444539
_2375_, 126.886, 168.64, 0.00444539
_2389_, 126.886, 168.64, 0.00444539
_2840_, 140.22, 168.64, 0.00423264
_2876_, 140.22, 168.64, 0.00423264
_2877_, 140.22, 168.64, 0.00423264
_2917_, 140.22, 168.64, 0.00423264
_2918_, 140.22, 168.64, 0.00423264
_2935_, 140.22, 168.64, 0.00423264
_3796_, 140.22, 168.64, 0.00423264
hold77, 140.22, 168.64, 0.00423264
FILLER_0_58_280, 140.22, 168.64, 0.00423264
FILLER_0_58_288, 140.22, 168.64, 0.00423264
_2925_, 153.553, 168.64, 0.00393263
_2936_, 153.553, 168.64, 0.00393263
_2940_, 153.553, 168.64, 0.00393263
_2944_, 153.553, 168.64, 0.00393263
_3763_, 153.553, 168.64, 0.00393263
_3792_, 153.553, 168.64, 0.00393263
_3794_, 153.553, 168.64, 0.00393263
FILLER_0_59_331, 153.553, 168.64, 0.00393263
_3382_, 166.886, 168.64, 0.0035585
_3788_, 166.886, 168.64, 0.0035585
_3789_, 166.886, 168.64, 0.0035585
_4556_, 166.886, 168.64, 0.0035585
hold461, 166.886, 168.64, 0.0035585
FILLER_0_57_345, 166.886, 168.64, 0.0035585
FILLER_0_58_360, 166.886, 168.64, 0.0035585
_3637_, 192.476, 168.64, 0.00316406
_3662_, 192.476, 168.64, 0.00316406
_4005_, 192.476, 168.64, 0.00316406
hold270, 192.476, 168.64, 0.00316406
hold289, 192.476, 168.64, 0.00316406
_3842_, 204.732, 168.64, 0.00318139
_4012_, 204.732, 168.64, 0.00318139
_4013_, 204.732, 168.64, 0.00318139
_4664_, 204.732, 168.64, 0.00318139
hold243, 204.732, 168.64, 0.00318139
hold330, 204.732, 168.64, 0.00318139
FILLER_0_58_432, 204.732, 168.64, 0.00318139
FILLER_0_58_446, 204.732, 168.64, 0.00318139
_3667_, 216.988, 168.64, 0.00319035
_3668_, 216.988, 168.64, 0.00319035
_3992_, 216.988, 168.64, 0.00319035
_4103_, 216.988, 168.64, 0.00319035
_4175_, 216.988, 168.64, 0.00319035
_4566_, 216.988, 168.64, 0.00319035
hold324, 216.988, 168.64, 0.00319035
_4174_, 229.244, 168.64, 0.00319109
hold253, 229.244, 168.64, 0.00319109
FILLER_0_59_496, 229.244, 168.64, 0.00319109
PHY_110, 5.52, 163.2, 0.00479642
PHY_112, 5.52, 163.2, 0.00479642
PHY_111, 241.5, 163.2, 0.00373677
PHY_113, 241.5, 163.2, 0.00373677
hold185, 241.5, 163.2, 0.00373677
FILLER_0_55_505, 241.5, 163.2, 0.00373677
_3239_, 33.553, 163.2, 0.00497998
_3240_, 33.553, 163.2, 0.00497998
_3242_, 33.553, 163.2, 0.00497998
_3566_, 33.553, 163.2, 0.00497998
_3568_, 33.553, 163.2, 0.00497998
_3569_, 33.553, 163.2, 0.00497998
_4263_, 33.553, 163.2, 0.00497998
hold378, 33.553, 163.2, 0.00497998
FILLER_0_55_47, 33.553, 163.2, 0.00497998
FILLER_0_56_53, 33.553, 163.2, 0.00497998
_2859_, 46.886, 163.2, 0.00515391
_4260_, 46.886, 163.2, 0.00515391
_4424_, 46.886, 163.2, 0.00515391
hold521, 46.886, 163.2, 0.00515391
FILLER_0_57_93, 46.886, 163.2, 0.00515391
_2249_, 60.22, 163.2, 0.0053079
_2330_, 60.22, 163.2, 0.0053079
_4425_, 60.22, 163.2, 0.0053079
clkbuf_leaf_7_clk, 60.22, 163.2, 0.0053079
_2332_, 73.553, 163.2, 0.00535109
_2860_, 73.553, 163.2, 0.00535109
_2948_, 73.553, 163.2, 0.00535109
_3029_, 73.553, 163.2, 0.00535109
_4261_, 73.553, 163.2, 0.00535109
FILLER_0_56_162, 73.553, 163.2, 0.00535109
_2852_, 86.886, 163.2, 0.00532788
_2853_, 86.886, 163.2, 0.00532788
_2854_, 86.886, 163.2, 0.00532788
_2868_, 86.886, 163.2, 0.00532788
_2870_, 86.886, 163.2, 0.00532788
_4362_, 86.886, 163.2, 0.00532788
hold72, 86.886, 163.2, 0.00532788
FILLER_0_56_174, 86.886, 163.2, 0.00532788
FILLER_0_57_191, 86.886, 163.2, 0.00532788
_2261_, 100.22, 163.2, 0.00523102
_2317_, 100.22, 163.2, 0.00523102
_2391_, 100.22, 163.2, 0.00523102
_4360_, 100.22, 163.2, 0.00523102
_4361_, 100.22, 163.2, 0.00523102
FILLER_0_55_192, 100.22, 163.2, 0.00523102
FILLER_0_56_197, 100.22, 163.2, 0.00523102
FILLER_0_57_218, 100.22, 163.2, 0.00523102
_2334_, 113.553, 163.2, 0.00506619
_2361_, 113.553, 163.2, 0.00506619
_2362_, 113.553, 163.2, 0.00506619
_4358_, 113.553, 163.2, 0.00506619
_2372_, 126.886, 163.2, 0.00482897
_3798_, 126.886, 163.2, 0.00482897
_3800_, 126.886, 163.2, 0.00482897
_4562_, 126.886, 163.2, 0.00482897
hold15, 126.886, 163.2, 0.00482897
hold16, 126.886, 163.2, 0.00482897
FILLER_0_56_253, 126.886, 163.2, 0.00482897
_2371_, 140.22, 163.2, 0.00454595
_2385_, 140.22, 163.2, 0.00454595
_4561_, 140.22, 163.2, 0.00454595
hold84, 140.22, 163.2, 0.00454595
FILLER_0_56_281, 140.22, 163.2, 0.00454595
FILLER_0_56_294, 140.22, 163.2, 0.00454595
_2386_, 153.553, 163.2, 0.0042258
_2924_, 153.553, 163.2, 0.0042258
_3787_, 153.553, 163.2, 0.0042258
FILLER_0_55_316, 153.553, 163.2, 0.0042258
FILLER_0_57_327, 153.553, 163.2, 0.0042258
FILLER_0_57_333, 153.553, 163.2, 0.0042258
_3786_, 166.886, 163.2, 0.00387274
_4356_, 166.886, 163.2, 0.00387274
_4555_, 166.886, 163.2, 0.00387274
hold61, 166.886, 163.2, 0.00387274
hold70, 166.886, 163.2, 0.00387274
hold341, 166.886, 163.2, 0.00387274
FILLER_0_55_350, 166.886, 163.2, 0.00387274
FILLER_0_56_338, 166.886, 163.2, 0.00387274
FILLER_0_56_359, 166.886, 163.2, 0.00387274
_3661_, 192.476, 163.2, 0.00357635
_4180_, 192.476, 163.2, 0.00357635
_4181_, 192.476, 163.2, 0.00357635
_4527_, 192.476, 163.2, 0.00357635
_4781_, 192.476, 163.2, 0.00357635
hold265, 192.476, 163.2, 0.00357635
FILLER_0_55_401, 192.476, 163.2, 0.00357635
FILLER_0_56_409, 192.476, 163.2, 0.00357635
_4004_, 204.732, 163.2, 0.0036599
_4029_, 204.732, 163.2, 0.0036599
_4076_, 204.732, 163.2, 0.0036599
_4077_, 204.732, 163.2, 0.0036599
_4658_, 204.732, 163.2, 0.0036599
_4700_, 204.732, 163.2, 0.0036599
hold140, 204.732, 163.2, 0.0036599
hold307, 204.732, 163.2, 0.0036599
_3808_, 216.988, 163.2, 0.00372818
_3809_, 216.988, 163.2, 0.00372818
_4499_, 216.988, 163.2, 0.00372818
clkbuf_leaf_25_clk, 216.988, 163.2, 0.00372818
hold248, 216.988, 163.2, 0.00372818
_4042_, 229.244, 163.2, 0.00373627
_4043_, 229.244, 163.2, 0.00373627
_4637_, 229.244, 163.2, 0.00373627
hold153, 229.244, 163.2, 0.00373627
PHY_106, 5.52, 157.76, 0.00495853
PHY_108, 5.52, 157.76, 0.00495853
_4198_, 241.5, 157.76, 0.00388502
PHY_107, 241.5, 157.76, 0.00388502
PHY_109, 241.5, 157.76, 0.00388502
FILLER_0_54_501, 241.5, 157.76, 0.00388502
_3241_, 33.553, 157.76, 0.00513202
_3559_, 33.553, 157.76, 0.00513202
_3933_, 33.553, 157.76, 0.00513202
_4262_, 33.553, 157.76, 0.00513202
_4427_, 33.553, 157.76, 0.00513202
hold528, 33.553, 157.76, 0.00513202
FILLER_0_53_50, 33.553, 157.76, 0.00513202
FILLER_0_53_57, 33.553, 157.76, 0.00513202
_2259_, 46.886, 157.76, 0.00528909
_2850_, 46.886, 157.76, 0.00528909
_2867_, 46.886, 157.76, 0.00528909
_3935_, 46.886, 157.76, 0.00528909
hold441, 46.886, 157.76, 0.00528909
FILLER_0_54_90, 46.886, 157.76, 0.00528909
_2309_, 60.22, 157.76, 0.00536532
_2336_, 60.22, 157.76, 0.00536532
_3934_, 60.22, 157.76, 0.00536532
hold375, 60.22, 157.76, 0.00536532
FILLER_0_53_109, 60.22, 157.76, 0.00536532
FILLER_0_54_114, 60.22, 157.76, 0.00536532
FILLER_0_54_128, 60.22, 157.76, 0.00536532
_2240_, 73.553, 157.76, 0.00540323
_2947_, 73.553, 157.76, 0.00540323
_3189_, 73.553, 157.76, 0.00540323
_3418_, 73.553, 157.76, 0.00540323
_4565_, 73.553, 157.76, 0.00540323
FILLER_0_54_141, 73.553, 157.76, 0.00540323
FILLER_0_54_150, 73.553, 157.76, 0.00540323
_2314_, 86.886, 157.76, 0.0053749
_2861_, 86.886, 157.76, 0.0053749
_3388_, 86.886, 157.76, 0.0053749
_3389_, 86.886, 157.76, 0.0053749
_3738_, 86.886, 157.76, 0.0053749
_3806_, 86.886, 157.76, 0.0053749
hold25, 86.886, 157.76, 0.0053749
FILLER_0_54_178, 86.886, 157.76, 0.0053749
_2343_, 100.22, 157.76, 0.00527534
_3387_, 100.22, 157.76, 0.00527534
hold89, 100.22, 157.76, 0.00527534
hold356, 100.22, 157.76, 0.00527534
FILLER_0_54_197, 100.22, 157.76, 0.00527534
FILLER_0_54_209, 100.22, 157.76, 0.00527534
FILLER_0_55_219, 100.22, 157.76, 0.00527534
_2348_, 113.553, 157.76, 0.00516572
_3384_, 113.553, 157.76, 0.00516572
_3385_, 113.553, 157.76, 0.00516572
_4357_, 113.553, 157.76, 0.00516572
hold17, 113.553, 157.76, 0.00516572
_2902_, 126.886, 157.76, 0.00501876
_3383_, 126.886, 157.76, 0.00501876
_3799_, 126.886, 157.76, 0.00501876
FILLER_0_54_260, 126.886, 157.76, 0.00501876
FILLER_0_55_267, 126.886, 157.76, 0.00501876
FILLER_0_55_277, 126.886, 157.76, 0.00501876
_2913_, 140.22, 157.76, 0.00482861
_3790_, 140.22, 157.76, 0.00482861
max_cap14, 140.22, 157.76, 0.00482861
hold32, 140.22, 157.76, 0.00482861
FILLER_0_54_305, 140.22, 157.76, 0.00482861
FILLER_0_55_297, 140.22, 157.76, 0.00482861
_2813_, 153.553, 157.76, 0.00459518
_2818_, 153.553, 157.76, 0.00459518
_2881_, 153.553, 157.76, 0.00459518
_2910_, 153.553, 157.76, 0.00459518
_2912_, 153.553, 157.76, 0.00459518
_2922_, 153.553, 157.76, 0.00459518
_2923_, 153.553, 157.76, 0.00459518
FILLER_0_55_327, 153.553, 157.76, 0.00459518
_2906_, 166.886, 157.76, 0.00422916
_2932_, 166.886, 157.76, 0.00422916
_3379_, 166.886, 157.76, 0.00422916
_3784_, 166.886, 157.76, 0.00422916
_4353_, 166.886, 157.76, 0.00422916
_4554_, 166.886, 157.76, 0.00422916
hold453, 166.886, 157.76, 0.00422916
FILLER_0_54_342, 166.886, 157.76, 0.00422916
FILLER_0_54_359, 166.886, 157.76, 0.00422916
FILLER_0_54_365, 166.886, 157.76, 0.00422916
_3548_, 192.476, 157.76, 0.00386001
_3553_, 192.476, 157.76, 0.00386001
clkbuf_leaf_27_clk, 192.476, 157.76, 0.00386001
FILLER_0_54_409, 192.476, 157.76, 0.00386001
FILLER_0_54_417, 192.476, 157.76, 0.00386001
_3618_, 204.732, 157.76, 0.00387614
_3723_, 204.732, 157.76, 0.00387614
_3724_, 204.732, 157.76, 0.00387614
_3993_, 204.732, 157.76, 0.00387614
_4474_, 204.732, 157.76, 0.00387614
hold321, 204.732, 157.76, 0.00387614
FILLER_0_55_435, 204.732, 157.76, 0.00387614
FILLER_0_55_445, 204.732, 157.76, 0.00387614
_3712_, 216.988, 157.76, 0.00388424
_4022_, 216.988, 157.76, 0.00388424
_4206_, 216.988, 157.76, 0.00388424
_4207_, 216.988, 157.76, 0.00388424
_4683_, 216.988, 157.76, 0.00388424
_3950_, 229.244, 157.76, 0.00388482
_3951_, 229.244, 157.76, 0.00388482
FILLER_0_53_486, 229.244, 157.76, 0.00388482
FILLER_0_55_492, 229.244, 157.76, 0.00388482
PHY_102, 5.52, 152.32, 0.00513636
PHY_104, 5.52, 152.32, 0.00513636
PHY_103, 241.5, 152.32, 0.00420984
PHY_105, 241.5, 152.32, 0.00420984
FILLER_0_51_505, 241.5, 152.32, 0.00420984
_4258_, 33.553, 152.32, 0.00533935
_4628_, 33.553, 152.32, 0.00533935
hold351, 33.553, 152.32, 0.00533935
hold403, 33.553, 152.32, 0.00533935
hold523, 33.553, 152.32, 0.00533935
_2358_, 46.886, 152.32, 0.00552549
_2359_, 46.886, 152.32, 0.00552549
_2360_, 46.886, 152.32, 0.00552549
_3422_, 46.886, 152.32, 0.00552549
_4629_, 46.886, 152.32, 0.00552549
_2845_, 60.22, 152.32, 0.00564345
_2863_, 60.22, 152.32, 0.00564345
_3179_, 60.22, 152.32, 0.00564345
_3190_, 60.22, 152.32, 0.00564345
_3397_, 60.22, 152.32, 0.00564345
_3405_, 60.22, 152.32, 0.00564345
hold477, 60.22, 152.32, 0.00564345
FILLER_0_52_132, 60.22, 152.32, 0.00564345
FILLER_0_53_128, 60.22, 152.32, 0.00564345
_2676_, 73.553, 152.32, 0.00572405
_4144_, 73.553, 152.32, 0.00572405
_4237_, 73.553, 152.32, 0.00572405
hold58, 73.553, 152.32, 0.00572405
hold495, 73.553, 152.32, 0.00572405
hold525, 73.553, 152.32, 0.00572405
_3234_, 86.886, 152.32, 0.00577101
_3390_, 86.886, 152.32, 0.00577101
_4423_, 86.886, 152.32, 0.00577101
clkbuf_leaf_6_clk, 86.886, 152.32, 0.00577101
hold46, 86.886, 152.32, 0.00577101
FILLER_0_52_174, 86.886, 152.32, 0.00577101
FILLER_0_52_187, 86.886, 152.32, 0.00577101
FILLER_0_53_182, 86.886, 152.32, 0.00577101
_2342_, 100.22, 152.32, 0.0057453
_2347_, 100.22, 152.32, 0.0057453
_3233_, 100.22, 152.32, 0.0057453
_3560_, 100.22, 152.32, 0.0057453
_3561_, 100.22, 152.32, 0.0057453
_4259_, 100.22, 152.32, 0.0057453
_4359_, 100.22, 152.32, 0.0057453
FILLER_0_51_200, 100.22, 152.32, 0.0057453
FILLER_0_52_213, 100.22, 152.32, 0.0057453
FILLER_0_53_213, 100.22, 152.32, 0.0057453
_3374_, 113.553, 152.32, 0.00566698
_3377_, 113.553, 152.32, 0.00566698
_3380_, 113.553, 152.32, 0.00566698
clkbuf_leaf_18_clk, 113.553, 152.32, 0.00566698
FILLER_0_51_225, 113.553, 152.32, 0.00566698
FILLER_0_52_232, 113.553, 152.32, 0.00566698
FILLER_0_52_249, 113.553, 152.32, 0.00566698
_2820_, 126.886, 152.32, 0.00550422
_2887_, 126.886, 152.32, 0.00550422
_3791_, 126.886, 152.32, 0.00550422
_4557_, 126.886, 152.32, 0.00550422
hold101, 126.886, 152.32, 0.00550422
FILLER_0_52_265, 126.886, 152.32, 0.00550422
FILLER_0_52_274, 126.886, 152.32, 0.00550422
_2815_, 140.22, 152.32, 0.00529696
_2824_, 140.22, 152.32, 0.00529696
_2825_, 140.22, 152.32, 0.00529696
_2835_, 140.22, 152.32, 0.00529696
_2886_, 140.22, 152.32, 0.00529696
FILLER_0_52_285, 140.22, 152.32, 0.00529696
FILLER_0_53_293, 140.22, 152.32, 0.00529696
_2765_, 153.553, 152.32, 0.00499978
_2816_, 153.553, 152.32, 0.00499978
_2823_, 153.553, 152.32, 0.00499978
_2884_, 153.553, 152.32, 0.00499978
_2905_, 153.553, 152.32, 0.00499978
_2911_, 153.553, 152.32, 0.00499978
_2780_, 166.886, 152.32, 0.00457727
_2817_, 166.886, 152.32, 0.00457727
_2822_, 166.886, 152.32, 0.00457727
_2882_, 166.886, 152.32, 0.00457727
_2934_, 166.886, 152.32, 0.00457727
_3785_, 166.886, 152.32, 0.00457727
FILLER_0_52_359, 166.886, 152.32, 0.00457727
FILLER_0_53_364, 166.886, 152.32, 0.00457727
_3221_, 192.476, 152.32, 0.00412175
_3222_, 192.476, 152.32, 0.00412175
_3546_, 192.476, 152.32, 0.00412175
_4253_, 192.476, 152.32, 0.00412175
hold518, 192.476, 152.32, 0.00412175
FILLER_0_52_414, 192.476, 152.32, 0.00412175
_3617_, 204.732, 152.32, 0.00416575
_4023_, 204.732, 152.32, 0.00416575
_4028_, 204.732, 152.32, 0.00416575
_4673_, 204.732, 152.32, 0.00416575
_4676_, 204.732, 152.32, 0.00416575
hold304, 204.732, 152.32, 0.00416575
FILLER_0_51_422, 204.732, 152.32, 0.00416575
_3695_, 216.988, 152.32, 0.00419513
_4513_, 216.988, 152.32, 0.00419513
_4794_, 216.988, 152.32, 0.00419513
hold145, 216.988, 152.32, 0.00419513
hold188, 216.988, 152.32, 0.00419513
_3696_, 229.244, 152.32, 0.00420984
_4666_, 229.244, 152.32, 0.00420984
_4790_, 229.244, 152.32, 0.00420984
hold135, 229.244, 152.32, 0.00420984
hold262, 229.244, 152.32, 0.00420984
PHY_98, 5.52, 146.88, 0.00529029
PHY_100, 5.52, 146.88, 0.00529029
_4160_, 241.5, 146.88, 0.0043323
PHY_99, 241.5, 146.88, 0.0043323
PHY_101, 241.5, 146.88, 0.0043323
hold274, 241.5, 146.88, 0.0043323
_2340_, 33.553, 146.88, 0.00548557
_2341_, 33.553, 146.88, 0.00548557
_3231_, 33.553, 146.88, 0.00548557
_3232_, 33.553, 146.88, 0.00548557
_3931_, 33.553, 146.88, 0.00548557
_3932_, 33.553, 146.88, 0.00548557
hold430, 33.553, 146.88, 0.00548557
FILLER_0_50_75, 33.553, 146.88, 0.00548557
FILLER_0_51_71, 33.553, 146.88, 0.00548557
_2325_, 46.886, 146.88, 0.00564834
_3027_, 46.886, 146.88, 0.00564834
_3192_, 46.886, 146.88, 0.00564834
_4232_, 46.886, 146.88, 0.00564834
_4238_, 46.886, 146.88, 0.00564834
_2675_, 60.22, 146.88, 0.00571193
_3180_, 60.22, 146.88, 0.00571193
_3186_, 60.22, 146.88, 0.00571193
_3512_, 60.22, 146.88, 0.00571193
_4239_, 60.22, 146.88, 0.00571193
_4399_, 60.22, 146.88, 0.00571193
FILLER_0_50_126, 60.22, 146.88, 0.00571193
FILLER_0_51_126, 60.22, 146.88, 0.00571193
_2254_, 73.553, 146.88, 0.00574186
_2270_, 73.553, 146.88, 0.00574186
_3193_, 73.553, 146.88, 0.00574186
_3194_, 73.553, 146.88, 0.00574186
_3355_, 73.553, 146.88, 0.00574186
_3737_, 73.553, 146.88, 0.00574186
FILLER_0_49_137, 73.553, 146.88, 0.00574186
FILLER_0_50_152, 73.553, 146.88, 0.00574186
FILLER_0_50_158, 73.553, 146.88, 0.00574186
_3357_, 86.886, 146.88, 0.00569079
_3751_, 86.886, 146.88, 0.00569079
_4363_, 86.886, 146.88, 0.00569079
FILLER_0_49_169, 86.886, 146.88, 0.00569079
FILLER_0_50_166, 86.886, 146.88, 0.00569079
FILLER_0_50_189, 86.886, 146.88, 0.00569079
FILLER_0_51_189, 86.886, 146.88, 0.00569079
_2346_, 100.22, 146.88, 0.00561814
_3749_, 100.22, 146.88, 0.00561814
hold492, 100.22, 146.88, 0.00561814
hold524, 100.22, 146.88, 0.00561814
FILLER_0_49_196, 100.22, 146.88, 0.00561814
FILLER_0_50_197, 100.22, 146.88, 0.00561814
_3376_, 113.553, 146.88, 0.00550654
_3381_, 113.553, 146.88, 0.00550654
_4354_, 113.553, 146.88, 0.00550654
hold18, 113.553, 146.88, 0.00550654
wire1, 113.553, 146.88, 0.00550654
FILLER_0_49_221, 113.553, 146.88, 0.00550654
FILLER_0_49_231, 113.553, 146.88, 0.00550654
FILLER_0_51_246, 113.553, 146.88, 0.00550654
_2790_, 126.886, 146.88, 0.00535987
_2791_, 126.886, 146.88, 0.00535987
_2890_, 126.886, 146.88, 0.00535987
_2891_, 126.886, 146.88, 0.00535987
_4355_, 126.886, 146.88, 0.00535987
FILLER_0_51_265, 126.886, 146.88, 0.00535987
_2781_, 140.22, 146.88, 0.00516629
_2796_, 140.22, 146.88, 0.00516629
_2798_, 140.22, 146.88, 0.00516629
_2814_, 140.22, 146.88, 0.00516629
_2826_, 140.22, 146.88, 0.00516629
_2834_, 140.22, 146.88, 0.00516629
FILLER_0_50_298, 140.22, 146.88, 0.00516629
_2766_, 153.553, 146.88, 0.00492288
_2767_, 153.553, 146.88, 0.00492288
_2779_, 153.553, 146.88, 0.00492288
_2821_, 153.553, 146.88, 0.00492288
_2883_, 153.553, 146.88, 0.00492288
_2885_, 153.553, 146.88, 0.00492288
_2903_, 153.553, 146.88, 0.00492288
FILLER_0_49_319, 153.553, 146.88, 0.00492288
FILLER_0_51_330, 153.553, 146.88, 0.00492288
_2775_, 166.886, 146.88, 0.00461974
_2776_, 166.886, 146.88, 0.00461974
_2777_, 166.886, 146.88, 0.00461974
_2807_, 166.886, 146.88, 0.00461974
_3378_, 166.886, 146.88, 0.00461974
FILLER_0_49_337, 166.886, 146.88, 0.00461974
FILLER_0_50_340, 166.886, 146.88, 0.00461974
FILLER_0_51_352, 166.886, 146.88, 0.00461974
_2753_, 192.476, 146.88, 0.00429404
_4252_, 192.476, 146.88, 0.00429404
hold395, 192.476, 146.88, 0.00429404
hold502, 192.476, 146.88, 0.00429404
hold512, 192.476, 146.88, 0.00429404
_4475_, 204.732, 146.88, 0.00431872
_4509_, 204.732, 146.88, 0.00431872
hold238, 204.732, 146.88, 0.00431872
_3687_, 216.988, 146.88, 0.00432941
_3711_, 216.988, 146.88, 0.00432941
_4060_, 216.988, 146.88, 0.00432941
_4061_, 216.988, 146.88, 0.00432941
_4521_, 216.988, 146.88, 0.00432941
hold137, 216.988, 146.88, 0.00432941
hold314, 216.988, 146.88, 0.00432941
_4008_, 229.244, 146.88, 0.00433161
_4009_, 229.244, 146.88, 0.00433161
_4199_, 229.244, 146.88, 0.00433161
hold139, 229.244, 146.88, 0.00433161
hold166, 229.244, 146.88, 0.00433161
FILLER_0_49_479, 229.244, 146.88, 0.00433161
FILLER_0_50_491, 229.244, 146.88, 0.00433161
FILLER_0_50_499, 229.244, 146.88, 0.00433161
FILLER_0_51_499, 229.244, 146.88, 0.00433161
PHY_94, 5.52, 141.44, 0.00542738
PHY_96, 5.52, 141.44, 0.00542738
PHY_95, 241.5, 141.44, 0.00479317
PHY_97, 241.5, 141.44, 0.00479317
FILLER_0_47_505, 241.5, 141.44, 0.00479317
_2308_, 33.553, 141.44, 0.00558068
_2329_, 33.553, 141.44, 0.00558068
_3925_, 33.553, 141.44, 0.00558068
_3928_, 33.553, 141.44, 0.00558068
_3929_, 33.553, 141.44, 0.00558068
_3930_, 33.553, 141.44, 0.00558068
hold407, 33.553, 141.44, 0.00558068
FILLER_0_47_47, 33.553, 141.44, 0.00558068
FILLER_0_47_53, 33.553, 141.44, 0.00558068
_2248_, 46.886, 141.44, 0.00569643
_3191_, 46.886, 141.44, 0.00569643
_4235_, 46.886, 141.44, 0.00569643
hold358, 46.886, 141.44, 0.00569643
hold454, 46.886, 141.44, 0.00569643
FILLER_0_47_86, 46.886, 141.44, 0.00569643
FILLER_0_48_78, 46.886, 141.44, 0.00569643
FILLER_0_48_99, 46.886, 141.44, 0.00569643
_2557_, 60.22, 141.44, 0.00577363
_3185_, 60.22, 141.44, 0.00577363
hold365, 60.22, 141.44, 0.00577363
hold432, 60.22, 141.44, 0.00577363
hold465, 60.22, 141.44, 0.00577363
_2558_, 73.553, 141.44, 0.0058475
_2560_, 73.553, 141.44, 0.0058475
_2563_, 73.553, 141.44, 0.0058475
_2614_, 73.553, 141.44, 0.0058475
_2862_, 73.553, 141.44, 0.0058475
_4337_, 73.553, 141.44, 0.0058475
hold20, 73.553, 141.44, 0.0058475
FILLER_0_48_155, 73.553, 141.44, 0.0058475
FILLER_0_49_157, 73.553, 141.44, 0.0058475
_2621_, 86.886, 141.44, 0.00588225
_3356_, 86.886, 141.44, 0.00588225
_4539_, 86.886, 141.44, 0.00588225
hold23, 86.886, 141.44, 0.00588225
FILLER_0_47_164, 86.886, 141.44, 0.00588225
FILLER_0_47_169, 86.886, 141.44, 0.00588225
FILLER_0_48_174, 86.886, 141.44, 0.00588225
FILLER_0_48_185, 86.886, 141.44, 0.00588225
_2616_, 100.22, 141.44, 0.00587253
_2628_, 100.22, 141.44, 0.00587253
_2629_, 100.22, 141.44, 0.00587253
_3750_, 100.22, 141.44, 0.00587253
hold29, 100.22, 141.44, 0.00587253
FILLER_0_49_207, 100.22, 141.44, 0.00587253
_2679_, 113.553, 141.44, 0.00580905
_2808_, 113.553, 141.44, 0.00580905
_2809_, 113.553, 141.44, 0.00580905
_2810_, 113.553, 141.44, 0.00580905
FILLER_0_47_230, 113.553, 141.44, 0.00580905
FILLER_0_48_244, 113.553, 141.44, 0.00580905
_2788_, 126.886, 141.44, 0.00566162
_2792_, 126.886, 141.44, 0.00566162
_2804_, 126.886, 141.44, 0.00566162
_2811_, 126.886, 141.44, 0.00566162
_2812_, 126.886, 141.44, 0.00566162
_2819_, 126.886, 141.44, 0.00566162
FILLER_0_47_258, 126.886, 141.44, 0.00566162
_2752_, 140.22, 141.44, 0.00545417
_2763_, 140.22, 141.44, 0.00545417
_2794_, 140.22, 141.44, 0.00545417
_2795_, 140.22, 141.44, 0.00545417
_2797_, 140.22, 141.44, 0.00545417
_2904_, 140.22, 141.44, 0.00545417
FILLER_0_48_291, 140.22, 141.44, 0.00545417
_2764_, 153.553, 141.44, 0.00519408
_2778_, 153.553, 141.44, 0.00519408
FILLER_0_47_321, 153.553, 141.44, 0.00519408
FILLER_0_49_330, 153.553, 141.44, 0.00519408
_2754_, 166.886, 141.44, 0.00488615
_2755_, 166.886, 141.44, 0.00488615
_2756_, 166.886, 141.44, 0.00488615
_2806_, 166.886, 141.44, 0.00488615
_4352_, 166.886, 141.44, 0.00488615
FILLER_0_48_348, 166.886, 141.44, 0.00488615
FILLER_0_48_361, 166.886, 141.44, 0.00488615
_3223_, 192.476, 141.44, 0.00462859
_3547_, 192.476, 141.44, 0.00462859
_4254_, 192.476, 141.44, 0.00462859
_4416_, 192.476, 141.44, 0.00462859
FILLER_0_49_418, 192.476, 141.44, 0.00462859
_3219_, 204.732, 141.44, 0.00471133
_3619_, 204.732, 141.44, 0.00471133
_3620_, 204.732, 141.44, 0.00471133
_3688_, 204.732, 141.44, 0.00471133
_4488_, 204.732, 141.44, 0.00471133
hold313, 204.732, 141.44, 0.00471133
FILLER_0_48_424, 204.732, 141.44, 0.00471133
FILLER_0_48_435, 204.732, 141.44, 0.00471133
_3813_, 216.988, 141.44, 0.00478604
_4568_, 216.988, 141.44, 0.00478604
_4692_, 216.988, 141.44, 0.00478604
clkbuf_leaf_26_clk, 216.988, 141.44, 0.00478604
hold237, 216.988, 141.44, 0.00478604
_3870_, 229.244, 141.44, 0.00479317
_4161_, 229.244, 141.44, 0.00479317
_4771_, 229.244, 141.44, 0.00479317
FILLER_0_48_489, 229.244, 141.44, 0.00479317
PHY_90, 5.52, 136, 0.00562917
PHY_92, 5.52, 136, 0.00562917
PHY_91, 241.5, 136, 0.00487976
PHY_93, 241.5, 136, 0.00487976
FILLER_0_45_505, 241.5, 136, 0.00487976
FILLER_0_46_500, 241.5, 136, 0.00487976
_2258_, 33.553, 136, 0.00592334
_2357_, 33.553, 136, 0.00592334
_2367_, 33.553, 136, 0.00592334
_3920_, 33.553, 136, 0.00592334
_3924_, 33.553, 136, 0.00592334
_4624_, 33.553, 136, 0.00592334
hold366, 33.553, 136, 0.00592334
FILLER_0_45_53, 33.553, 136, 0.00592334
_2646_, 46.886, 136, 0.00615819
_3182_, 46.886, 136, 0.00615819
_3514_, 46.886, 136, 0.00615819
_3518_, 46.886, 136, 0.00615819
_3519_, 46.886, 136, 0.00615819
_4233_, 46.886, 136, 0.00615819
hold410, 46.886, 136, 0.00615819
_2551_, 60.22, 136, 0.00637794
_2636_, 60.22, 136, 0.00637794
_2638_, 60.22, 136, 0.00637794
_3181_, 60.22, 136, 0.00637794
_3188_, 60.22, 136, 0.00637794
_3413_, 60.22, 136, 0.00637794
_3513_, 60.22, 136, 0.00637794
_4335_, 60.22, 136, 0.00637794
_2559_, 73.553, 136, 0.00651858
_2561_, 73.553, 136, 0.00651858
_2562_, 73.553, 136, 0.00651858
_2564_, 73.553, 136, 0.00651858
_3746_, 73.553, 136, 0.00651858
_4537_, 73.553, 136, 0.00651858
FILLER_0_45_141, 73.553, 136, 0.00651858
_2245_, 86.886, 136, 0.00657719
_2619_, 86.886, 136, 0.00657719
_2620_, 86.886, 136, 0.00657719
_3745_, 86.886, 136, 0.00657719
_4336_, 86.886, 136, 0.00657719
hold37, 86.886, 136, 0.00657719
FILLER_0_46_189, 86.886, 136, 0.00657719
_2641_, 100.22, 136, 0.00657581
_2642_, 100.22, 136, 0.00657581
_2643_, 100.22, 136, 0.00657581
_2975_, 100.22, 136, 0.00657581
_2978_, 100.22, 136, 0.00657581
FILLER_0_45_192, 100.22, 136, 0.00657581
FILLER_0_45_200, 100.22, 136, 0.00657581
FILLER_0_46_197, 100.22, 136, 0.00657581
_2278_, 113.553, 136, 0.00649246
_2281_, 113.553, 136, 0.00649246
_2680_, 113.553, 136, 0.00649246
max_cap19, 113.553, 136, 0.00649246
FILLER_0_45_232, 113.553, 136, 0.00649246
FILLER_0_46_231, 113.553, 136, 0.00649246
FILLER_0_46_244, 113.553, 136, 0.00649246
_2888_, 126.886, 136, 0.0063173
_2889_, 126.886, 136, 0.0063173
_2959_, 126.886, 136, 0.0063173
_3437_, 126.886, 136, 0.0063173
_3762_, 126.886, 136, 0.0063173
wire15, 126.886, 136, 0.0063173
_2288_, 140.22, 136, 0.00608736
_2322_, 140.22, 136, 0.00608736
FILLER_0_45_290, 140.22, 136, 0.00608736
FILLER_0_46_279, 140.22, 136, 0.00608736
FILLER_0_46_300, 140.22, 136, 0.00608736
_2832_, 153.553, 136, 0.00577249
_2833_, 153.553, 136, 0.00577249
_2901_, 153.553, 136, 0.00577249
_2943_, 153.553, 136, 0.00577249
FILLER_0_46_309, 153.553, 136, 0.00577249
_2316_, 166.886, 136, 0.00535072
_2708_, 166.886, 136, 0.00535072
_2898_, 166.886, 136, 0.00535072
_2900_, 166.886, 136, 0.00535072
_3782_, 166.886, 136, 0.00535072
_4553_, 166.886, 136, 0.00535072
FILLER_0_46_356, 166.886, 136, 0.00535072
FILLER_0_47_357, 166.886, 136, 0.00535072
_3220_, 192.476, 136, 0.00483871
hold381, 192.476, 136, 0.00483871
hold478, 192.476, 136, 0.00483871
FILLER_0_47_415, 192.476, 136, 0.00483871
_3645_, 204.732, 136, 0.00486252
_3646_, 204.732, 136, 0.00486252
_3975_, 204.732, 136, 0.00486252
_4649_, 204.732, 136, 0.00486252
hold197, 204.732, 136, 0.00486252
FILLER_0_45_424, 204.732, 136, 0.00486252
FILLER_0_46_421, 204.732, 136, 0.00486252
FILLER_0_47_442, 204.732, 136, 0.00486252
_3812_, 216.988, 136, 0.00487854
_3871_, 216.988, 136, 0.00487854
_3973_, 216.988, 136, 0.00487854
_3974_, 216.988, 136, 0.00487854
_4597_, 216.988, 136, 0.00487854
_4648_, 216.988, 136, 0.00487854
hold316, 216.988, 136, 0.00487854
_4184_, 229.244, 136, 0.00487976
hold320, 229.244, 136, 0.00487976
hold343, 229.244, 136, 0.00487976
FILLER_0_45_483, 229.244, 136, 0.00487976
FILLER_0_47_495, 229.244, 136, 0.00487976
PHY_86, 5.52, 130.56, 0.00578053
PHY_88, 5.52, 130.56, 0.00578053
_4054_, 241.5, 130.56, 0.00517458
PHY_87, 241.5, 130.56, 0.00517458
PHY_89, 241.5, 130.56, 0.00517458
_2368_, 33.553, 130.56, 0.00608574
_2379_, 33.553, 130.56, 0.00608574
_2380_, 33.553, 130.56, 0.00608574
_3342_, 33.553, 130.56, 0.00608574
_3343_, 33.553, 130.56, 0.00608574
clkbuf_leaf_8_clk, 33.553, 130.56, 0.00608574
FILLER_0_43_52, 33.553, 130.56, 0.00608574
FILLER_0_44_53, 33.553, 130.56, 0.00608574
_3346_, 46.886, 130.56, 0.00627557
_3509_, 46.886, 130.56, 0.00627557
_3515_, 46.886, 130.56, 0.00627557
_4400_, 46.886, 130.56, 0.00627557
_4402_, 46.886, 130.56, 0.00627557
hold406, 46.886, 130.56, 0.00627557
FILLER_0_44_76, 46.886, 130.56, 0.00627557
_2637_, 60.22, 130.56, 0.00644925
_3187_, 60.22, 130.56, 0.00644925
_3516_, 60.22, 130.56, 0.00644925
_3517_, 60.22, 130.56, 0.00644925
_4401_, 60.22, 130.56, 0.00644925
hold414, 60.22, 130.56, 0.00644925
_2611_, 73.553, 130.56, 0.00661264
_2615_, 73.553, 130.56, 0.00661264
_2965_, 73.553, 130.56, 0.00661264
hold411, 73.553, 130.56, 0.00661264
FILLER_0_43_139, 73.553, 130.56, 0.00661264
FILLER_0_44_135, 73.553, 130.56, 0.00661264
FILLER_0_44_156, 73.553, 130.56, 0.00661264
_2617_, 86.886, 130.56, 0.00669003
_2618_, 86.886, 130.56, 0.00669003
_2640_, 86.886, 130.56, 0.00669003
_3747_, 86.886, 130.56, 0.00669003
_4538_, 86.886, 130.56, 0.00669003
FILLER_0_43_174, 86.886, 130.56, 0.00669003
FILLER_0_44_168, 86.886, 130.56, 0.00669003
FILLER_0_45_181, 86.886, 130.56, 0.00669003
_2644_, 100.22, 130.56, 0.00674102
_2976_, 100.22, 130.56, 0.00674102
_2977_, 100.22, 130.56, 0.00674102
_2979_, 100.22, 130.56, 0.00674102
_2980_, 100.22, 130.56, 0.00674102
_3434_, 100.22, 130.56, 0.00674102
FILLER_0_44_193, 100.22, 130.56, 0.00674102
FILLER_0_44_197, 100.22, 130.56, 0.00674102
_2381_, 113.553, 130.56, 0.00668629
_3431_, 113.553, 130.56, 0.00668629
_3432_, 113.553, 130.56, 0.00668629
_4128_, 113.553, 130.56, 0.00668629
_3470_, 126.886, 130.56, 0.00657594
_3775_, 126.886, 130.56, 0.00657594
_4129_, 126.886, 130.56, 0.00657594
_4549_, 126.886, 130.56, 0.00657594
clkbuf_0_clk, 126.886, 130.56, 0.00657594
FILLER_0_45_274, 126.886, 130.56, 0.00657594
_2323_, 140.22, 130.56, 0.00635293
_2706_, 140.22, 130.56, 0.00635293
_2707_, 140.22, 130.56, 0.00635293
hold522, 140.22, 130.56, 0.00635293
FILLER_0_44_294, 140.22, 130.56, 0.00635293
FILLER_0_45_298, 140.22, 130.56, 0.00635293
_2700_, 153.553, 130.56, 0.00606143
_2705_, 153.553, 130.56, 0.00606143
_2733_, 153.553, 130.56, 0.00606143
_2750_, 153.553, 130.56, 0.00606143
_2751_, 153.553, 130.56, 0.00606143
_2831_, 153.553, 130.56, 0.00606143
_2703_, 166.886, 130.56, 0.00564213
_2704_, 166.886, 130.56, 0.00564213
_2734_, 166.886, 130.56, 0.00564213
_2897_, 166.886, 130.56, 0.00564213
_2942_, 166.886, 130.56, 0.00564213
_3780_, 166.886, 130.56, 0.00564213
_3783_, 166.886, 130.56, 0.00564213
hold69, 166.886, 130.56, 0.00564213
FILLER_0_44_359, 166.886, 130.56, 0.00564213
_3228_, 192.476, 130.56, 0.00511249
_3544_, 192.476, 130.56, 0.00511249
_3555_, 192.476, 130.56, 0.00511249
_3910_, 192.476, 130.56, 0.00511249
_4256_, 192.476, 130.56, 0.00511249
_4617_, 192.476, 130.56, 0.00511249
FILLER_0_44_415, 192.476, 130.56, 0.00511249
_4177_, 204.732, 130.56, 0.00514301
_4489_, 204.732, 130.56, 0.00514301
hold391, 204.732, 130.56, 0.00514301
FILLER_0_44_429, 204.732, 130.56, 0.00514301
_3647_, 216.988, 130.56, 0.00516608
_3972_, 216.988, 130.56, 0.00516608
_3995_, 216.988, 130.56, 0.00516608
_4185_, 216.988, 130.56, 0.00516608
_4659_, 216.988, 130.56, 0.00516608
_4783_, 216.988, 130.56, 0.00516608
hold196, 216.988, 130.56, 0.00516608
_3623_, 229.244, 130.56, 0.00517438
_3994_, 229.244, 130.56, 0.00517438
_4477_, 229.244, 130.56, 0.00517438
hold147, 229.244, 130.56, 0.00517438
hold268, 229.244, 130.56, 0.00517438
FILLER_0_44_477, 229.244, 130.56, 0.00517438
PHY_82, 5.52, 125.12, 0.00587669
PHY_84, 5.52, 125.12, 0.00587669
_3644_, 241.5, 125.12, 0.00532266
PHY_83, 241.5, 125.12, 0.00532266
PHY_85, 241.5, 125.12, 0.00532266
FILLER_0_41_15, 12.87, 125.12, 0.00587669
_2328_, 33.553, 125.12, 0.00610299
_3344_, 33.553, 125.12, 0.00610299
_3348_, 33.553, 125.12, 0.00610299
_3349_, 33.553, 125.12, 0.00610299
hold418, 33.553, 125.12, 0.00610299
hold424, 33.553, 125.12, 0.00610299
FILLER_0_43_65, 33.553, 125.12, 0.00610299
_4236_, 46.886, 125.12, 0.00631693
_4331_, 46.886, 125.12, 0.00631693
_4397_, 46.886, 125.12, 0.00631693
hold396, 46.886, 125.12, 0.00631693
_2318_, 60.22, 125.12, 0.006508
_2584_, 60.22, 125.12, 0.006508
_2635_, 60.22, 125.12, 0.006508
_3508_, 60.22, 125.12, 0.006508
_4234_, 60.22, 125.12, 0.006508
hold374, 60.22, 125.12, 0.006508
FILLER_0_42_125, 60.22, 125.12, 0.006508
FILLER_0_43_120, 60.22, 125.12, 0.006508
_2269_, 73.553, 125.12, 0.00665035
_2599_, 73.553, 125.12, 0.00665035
_2612_, 73.553, 125.12, 0.00665035
_4137_, 73.553, 125.12, 0.00665035
FILLER_0_42_161, 73.553, 125.12, 0.00665035
FILLER_0_43_158, 73.553, 125.12, 0.00665035
_2639_, 86.886, 125.12, 0.00670309
_2973_, 86.886, 125.12, 0.00670309
_2974_, 86.886, 125.12, 0.00670309
_3433_, 86.886, 125.12, 0.00670309
_3748_, 86.886, 125.12, 0.00670309
hold26, 86.886, 125.12, 0.00670309
FILLER_0_41_169, 86.886, 125.12, 0.00670309
_2963_, 100.22, 125.12, 0.00673208
_2985_, 100.22, 125.12, 0.00673208
_2986_, 100.22, 125.12, 0.00673208
_3435_, 100.22, 125.12, 0.00673208
_3753_, 100.22, 125.12, 0.00673208
hold476, 100.22, 125.12, 0.00673208
FILLER_0_42_205, 100.22, 125.12, 0.00673208
FILLER_0_43_208, 100.22, 125.12, 0.00673208
FILLER_0_43_220, 100.22, 125.12, 0.00673208
_2673_, 113.553, 125.12, 0.00670317
_2961_, 113.553, 125.12, 0.00670317
_2962_, 113.553, 125.12, 0.00670317
_2981_, 113.553, 125.12, 0.00670317
_3436_, 113.553, 125.12, 0.00670317
_3752_, 113.553, 125.12, 0.00670317
FILLER_0_42_247, 113.553, 125.12, 0.00670317
FILLER_0_43_237, 113.553, 125.12, 0.00670317
_3009_, 126.886, 125.12, 0.00658618
_3012_, 126.886, 125.12, 0.00658618
_3013_, 126.886, 125.12, 0.00658618
_3015_, 126.886, 125.12, 0.00658618
_3394_, 126.886, 125.12, 0.00658618
_3774_, 126.886, 125.12, 0.00658618
FILLER_0_41_250, 126.886, 125.12, 0.00658618
_2301_, 140.22, 125.12, 0.00637315
_2384_, 140.22, 125.12, 0.00637315
_2694_, 140.22, 125.12, 0.00637315
_2695_, 140.22, 125.12, 0.00637315
_3014_, 140.22, 125.12, 0.00637315
_3391_, 140.22, 125.12, 0.00637315
_3469_, 140.22, 125.12, 0.00637315
FILLER_0_42_286, 140.22, 125.12, 0.00637315
FILLER_0_43_298, 140.22, 125.12, 0.00637315
_2732_, 153.553, 125.12, 0.00608048
_2899_, 153.553, 125.12, 0.00608048
_2941_, 153.553, 125.12, 0.00608048
clkbuf_leaf_29_clk, 153.553, 125.12, 0.00608048
hold485, 153.553, 125.12, 0.00608048
FILLER_0_41_312, 153.553, 125.12, 0.00608048
FILLER_0_42_317, 153.553, 125.12, 0.00608048
_2702_, 166.886, 125.12, 0.00569063
_2894_, 166.886, 125.12, 0.00569063
_2896_, 166.886, 125.12, 0.00569063
_2939_, 166.886, 125.12, 0.00569063
_3776_, 166.886, 125.12, 0.00569063
_4550_, 166.886, 125.12, 0.00569063
hold431, 166.886, 125.12, 0.00569063
FILLER_0_42_342, 166.886, 125.12, 0.00569063
FILLER_0_42_361, 166.886, 125.12, 0.00569063
FILLER_0_43_362, 166.886, 125.12, 0.00569063
_2383_, 192.476, 125.12, 0.00526614
_3554_, 192.476, 125.12, 0.00526614
_3911_, 192.476, 125.12, 0.00526614
_4420_, 192.476, 125.12, 0.00526614
hold469, 192.476, 125.12, 0.00526614
FILLER_0_41_403, 192.476, 125.12, 0.00526614
FILLER_0_42_409, 192.476, 125.12, 0.00526614
FILLER_0_42_415, 192.476, 125.12, 0.00526614
_3648_, 204.732, 125.12, 0.00529705
_4720_, 204.732, 125.12, 0.00529705
_4779_, 204.732, 125.12, 0.00529705
hold327, 204.732, 125.12, 0.00529705
FILLER_0_41_425, 204.732, 125.12, 0.00529705
FILLER_0_42_421, 204.732, 125.12, 0.00529705
FILLER_0_43_435, 204.732, 125.12, 0.00529705
FILLER_0_43_441, 204.732, 125.12, 0.00529705
_3621_, 216.988, 125.12, 0.00531376
_3666_, 216.988, 125.12, 0.00531376
_3997_, 216.988, 125.12, 0.00531376
_4117_, 216.988, 125.12, 0.00531376
_4476_, 216.988, 125.12, 0.00531376
hold258, 216.988, 125.12, 0.00531376
FILLER_0_42_452, 216.988, 125.12, 0.00531376
_3624_, 229.244, 125.12, 0.00532246
_3665_, 229.244, 125.12, 0.00532246
_3996_, 229.244, 125.12, 0.00532246
_4055_, 229.244, 125.12, 0.00532246
_4689_, 229.244, 125.12, 0.00532246
hold212, 229.244, 125.12, 0.00532246
hold263, 229.244, 125.12, 0.00532246
FILLER_0_41_482, 229.244, 125.12, 0.00532246
PHY_78, 5.52, 119.68, 0.00603496
PHY_80, 5.52, 119.68, 0.00603496
PHY_79, 241.5, 119.68, 0.00555137
PHY_81, 241.5, 119.68, 0.00555137
input1, 241.5, 119.68, 0.00555137
hold269, 241.5, 119.68, 0.00555137
_3337_, 12.87, 119.68, 0.00603496
_3341_, 12.87, 119.68, 0.00603496
_4327_, 12.87, 119.68, 0.00603496
FILLER_0_39_15, 12.87, 119.68, 0.00603496
FILLER_0_40_15, 12.87, 119.68, 0.00603496
_2307_, 33.553, 119.68, 0.00630529
_2339_, 33.553, 119.68, 0.00630529
_2366_, 33.553, 119.68, 0.00630529
_2378_, 33.553, 119.68, 0.00630529
_3334_, 33.553, 119.68, 0.00630529
_3347_, 33.553, 119.68, 0.00630529
_4330_, 33.553, 119.68, 0.00630529
hold402, 33.553, 119.68, 0.00630529
FILLER_0_40_71, 33.553, 119.68, 0.00630529
_2257_, 46.886, 119.68, 0.00653559
_2849_, 46.886, 119.68, 0.00653559
_2866_, 46.886, 119.68, 0.00653559
_3511_, 46.886, 119.68, 0.00653559
FILLER_0_40_94, 46.886, 119.68, 0.00653559
FILLER_0_40_101, 46.886, 119.68, 0.00653559
_2593_, 60.22, 119.68, 0.0067027
_2600_, 60.22, 119.68, 0.0067027
_2601_, 60.22, 119.68, 0.0067027
_3183_, 60.22, 119.68, 0.0067027
_3184_, 60.22, 119.68, 0.0067027
_3510_, 60.22, 119.68, 0.0067027
hold390, 60.22, 119.68, 0.0067027
hold481, 60.22, 119.68, 0.0067027
_2606_, 73.553, 119.68, 0.00684801
_2609_, 73.553, 119.68, 0.00684801
_2610_, 73.553, 119.68, 0.00684801
_2966_, 73.553, 119.68, 0.00684801
_3744_, 73.553, 119.68, 0.00684801
_4536_, 73.553, 119.68, 0.00684801
FILLER_0_39_142, 73.553, 119.68, 0.00684801
FILLER_0_40_148, 73.553, 119.68, 0.00684801
FILLER_0_41_160, 73.553, 119.68, 0.00684801
_2645_, 86.886, 119.68, 0.00692145
_3743_, 86.886, 119.68, 0.00692145
_3754_, 86.886, 119.68, 0.00692145
_4540_, 86.886, 119.68, 0.00692145
hold8, 86.886, 119.68, 0.00692145
FILLER_0_39_164, 86.886, 119.68, 0.00692145
FILLER_0_40_179, 86.886, 119.68, 0.00692145
_2647_, 100.22, 119.68, 0.00695856
_2648_, 100.22, 119.68, 0.00695856
_2683_, 100.22, 119.68, 0.00695856
_2684_, 100.22, 119.68, 0.00695856
_2964_, 100.22, 119.68, 0.00695856
_2253_, 113.553, 119.68, 0.00690904
_2655_, 113.553, 119.68, 0.00690904
_2908_, 113.553, 119.68, 0.00690904
max_cap17, 113.553, 119.68, 0.00690904
_3004_, 126.886, 119.68, 0.00677128
_3008_, 126.886, 119.68, 0.00677128
_3393_, 126.886, 119.68, 0.00677128
FILLER_0_40_253, 126.886, 119.68, 0.00677128
_2370_, 140.22, 119.68, 0.00658883
_2909_, 140.22, 119.68, 0.00658883
_2995_, 140.22, 119.68, 0.00658883
_4551_, 140.22, 119.68, 0.00658883
FILLER_0_39_281, 140.22, 119.68, 0.00658883
_2715_, 153.553, 119.68, 0.00634167
_2893_, 153.553, 119.68, 0.00634167
_2895_, 153.553, 119.68, 0.00634167
_2937_, 153.553, 119.68, 0.00634167
_2938_, 153.553, 119.68, 0.00634167
_3778_, 153.553, 119.68, 0.00634167
_3779_, 153.553, 119.68, 0.00634167
FILLER_0_40_309, 153.553, 119.68, 0.00634167
_2247_, 166.886, 119.68, 0.00595244
_2717_, 166.886, 119.68, 0.00595244
_2720_, 166.886, 119.68, 0.00595244
_2827_, 166.886, 119.68, 0.00595244
_2933_, 166.886, 119.68, 0.00595244
_3777_, 166.886, 119.68, 0.00595244
FILLER_0_39_350, 166.886, 119.68, 0.00595244
_3211_, 192.476, 119.68, 0.00548843
_3539_, 192.476, 119.68, 0.00548843
_4412_, 192.476, 119.68, 0.00548843
_4614_, 192.476, 119.68, 0.00548843
hold383, 192.476, 119.68, 0.00548843
_4171_, 204.732, 119.68, 0.00551898
_4176_, 204.732, 119.68, 0.00551898
_4776_, 204.732, 119.68, 0.00551898
hold226, 204.732, 119.68, 0.00551898
hold259, 204.732, 119.68, 0.00551898
FILLER_0_40_421, 204.732, 119.68, 0.00551898
_3622_, 216.988, 119.68, 0.00554144
_4498_, 216.988, 119.68, 0.00554144
_4660_, 216.988, 119.68, 0.00554144
FILLER_0_40_451, 216.988, 119.68, 0.00554144
_3643_, 229.244, 119.68, 0.00555023
_4088_, 229.244, 119.68, 0.00555023
_4487_, 229.244, 119.68, 0.00555023
hold231, 229.244, 119.68, 0.00555023
PHY_74, 5.52, 114.24, 0.00614067
PHY_76, 5.52, 114.24, 0.00614067
_3982_, 241.5, 114.24, 0.00568444
PHY_75, 241.5, 114.24, 0.00568444
PHY_77, 241.5, 114.24, 0.00568444
_4296_, 12.87, 114.24, 0.00614067
_4325_, 12.87, 114.24, 0.00614067
FILLER_0_37_11, 12.87, 114.24, 0.00614067
_2306_, 33.553, 114.24, 0.00636337
FILLER_0_37_52, 33.553, 114.24, 0.00636337
_2283_, 46.886, 114.24, 0.00659278
_2846_, 46.886, 114.24, 0.00659278
_2848_, 46.886, 114.24, 0.00659278
_2864_, 46.886, 114.24, 0.00659278
_2865_, 46.886, 114.24, 0.00659278
_3885_, 46.886, 114.24, 0.00659278
_4398_, 46.886, 114.24, 0.00659278
FILLER_0_38_79, 46.886, 114.24, 0.00659278
_2571_, 60.22, 114.24, 0.00676277
_2654_, 60.22, 114.24, 0.00676277
_3035_, 60.22, 114.24, 0.00676277
_3506_, 60.22, 114.24, 0.00676277
hold416, 60.22, 114.24, 0.00676277
FILLER_0_38_121, 60.22, 114.24, 0.00676277
_2602_, 73.553, 114.24, 0.00690131
_2603_, 73.553, 114.24, 0.00690131
_2605_, 73.553, 114.24, 0.00690131
_2607_, 73.553, 114.24, 0.00690131
_2608_, 73.553, 114.24, 0.00690131
_3354_, 73.553, 114.24, 0.00690131
hold41, 73.553, 114.24, 0.00690131
hold98, 73.553, 114.24, 0.00690131
FILLER_0_37_145, 73.553, 114.24, 0.00690131
FILLER_0_38_134, 73.553, 114.24, 0.00690131
_3740_, 86.886, 114.24, 0.00700207
_3741_, 86.886, 114.24, 0.00700207
_4338_, 86.886, 114.24, 0.00700207
clkbuf_leaf_5_clk, 86.886, 114.24, 0.00700207
FILLER_0_38_190, 86.886, 114.24, 0.00700207
_2656_, 100.22, 114.24, 0.0070409
_2681_, 100.22, 114.24, 0.0070409
_2682_, 100.22, 114.24, 0.0070409
_2982_, 100.22, 114.24, 0.0070409
_3358_, 100.22, 114.24, 0.0070409
hold338, 100.22, 114.24, 0.0070409
FILLER_0_38_205, 100.22, 114.24, 0.0070409
_2671_, 113.553, 114.24, 0.00700527
_2672_, 113.553, 114.24, 0.00700527
_2688_, 113.553, 114.24, 0.00700527
_2907_, 113.553, 114.24, 0.00700527
_2983_, 113.553, 114.24, 0.00700527
_2984_, 113.553, 114.24, 0.00700527
_3768_, 113.553, 114.24, 0.00700527
max_cap18, 113.553, 114.24, 0.00700527
hold9, 113.553, 114.24, 0.00700527
FILLER_0_37_221, 113.553, 114.24, 0.00700527
FILLER_0_37_225, 113.553, 114.24, 0.00700527
_2459_, 126.886, 114.24, 0.00689407
_3392_, 126.886, 114.24, 0.00689407
_3773_, 126.886, 114.24, 0.00689407
_4548_, 126.886, 114.24, 0.00689407
hold479, 126.886, 114.24, 0.00689407
FILLER_0_37_256, 126.886, 114.24, 0.00689407
_2547_, 140.22, 114.24, 0.00671455
_2990_, 140.22, 114.24, 0.00671455
_2999_, 140.22, 114.24, 0.00671455
_3005_, 140.22, 114.24, 0.00671455
_3462_, 140.22, 114.24, 0.00671455
FILLER_0_37_291, 140.22, 114.24, 0.00671455
FILLER_0_38_305, 140.22, 114.24, 0.00671455
_2709_, 153.553, 114.24, 0.00644399
_2714_, 153.553, 114.24, 0.00644399
_2747_, 153.553, 114.24, 0.00644399
_2749_, 153.553, 114.24, 0.00644399
_2829_, 153.553, 114.24, 0.00644399
_2830_, 153.553, 114.24, 0.00644399
FILLER_0_38_309, 153.553, 114.24, 0.00644399
_2239_, 166.886, 114.24, 0.00608865
_2718_, 166.886, 114.24, 0.00608865
_2719_, 166.886, 114.24, 0.00608865
_2748_, 166.886, 114.24, 0.00608865
_2892_, 166.886, 114.24, 0.00608865
_3375_, 166.886, 114.24, 0.00608865
_3781_, 166.886, 114.24, 0.00608865
_4351_, 166.886, 114.24, 0.00608865
FILLER_0_38_351, 166.886, 114.24, 0.00608865
_2716_, 192.476, 114.24, 0.00564452
_3212_, 192.476, 114.24, 0.00564452
_3229_, 192.476, 114.24, 0.00564452
_3538_, 192.476, 114.24, 0.00564452
_4248_, 192.476, 114.24, 0.00564452
hold501, 192.476, 114.24, 0.00564452
_3714_, 204.732, 114.24, 0.00566795
_4116_, 204.732, 114.24, 0.00566795
_4170_, 204.732, 114.24, 0.00566795
_4522_, 204.732, 114.24, 0.00566795
hold210, 204.732, 114.24, 0.00566795
_3713_, 216.988, 114.24, 0.00568351
_4078_, 216.988, 114.24, 0.00568351
_4089_, 216.988, 114.24, 0.00568351
_4090_, 216.988, 114.24, 0.00568351
_4701_, 216.988, 114.24, 0.00568351
_4706_, 216.988, 114.24, 0.00568351
hold318, 216.988, 114.24, 0.00568351
FILLER_0_39_461, 216.988, 114.24, 0.00568351
hold294, 229.244, 114.24, 0.00568422
PHY_70, 5.52, 108.8, 0.00629579
PHY_72, 5.52, 108.8, 0.00629579
FILLER_0_36_3, 5.52, 108.8, 0.00629579
FILLER_0_37_3, 5.52, 108.8, 0.00629579
PHY_71, 241.5, 108.8, 0.00612227
PHY_73, 241.5, 108.8, 0.00612227
FILLER_0_35_501, 241.5, 108.8, 0.00612227
FILLER_0_35_505, 241.5, 108.8, 0.00612227
FILLER_0_36_500, 241.5, 108.8, 0.00612227
_4292_, 12.87, 108.8, 0.00629579
_4297_, 12.87, 108.8, 0.00629579
FILLER_0_35_11, 12.87, 108.8, 0.00629579
_2327_, 33.553, 108.8, 0.00653748
_2377_, 33.553, 108.8, 0.00653748
_3606_, 33.553, 108.8, 0.00653748
hold55, 33.553, 108.8, 0.00653748
hold64, 33.553, 108.8, 0.00653748
FILLER_0_37_72, 33.553, 108.8, 0.00653748
_3507_, 46.886, 108.8, 0.00677576
_3607_, 46.886, 108.8, 0.00677576
_3608_, 46.886, 108.8, 0.00677576
_4396_, 46.886, 108.8, 0.00677576
clkbuf_leaf_3_clk, 46.886, 108.8, 0.00677576
hold30, 46.886, 108.8, 0.00677576
_2649_, 60.22, 108.8, 0.00695033
_3025_, 60.22, 108.8, 0.00695033
_4334_, 60.22, 108.8, 0.00695033
_4403_, 60.22, 108.8, 0.00695033
hold367, 60.22, 108.8, 0.00695033
FILLER_0_36_121, 60.22, 108.8, 0.00695033
_2321_, 73.553, 108.8, 0.00707977
_2604_, 73.553, 108.8, 0.00707977
_3350_, 73.553, 108.8, 0.00707977
_3742_, 73.553, 108.8, 0.00707977
_4535_, 73.553, 108.8, 0.00707977
FILLER_0_36_147, 73.553, 108.8, 0.00707977
_2967_, 86.886, 108.8, 0.00712789
_2971_, 86.886, 108.8, 0.00712789
_3739_, 86.886, 108.8, 0.00712789
_4534_, 86.886, 108.8, 0.00712789
hold4, 86.886, 108.8, 0.00712789
FILLER_0_35_164, 86.886, 108.8, 0.00712789
FILLER_0_36_164, 86.886, 108.8, 0.00712789
FILLER_0_36_190, 86.886, 108.8, 0.00712789
FILLER_0_37_183, 86.886, 108.8, 0.00712789
_2236_, 100.22, 108.8, 0.00714579
_2743_, 100.22, 108.8, 0.00714579
hold5, 100.22, 108.8, 0.00714579
FILLER_0_35_202, 100.22, 108.8, 0.00714579
FILLER_0_36_197, 100.22, 108.8, 0.00714579
FILLER_0_36_216, 100.22, 108.8, 0.00714579
FILLER_0_37_213, 100.22, 108.8, 0.00714579
_2424_, 113.553, 108.8, 0.00711076
_2669_, 113.553, 108.8, 0.00711076
_3769_, 113.553, 108.8, 0.00711076
_4546_, 113.553, 108.8, 0.00711076
FILLER_0_36_224, 113.553, 108.8, 0.00711076
FILLER_0_36_243, 113.553, 108.8, 0.00711076
_2460_, 126.886, 108.8, 0.00704473
_2545_, 126.886, 108.8, 0.00704473
_2998_, 126.886, 108.8, 0.00704473
_3006_, 126.886, 108.8, 0.00704473
_3007_, 126.886, 108.8, 0.00704473
_3453_, 126.886, 108.8, 0.00704473
_3772_, 126.886, 108.8, 0.00704473
FILLER_0_36_253, 126.886, 108.8, 0.00704473
_2438_, 140.22, 108.8, 0.00683294
_2461_, 140.22, 108.8, 0.00683294
_2548_, 140.22, 108.8, 0.00683294
_2996_, 140.22, 108.8, 0.00683294
_2997_, 140.22, 108.8, 0.00683294
FILLER_0_36_302, 140.22, 108.8, 0.00683294
FILLER_0_37_303, 140.22, 108.8, 0.00683294
_2448_, 153.553, 108.8, 0.00656233
_2828_, 153.553, 108.8, 0.00656233
_3771_, 153.553, 108.8, 0.00656233
_4547_, 153.553, 108.8, 0.00656233
FILLER_0_36_328, 153.553, 108.8, 0.00656233
FILLER_0_37_332, 153.553, 108.8, 0.00656233
_2444_, 166.886, 108.8, 0.00624245
_2731_, 166.886, 108.8, 0.00624245
_3363_, 166.886, 108.8, 0.00624245
_4552_, 166.886, 108.8, 0.00624245
clkbuf_leaf_30_clk, 166.886, 108.8, 0.00624245
hold34, 166.886, 108.8, 0.00624245
FILLER_0_36_360, 166.886, 108.8, 0.00624245
FILLER_0_37_351, 166.886, 108.8, 0.00624245
_2443_, 192.476, 108.8, 0.00595744
_4091_, 192.476, 108.8, 0.00595744
clkbuf_leaf_32_clk, 192.476, 108.8, 0.00595744
hold497, 192.476, 108.8, 0.00595744
FILLER_0_37_407, 192.476, 108.8, 0.00595744
_4478_, 204.732, 108.8, 0.00604324
_4707_, 204.732, 108.8, 0.00604324
hold334, 204.732, 108.8, 0.00604324
_3631_, 216.988, 108.8, 0.00611505
_4079_, 216.988, 108.8, 0.00611505
_4505_, 216.988, 108.8, 0.00611505
_4517_, 216.988, 108.8, 0.00611505
clkbuf_leaf_33_clk, 216.988, 108.8, 0.00611505
_4653_, 229.244, 108.8, 0.00612227
hold295, 229.244, 108.8, 0.00612227
FILLER_0_35_481, 229.244, 108.8, 0.00612227
FILLER_0_36_477, 229.244, 108.8, 0.00612227
FILLER_0_37_489, 229.244, 108.8, 0.00612227
_3280_, 5.52, 103.36, 0.00638139
PHY_66, 5.52, 103.36, 0.00638139
PHY_68, 5.52, 103.36, 0.00638139
FILLER_0_34_3, 5.52, 103.36, 0.00638139
FILLER_0_35_3, 5.52, 103.36, 0.00638139
_3683_, 241.5, 103.36, 0.00598998
_3684_, 241.5, 103.36, 0.00598998
PHY_67, 241.5, 103.36, 0.00598998
PHY_69, 241.5, 103.36, 0.00598998
FILLER_0_34_504, 241.5, 103.36, 0.00598998
_3276_, 12.87, 103.36, 0.00638021
_3281_, 12.87, 103.36, 0.00638021
_4295_, 12.87, 103.36, 0.00638021
FILLER_0_33_11, 12.87, 103.36, 0.00638021
_2305_, 33.553, 103.36, 0.00663464
_2326_, 33.553, 103.36, 0.00663464
_2338_, 33.553, 103.36, 0.00663464
_2847_, 33.553, 103.36, 0.00663464
_4468_, 33.553, 103.36, 0.00663464
_4469_, 33.553, 103.36, 0.00663464
_2376_, 46.886, 103.36, 0.00685442
_3033_, 46.886, 103.36, 0.00685442
_3592_, 46.886, 103.36, 0.00685442
_3884_, 46.886, 103.36, 0.00685442
_4604_, 46.886, 103.36, 0.00685442
hold62, 46.886, 103.36, 0.00685442
FILLER_0_34_85, 46.886, 103.36, 0.00685442
_2572_, 60.22, 103.36, 0.00702456
_3034_, 60.22, 103.36, 0.00702456
_3520_, 60.22, 103.36, 0.00702456
_3521_, 60.22, 103.36, 0.00702456
_3881_, 60.22, 103.36, 0.00702456
hold417, 60.22, 103.36, 0.00702456
FILLER_0_34_115, 60.22, 103.36, 0.00702456
FILLER_0_34_127, 60.22, 103.36, 0.00702456
_2592_, 73.553, 103.36, 0.00718581
_2657_, 73.553, 103.36, 0.00718581
_2969_, 73.553, 103.36, 0.00718581
_2970_, 73.553, 103.36, 0.00718581
_3030_, 73.553, 103.36, 0.00718581
_3031_, 73.553, 103.36, 0.00718581
FILLER_0_34_148, 73.553, 103.36, 0.00718581
_2573_, 86.886, 103.36, 0.00729591
_2591_, 86.886, 103.36, 0.00729591
_2972_, 86.886, 103.36, 0.00729591
_3352_, 86.886, 103.36, 0.00729591
_4332_, 86.886, 103.36, 0.00729591
FILLER_0_34_167, 86.886, 103.36, 0.00729591
FILLER_0_35_178, 86.886, 103.36, 0.00729591
_2446_, 100.22, 103.36, 0.00735854
_2670_, 100.22, 103.36, 0.00735854
_2744_, 100.22, 103.36, 0.00735854
_3361_, 100.22, 103.36, 0.00735854
_3442_, 100.22, 103.36, 0.00735854
FILLER_0_34_197, 100.22, 103.36, 0.00735854
FILLER_0_34_206, 100.22, 103.36, 0.00735854
FILLER_0_35_213, 100.22, 103.36, 0.00735854
_2435_, 113.553, 103.36, 0.00728724
_2487_, 113.553, 103.36, 0.00728724
_2493_, 113.553, 103.36, 0.00728724
FILLER_0_34_237, 113.553, 103.36, 0.00728724
_2415_, 126.886, 103.36, 0.0071656
_2417_, 126.886, 103.36, 0.0071656
_2434_, 126.886, 103.36, 0.0071656
_2436_, 126.886, 103.36, 0.0071656
_2544_, 126.886, 103.36, 0.0071656
_2546_, 126.886, 103.36, 0.0071656
_2476_, 140.22, 103.36, 0.00697692
_2478_, 140.22, 103.36, 0.00697692
_2549_, 140.22, 103.36, 0.00697692
_2550_, 140.22, 103.36, 0.00697692
_2668_, 140.22, 103.36, 0.00697692
_2693_, 140.22, 103.36, 0.00697692
_2989_, 140.22, 103.36, 0.00697692
FILLER_0_33_286, 140.22, 103.36, 0.00697692
_2745_, 153.553, 103.36, 0.00667623
hold419, 153.553, 103.36, 0.00667623
FILLER_0_33_313, 153.553, 103.36, 0.00667623
FILLER_0_33_321, 153.553, 103.36, 0.00667623
FILLER_0_34_309, 153.553, 103.36, 0.00667623
FILLER_0_34_324, 153.553, 103.36, 0.00667623
FILLER_0_35_331, 153.553, 103.36, 0.00667623
_2313_, 166.886, 103.36, 0.00633377
_2447_, 166.886, 103.36, 0.00633377
_2729_, 166.886, 103.36, 0.00633377
_2730_, 166.886, 103.36, 0.00633377
_3764_, 166.886, 103.36, 0.00633377
_4344_, 166.886, 103.36, 0.00633377
hold79, 166.886, 103.36, 0.00633377
FILLER_0_33_343, 166.886, 103.36, 0.00633377
FILLER_0_34_337, 166.886, 103.36, 0.00633377
FILLER_0_34_348, 166.886, 103.36, 0.00633377
_3533_, 192.476, 103.36, 0.00595133
_4245_, 192.476, 103.36, 0.00595133
_4409_, 192.476, 103.36, 0.00595133
_4481_, 192.476, 103.36, 0.00595133
FILLER_0_34_411, 192.476, 103.36, 0.00595133
FILLER_0_35_415, 192.476, 103.36, 0.00595133
_3626_, 204.732, 103.36, 0.00597078
_3632_, 204.732, 103.36, 0.00597078
_3639_, 204.732, 103.36, 0.00597078
_3656_, 204.732, 103.36, 0.00597078
_4493_, 204.732, 103.36, 0.00597078
hold161, 204.732, 103.36, 0.00597078
hold260, 204.732, 103.36, 0.00597078
FILLER_0_33_424, 204.732, 103.36, 0.00597078
FILLER_0_34_421, 204.732, 103.36, 0.00597078
_3655_, 216.988, 103.36, 0.00598177
_3680_, 216.988, 103.36, 0.00598177
_3703_, 216.988, 103.36, 0.00598177
_3704_, 216.988, 103.36, 0.00598177
hold171, 216.988, 103.36, 0.00598177
hold246, 216.988, 103.36, 0.00598177
hold252, 216.988, 103.36, 0.00598177
hold281, 216.988, 103.36, 0.00598177
hold301, 216.988, 103.36, 0.00598177
_3983_, 229.244, 103.36, 0.00598958
_4571_, 229.244, 103.36, 0.00598958
hold198, 229.244, 103.36, 0.00598958
FILLER_0_34_489, 229.244, 103.36, 0.00598958
FILLER_0_35_493, 229.244, 103.36, 0.00598958
PHY_62, 5.52, 97.92, 0.0064631
PHY_64, 5.52, 97.92, 0.0064631
FILLER_0_32_3, 5.52, 97.92, 0.0064631
FILLER_0_33_3, 5.52, 97.92, 0.0064631
_4046_, 241.5, 97.92, 0.00611591
_4047_, 241.5, 97.92, 0.00611591
PHY_63, 241.5, 97.92, 0.00611591
PHY_65, 241.5, 97.92, 0.00611591
FILLER_0_31_505, 241.5, 97.92, 0.00611591
_3339_, 12.87, 97.92, 0.0064631
_4293_, 12.87, 97.92, 0.0064631
FILLER_0_31_13, 12.87, 97.92, 0.0064631
_2337_, 33.553, 97.92, 0.00669437
_3601_, 33.553, 97.92, 0.00669437
hold54, 33.553, 97.92, 0.00669437
hold81, 33.553, 97.92, 0.00669437
FILLER_0_31_57, 33.553, 97.92, 0.00669437
_3032_, 46.886, 97.92, 0.00692364
_3596_, 46.886, 97.92, 0.00692364
_3604_, 46.886, 97.92, 0.00692364
_4306_, 46.886, 97.92, 0.00692364
_4602_, 46.886, 97.92, 0.00692364
FILLER_0_31_77, 46.886, 97.92, 0.00692364
FILLER_0_32_98, 46.886, 97.92, 0.00692364
FILLER_0_33_102, 46.886, 97.92, 0.00692364
_3036_, 60.22, 97.92, 0.00710039
_3398_, 60.22, 97.92, 0.00710039
hold360, 60.22, 97.92, 0.00710039
hold361, 60.22, 97.92, 0.00710039
FILLER_0_33_132, 60.22, 97.92, 0.00710039
_2576_, 73.553, 97.92, 0.0072484
_2585_, 73.553, 97.92, 0.0072484
_2588_, 73.553, 97.92, 0.0072484
_2590_, 73.553, 97.92, 0.0072484
_2968_, 73.553, 97.92, 0.0072484
_3353_, 73.553, 97.92, 0.0072484
hold6, 73.553, 97.92, 0.0072484
FILLER_0_32_134, 73.553, 97.92, 0.0072484
FILLER_0_32_141, 73.553, 97.92, 0.0072484
_2243_, 86.886, 97.92, 0.00735829
_2574_, 86.886, 97.92, 0.00735829
_2575_, 86.886, 97.92, 0.00735829
_3362_, 86.886, 97.92, 0.00735829
FILLER_0_31_169, 86.886, 97.92, 0.00735829
FILLER_0_32_180, 86.886, 97.92, 0.00735829
_2275_, 100.22, 97.92, 0.00741311
_2659_, 100.22, 97.92, 0.00741311
_2661_, 100.22, 97.92, 0.00741311
_2674_, 100.22, 97.92, 0.00741311
hold27, 100.22, 97.92, 0.00741311
FILLER_0_33_216, 100.22, 97.92, 0.00741311
_2425_, 113.553, 97.92, 0.00739768
_2426_, 113.553, 97.92, 0.00739768
_2433_, 113.553, 97.92, 0.00739768
_2509_, 113.553, 97.92, 0.00739768
_2689_, 113.553, 97.92, 0.00739768
_3756_, 113.553, 97.92, 0.00739768
FILLER_0_32_228, 113.553, 97.92, 0.00739768
FILLER_0_33_246, 113.553, 97.92, 0.00739768
_2988_, 126.886, 97.92, 0.00726281
_3450_, 126.886, 97.92, 0.00726281
clkbuf_leaf_43_clk, 126.886, 97.92, 0.00726281
FILLER_0_32_273, 126.886, 97.92, 0.00726281
FILLER_0_33_272, 126.886, 97.92, 0.00726281
_2474_, 140.22, 97.92, 0.00704954
_2477_, 140.22, 97.92, 0.00704954
_2543_, 140.22, 97.92, 0.00704954
_2987_, 140.22, 97.92, 0.00704954
_2992_, 140.22, 97.92, 0.00704954
_3011_, 140.22, 97.92, 0.00704954
FILLER_0_32_303, 140.22, 97.92, 0.00704954
_3765_, 153.553, 97.92, 0.00675002
_3767_, 153.553, 97.92, 0.00675002
_3770_, 153.553, 97.92, 0.00675002
_4544_, 153.553, 97.92, 0.00675002
FILLER_0_31_316, 153.553, 97.92, 0.00675002
FILLER_0_32_309, 153.553, 97.92, 0.00675002
FILLER_0_32_324, 153.553, 97.92, 0.00675002
FILLER_0_33_330, 153.553, 97.92, 0.00675002
_3372_, 166.886, 97.92, 0.00640777
_3373_, 166.886, 97.92, 0.00640777
_3766_, 166.886, 97.92, 0.00640777
_4545_, 166.886, 97.92, 0.00640777
hold415, 166.886, 97.92, 0.00640777
hold421, 166.886, 97.92, 0.00640777
FILLER_0_32_345, 166.886, 97.92, 0.00640777
FILLER_0_32_365, 166.886, 97.92, 0.00640777
_3532_, 192.476, 97.92, 0.00606223
_4068_, 192.476, 97.92, 0.00606223
hold405, 192.476, 97.92, 0.00606223
FILLER_0_31_405, 192.476, 97.92, 0.00606223
FILLER_0_32_411, 192.476, 97.92, 0.00606223
_3625_, 204.732, 97.92, 0.00609187
_3640_, 204.732, 97.92, 0.00609187
_3845_, 204.732, 97.92, 0.00609187
_4584_, 204.732, 97.92, 0.00609187
_4684_, 204.732, 97.92, 0.00609187
FILLER_0_32_421, 204.732, 97.92, 0.00609187
_3679_, 216.988, 97.92, 0.00610744
_4044_, 216.988, 97.92, 0.00610744
_4045_, 216.988, 97.92, 0.00610744
_4157_, 216.988, 97.92, 0.00610744
_4769_, 216.988, 97.92, 0.00610744
FILLER_0_31_454, 216.988, 97.92, 0.00610744
FILLER_0_32_467, 216.988, 97.92, 0.00610744
FILLER_0_33_470, 216.988, 97.92, 0.00610744
_3818_, 229.244, 97.92, 0.00611549
_3819_, 229.244, 97.92, 0.00611549
_4507_, 229.244, 97.92, 0.00611549
hold138, 229.244, 97.92, 0.00611549
FILLER_0_32_477, 229.244, 97.92, 0.00611549
FILLER_0_32_485, 229.244, 97.92, 0.00611549
_4326_, 5.52, 92.48, 0.00662693
PHY_58, 5.52, 92.48, 0.00662693
PHY_60, 5.52, 92.48, 0.00662693
FILLER_0_31_3, 5.52, 92.48, 0.00662693
PHY_59, 241.5, 92.48, 0.0063777
PHY_61, 241.5, 92.48, 0.0063777
FILLER_0_29_505, 241.5, 92.48, 0.0063777
_3277_, 12.87, 92.48, 0.00662279
_3338_, 12.87, 92.48, 0.00662279
hold455, 12.87, 92.48, 0.00662279
FILLER_0_29_9, 12.87, 92.48, 0.00662279
FILLER_0_29_15, 12.87, 92.48, 0.00662279
_2352_, 33.553, 92.48, 0.00702592
_2356_, 33.553, 92.48, 0.00702592
_2364_, 33.553, 92.48, 0.00702592
_2365_, 33.553, 92.48, 0.00702592
_3602_, 33.553, 92.48, 0.00702592
_4464_, 33.553, 92.48, 0.00702592
hold44, 33.553, 92.48, 0.00702592
FILLER_0_29_53, 33.553, 92.48, 0.00702592
_2351_, 46.886, 92.48, 0.00739479
_3593_, 46.886, 92.48, 0.00739479
_4598_, 46.886, 92.48, 0.00739479
hold19, 46.886, 92.48, 0.00739479
hold388, 46.886, 92.48, 0.00739479
FILLER_0_30_79, 46.886, 92.48, 0.00739479
_2569_, 60.22, 92.48, 0.00773443
_2570_, 60.22, 92.48, 0.00773443
_2634_, 60.22, 92.48, 0.00773443
_2652_, 60.22, 92.48, 0.00773443
_2653_, 60.22, 92.48, 0.00773443
_3873_, 60.22, 92.48, 0.00773443
_3880_, 60.22, 92.48, 0.00773443
_4333_, 60.22, 92.48, 0.00773443
FILLER_0_30_132, 60.22, 92.48, 0.00773443
_2276_, 73.553, 92.48, 0.00800928
_2420_, 73.553, 92.48, 0.00800928
_2586_, 73.553, 92.48, 0.00800928
_2587_, 73.553, 92.48, 0.00800928
_2589_, 73.553, 92.48, 0.00800928
_3026_, 73.553, 92.48, 0.00800928
FILLER_0_29_138, 73.553, 92.48, 0.00800928
FILLER_0_30_141, 73.553, 92.48, 0.00800928
_2274_, 86.886, 92.48, 0.0081985
_2418_, 86.886, 92.48, 0.0081985
_2419_, 86.886, 92.48, 0.0081985
_2442_, 86.886, 92.48, 0.0081985
_2507_, 86.886, 92.48, 0.0081985
_4339_, 86.886, 92.48, 0.0081985
_2660_, 100.22, 92.48, 0.00824687
_3755_, 100.22, 92.48, 0.00824687
_4341_, 100.22, 92.48, 0.00824687
_4541_, 100.22, 92.48, 0.00824687
hold222, 100.22, 92.48, 0.00824687
hold473, 100.22, 92.48, 0.00824687
_2266_, 113.553, 92.48, 0.00824688
_2315_, 113.553, 92.48, 0.00824688
_2491_, 113.553, 92.48, 0.00824688
_2658_, 113.553, 92.48, 0.00824688
FILLER_0_29_225, 113.553, 92.48, 0.00824688
FILLER_0_30_249, 113.553, 92.48, 0.00824688
_2957_, 126.886, 92.48, 0.00815942
_2958_, 126.886, 92.48, 0.00815942
_2960_, 126.886, 92.48, 0.00815942
_3010_, 126.886, 92.48, 0.00815942
FILLER_0_30_271, 126.886, 92.48, 0.00815942
FILLER_0_31_275, 126.886, 92.48, 0.00815942
_2542_, 140.22, 92.48, 0.00788228
_2692_, 140.22, 92.48, 0.00788228
_2993_, 140.22, 92.48, 0.00788228
_2994_, 140.22, 92.48, 0.00788228
_3002_, 140.22, 92.48, 0.00788228
_3003_, 140.22, 92.48, 0.00788228
_2530_, 153.553, 92.48, 0.00745966
_2539_, 153.553, 92.48, 0.00745966
_2541_, 153.553, 92.48, 0.00745966
_3000_, 153.553, 92.48, 0.00745966
_3001_, 153.553, 92.48, 0.00745966
_2471_, 166.886, 92.48, 0.00689363
_2472_, 166.886, 92.48, 0.00689363
_2473_, 166.886, 92.48, 0.00689363
_2518_, 166.886, 92.48, 0.00689363
_2528_, 166.886, 92.48, 0.00689363
_3364_, 166.886, 92.48, 0.00689363
_3370_, 166.886, 92.48, 0.00689363
hold7, 166.886, 92.48, 0.00689363
FILLER_0_29_343, 166.886, 92.48, 0.00689363
FILLER_0_30_355, 166.886, 92.48, 0.00689363
FILLER_0_31_357, 166.886, 92.48, 0.00689363
_3821_, 192.476, 92.48, 0.00632181
_4069_, 192.476, 92.48, 0.00632181
_4111_, 192.476, 92.48, 0.00632181
_4485_, 192.476, 92.48, 0.00632181
_4572_, 192.476, 92.48, 0.00632181
hold125, 192.476, 92.48, 0.00632181
hold247, 192.476, 92.48, 0.00632181
FILLER_0_30_397, 192.476, 92.48, 0.00632181
FILLER_0_30_406, 192.476, 92.48, 0.00632181
_3844_, 204.732, 92.48, 0.00635281
_4166_, 204.732, 92.48, 0.00635281
_4582_, 204.732, 92.48, 0.00635281
_4696_, 204.732, 92.48, 0.00635281
hold159, 204.732, 92.48, 0.00635281
FILLER_0_30_437, 204.732, 92.48, 0.00635281
_3642_, 216.988, 92.48, 0.00636937
_3840_, 216.988, 92.48, 0.00636937
_3841_, 216.988, 92.48, 0.00636937
_4192_, 216.988, 92.48, 0.00636937
_4193_, 216.988, 92.48, 0.00636937
_4770_, 216.988, 92.48, 0.00636937
hold162, 216.988, 92.48, 0.00636937
_3952_, 229.244, 92.48, 0.0063777
_4158_, 229.244, 92.48, 0.0063777
_4159_, 229.244, 92.48, 0.0063777
_4685_, 229.244, 92.48, 0.0063777
hold202, 229.244, 92.48, 0.0063777
hold241, 229.244, 92.48, 0.0063777
FILLER_0_29_482, 229.244, 92.48, 0.0063777
FILLER_0_30_488, 229.244, 92.48, 0.0063777
PHY_54, 5.52, 87.04, 0.00670724
PHY_56, 5.52, 87.04, 0.00670724
output6, 5.52, 87.04, 0.00670724
_3856_, 241.5, 87.04, 0.0066705
PHY_55, 241.5, 87.04, 0.0066705
PHY_57, 241.5, 87.04, 0.0066705
FILLER_0_28_505, 241.5, 87.04, 0.0066705
_3274_, 12.87, 87.04, 0.00670637
_3278_, 12.87, 87.04, 0.00670637
_3269_, 33.553, 87.04, 0.00713145
_3603_, 33.553, 87.04, 0.00713145
_4459_, 33.553, 87.04, 0.00713145
hold31, 33.553, 87.04, 0.00713145
FILLER_0_27_57, 33.553, 87.04, 0.00713145
FILLER_0_28_62, 33.553, 87.04, 0.00713145
_2345_, 46.886, 87.04, 0.00753289
_2650_, 46.886, 87.04, 0.00753289
_2768_, 46.886, 87.04, 0.00753289
_2769_, 46.886, 87.04, 0.00753289
_2770_, 46.886, 87.04, 0.00753289
_3298_, 46.886, 87.04, 0.00753289
_3299_, 46.886, 87.04, 0.00753289
_3598_, 46.886, 87.04, 0.00753289
FILLER_0_28_85, 46.886, 87.04, 0.00753289
FILLER_0_29_97, 46.886, 87.04, 0.00753289
_2481_, 60.22, 87.04, 0.00787925
_2699_, 60.22, 87.04, 0.00787925
_3028_, 60.22, 87.04, 0.00787925
_3287_, 60.22, 87.04, 0.00787925
_3872_, 60.22, 87.04, 0.00787925
FILLER_0_28_127, 60.22, 87.04, 0.00787925
FILLER_0_29_124, 60.22, 87.04, 0.00787925
FILLER_0_29_132, 60.22, 87.04, 0.00787925
_2230_, 73.553, 87.04, 0.00815572
_2251_, 73.553, 87.04, 0.00815572
_2265_, 73.553, 87.04, 0.00815572
_4264_, 73.553, 87.04, 0.00815572
clkbuf_leaf_4_clk, 73.553, 87.04, 0.00815572
FILLER_0_28_135, 73.553, 87.04, 0.00815572
_2235_, 86.886, 87.04, 0.00830587
_2238_, 86.886, 87.04, 0.00830587
_2294_, 86.886, 87.04, 0.00830587
_2440_, 86.886, 87.04, 0.00830587
_3351_, 86.886, 87.04, 0.00830587
_3359_, 86.886, 87.04, 0.00830587
_3360_, 86.886, 87.04, 0.00830587
hold10, 86.886, 87.04, 0.00830587
_2421_, 100.22, 87.04, 0.00833533
_2490_, 100.22, 87.04, 0.00833533
_2492_, 100.22, 87.04, 0.00833533
_4340_, 100.22, 87.04, 0.00833533
FILLER_0_28_220, 100.22, 87.04, 0.00833533
FILLER_0_29_219, 100.22, 87.04, 0.00833533
_2277_, 113.553, 87.04, 0.00824616
_2312_, 113.553, 87.04, 0.00824616
_2398_, 113.553, 87.04, 0.00824616
_2412_, 113.553, 87.04, 0.00824616
_2494_, 113.553, 87.04, 0.00824616
_3759_, 113.553, 87.04, 0.00824616
_4543_, 113.553, 87.04, 0.00824616
FILLER_0_27_225, 113.553, 87.04, 0.00824616
FILLER_0_28_245, 113.553, 87.04, 0.00824616
_2413_, 126.886, 87.04, 0.00802081
_2414_, 126.886, 87.04, 0.00802081
_2499_, 126.886, 87.04, 0.00802081
FILLER_0_28_253, 126.886, 87.04, 0.00802081
_2522_, 140.22, 87.04, 0.00773892
_2685_, 140.22, 87.04, 0.00773892
_2687_, 140.22, 87.04, 0.00773892
_2691_, 140.22, 87.04, 0.00773892
_2956_, 140.22, 87.04, 0.00773892
FILLER_0_27_289, 140.22, 87.04, 0.00773892
_2520_, 153.553, 87.04, 0.00738766
_2521_, 153.553, 87.04, 0.00738766
_2540_, 153.553, 87.04, 0.00738766
_2991_, 153.553, 87.04, 0.00738766
_2519_, 166.886, 87.04, 0.00692037
_2525_, 166.886, 87.04, 0.00692037
_2529_, 166.886, 87.04, 0.00692037
_3527_, 166.886, 87.04, 0.00692037
_4347_, 166.886, 87.04, 0.00692037
hold337, 166.886, 87.04, 0.00692037
FILLER_0_28_343, 166.886, 87.04, 0.00692037
FILLER_0_28_361, 166.886, 87.04, 0.00692037
FILLER_0_29_356, 166.886, 87.04, 0.00692037
_3820_, 192.476, 87.04, 0.0065167
_4167_, 192.476, 87.04, 0.0065167
_4774_, 192.476, 87.04, 0.0065167
clkbuf_leaf_31_clk, 192.476, 87.04, 0.0065167
hold229, 192.476, 87.04, 0.0065167
FILLER_0_28_417, 192.476, 87.04, 0.0065167
_4486_, 204.732, 87.04, 0.00658978
hold220, 204.732, 87.04, 0.00658978
FILLER_0_28_429, 204.732, 87.04, 0.00658978
FILLER_0_29_442, 204.732, 87.04, 0.00658978
_3641_, 216.988, 87.04, 0.0066556
_3953_, 216.988, 87.04, 0.0066556
_4156_, 216.988, 87.04, 0.0066556
clkbuf_leaf_34_clk, 216.988, 87.04, 0.0066556
hold129, 216.988, 87.04, 0.0066556
hold131, 216.988, 87.04, 0.0066556
hold326, 216.988, 87.04, 0.0066556
FILLER_0_29_469, 216.988, 87.04, 0.0066556
_4593_, 229.244, 87.04, 0.00667029
_4638_, 229.244, 87.04, 0.00667029
hold266, 229.244, 87.04, 0.00667029
hold325, 229.244, 87.04, 0.00667029
PHY_50, 5.52, 81.6, 0.00678045
PHY_52, 5.52, 81.6, 0.00678045
FILLER_0_26_3, 5.52, 81.6, 0.00678045
FILLER_0_27_3, 5.52, 81.6, 0.00678045
PHY_51, 241.5, 81.6, 0.00654776
PHY_53, 241.5, 81.6, 0.00654776
FILLER_0_25_500, 241.5, 81.6, 0.00654776
FILLER_0_25_505, 241.5, 81.6, 0.00654776
FILLER_0_26_503, 241.5, 81.6, 0.00654776
_4289_, 12.87, 81.6, 0.00678045
_4290_, 12.87, 81.6, 0.00678045
_2783_, 33.553, 81.6, 0.00716021
_3570_, 33.553, 81.6, 0.00716021
_3595_, 33.553, 81.6, 0.00716021
clkbuf_leaf_1_clk, 33.553, 81.6, 0.00716021
hold36, 33.553, 81.6, 0.00716021
FILLER_0_25_47, 33.553, 81.6, 0.00716021
FILLER_0_26_72, 33.553, 81.6, 0.00716021
_2697_, 46.886, 81.6, 0.00747476
_3286_, 46.886, 81.6, 0.00747476
_3583_, 46.886, 81.6, 0.00747476
_3597_, 46.886, 81.6, 0.00747476
_4300_, 46.886, 81.6, 0.00747476
hold13, 46.886, 81.6, 0.00747476
hold42, 46.886, 81.6, 0.00747476
hold385, 46.886, 81.6, 0.00747476
_2293_, 60.22, 81.6, 0.00775123
_2565_, 60.22, 81.6, 0.00775123
_2696_, 60.22, 81.6, 0.00775123
hold380, 60.22, 81.6, 0.00775123
FILLER_0_26_129, 60.22, 81.6, 0.00775123
FILLER_0_27_131, 60.22, 81.6, 0.00775123
_2320_, 73.553, 81.6, 0.0079869
_4265_, 73.553, 81.6, 0.0079869
_4266_, 73.553, 81.6, 0.0079869
FILLER_0_25_134, 73.553, 81.6, 0.0079869
FILLER_0_26_137, 73.553, 81.6, 0.0079869
_2262_, 86.886, 81.6, 0.00816316
_2264_, 86.886, 81.6, 0.00816316
_2268_, 86.886, 81.6, 0.00816316
_2284_, 86.886, 81.6, 0.00816316
_2382_, 86.886, 81.6, 0.00816316
_2441_, 86.886, 81.6, 0.00816316
_2445_, 86.886, 81.6, 0.00816316
_2228_, 100.22, 81.6, 0.00815372
_2234_, 100.22, 81.6, 0.00815372
_2252_, 100.22, 81.6, 0.00815372
_2282_, 100.22, 81.6, 0.00815372
_2299_, 100.22, 81.6, 0.00815372
_2311_, 100.22, 81.6, 0.00815372
_2396_, 100.22, 81.6, 0.00815372
_2437_, 100.22, 81.6, 0.00815372
_2489_, 100.22, 81.6, 0.00815372
_2244_, 113.553, 81.6, 0.00800804
_2397_, 113.553, 81.6, 0.00800804
_3757_, 113.553, 81.6, 0.00800804
_3760_, 113.553, 81.6, 0.00800804
hold489, 113.553, 81.6, 0.00800804
FILLER_0_26_230, 113.553, 81.6, 0.00800804
FILLER_0_26_236, 113.553, 81.6, 0.00800804
_2498_, 126.886, 81.6, 0.00778978
_2803_, 126.886, 81.6, 0.00778978
_4542_, 126.886, 81.6, 0.00778978
hold471, 126.886, 81.6, 0.00778978
FILLER_0_25_252, 126.886, 81.6, 0.00778978
FILLER_0_26_277, 126.886, 81.6, 0.00778978
_2508_, 140.22, 81.6, 0.00752844
_2516_, 140.22, 81.6, 0.00752844
_2686_, 140.22, 81.6, 0.00752844
FILLER_0_25_288, 140.22, 81.6, 0.00752844
FILLER_0_26_300, 140.22, 81.6, 0.00752844
_2506_, 153.553, 81.6, 0.00720264
_2523_, 153.553, 81.6, 0.00720264
_2690_, 153.553, 81.6, 0.00720264
clkbuf_leaf_42_clk, 153.553, 81.6, 0.00720264
FILLER_0_26_324, 153.553, 81.6, 0.00720264
_3199_, 166.886, 81.6, 0.00680477
_3200_, 166.886, 81.6, 0.00680477
_3526_, 166.886, 81.6, 0.00680477
_4406_, 166.886, 81.6, 0.00680477
hold348, 166.886, 81.6, 0.00680477
FILLER_0_25_337, 166.886, 81.6, 0.00680477
FILLER_0_26_354, 166.886, 81.6, 0.00680477
FILLER_0_26_361, 166.886, 81.6, 0.00680477
FILLER_0_27_364, 166.886, 81.6, 0.00680477
_4655_, 192.476, 81.6, 0.00646148
_4709_, 192.476, 81.6, 0.00646148
_4717_, 192.476, 81.6, 0.00646148
FILLER_0_26_397, 192.476, 81.6, 0.00646148
_3830_, 204.732, 81.6, 0.00650446
_3831_, 204.732, 81.6, 0.00650446
_4095_, 204.732, 81.6, 0.00650446
_4110_, 204.732, 81.6, 0.00650446
_4502_, 204.732, 81.6, 0.00650446
_4577_, 204.732, 81.6, 0.00650446
FILLER_0_26_444, 204.732, 81.6, 0.00650446
FILLER_0_27_441, 204.732, 81.6, 0.00650446
_4680_, 216.988, 81.6, 0.0065331
_4787_, 216.988, 81.6, 0.0065331
hold300, 216.988, 81.6, 0.0065331
_3857_, 229.244, 81.6, 0.00654776
_4590_, 229.244, 81.6, 0.00654776
_4681_, 229.244, 81.6, 0.00654776
hold217, 229.244, 81.6, 0.00654776
hold288, 229.244, 81.6, 0.00654776
_4288_, 5.52, 76.16, 0.00682021
PHY_46, 5.52, 76.16, 0.00682021
PHY_48, 5.52, 76.16, 0.00682021
PHY_47, 241.5, 76.16, 0.00655992
PHY_49, 241.5, 76.16, 0.00655992
FILLER_0_23_505, 241.5, 76.16, 0.00655992
FILLER_0_24_506, 241.5, 76.16, 0.00655992
_4291_, 12.87, 76.16, 0.00681424
hold97, 12.87, 76.16, 0.00681424
FILLER_0_23_15, 12.87, 76.16, 0.00681424
_2784_, 33.553, 76.16, 0.00714838
_3600_, 33.553, 76.16, 0.00714838
_4457_, 33.553, 76.16, 0.00714838
_4460_, 33.553, 76.16, 0.00714838
FILLER_0_23_53, 33.553, 76.16, 0.00714838
FILLER_0_24_51, 33.553, 76.16, 0.00714838
_3599_, 46.886, 76.16, 0.00746489
_4319_, 46.886, 76.16, 0.00746489
_4456_, 46.886, 76.16, 0.00746489
hold43, 46.886, 76.16, 0.00746489
hold63, 46.886, 76.16, 0.00746489
_2285_, 60.22, 76.16, 0.00775707
_2298_, 60.22, 76.16, 0.00775707
_2304_, 60.22, 76.16, 0.00775707
_2698_, 60.22, 76.16, 0.00775707
_2758_, 60.22, 76.16, 0.00775707
_2799_, 60.22, 76.16, 0.00775707
_2802_, 60.22, 76.16, 0.00775707
_3325_, 60.22, 76.16, 0.00775707
hold387, 60.22, 76.16, 0.00775707
_2263_, 73.553, 76.16, 0.00793682
_2267_, 73.553, 76.16, 0.00793682
_2297_, 73.553, 76.16, 0.00793682
_2319_, 73.553, 76.16, 0.00793682
_2439_, 73.553, 76.16, 0.00793682
FILLER_0_24_136, 73.553, 76.16, 0.00793682
_2231_, 86.886, 76.16, 0.0080688
_2233_, 86.886, 76.16, 0.0080688
_2279_, 86.886, 76.16, 0.0080688
_2354_, 86.886, 76.16, 0.0080688
_2449_, 86.886, 76.16, 0.0080688
max_cap20, 86.886, 76.16, 0.0080688
_2271_, 100.22, 76.16, 0.00810303
_2272_, 100.22, 76.16, 0.00810303
_2273_, 100.22, 76.16, 0.00810303
_2464_, 100.22, 76.16, 0.00810303
_2488_, 100.22, 76.16, 0.00810303
_2496_, 100.22, 76.16, 0.00810303
clkbuf_leaf_44_clk, 100.22, 76.16, 0.00810303
FILLER_0_25_209, 100.22, 76.16, 0.00810303
_2395_, 113.553, 76.16, 0.00798232
_2416_, 113.553, 76.16, 0.00798232
_3208_, 113.553, 76.16, 0.00798232
_3758_, 113.553, 76.16, 0.00798232
_4410_, 113.553, 76.16, 0.00798232
FILLER_0_23_221, 113.553, 76.16, 0.00798232
FILLER_0_24_246, 113.553, 76.16, 0.00798232
FILLER_0_25_243, 113.553, 76.16, 0.00798232
_2401_, 126.886, 76.16, 0.00781208
_2422_, 126.886, 76.16, 0.00781208
_2497_, 126.886, 76.16, 0.00781208
_3427_, 126.886, 76.16, 0.00781208
_4408_, 126.886, 76.16, 0.00781208
FILLER_0_25_275, 126.886, 76.16, 0.00781208
_2280_, 140.22, 76.16, 0.00759936
_2462_, 140.22, 76.16, 0.00759936
_2475_, 140.22, 76.16, 0.00759936
_2526_, 140.22, 76.16, 0.00759936
_2793_, 140.22, 76.16, 0.00759936
_3447_, 140.22, 76.16, 0.00759936
FILLER_0_24_296, 140.22, 76.16, 0.00759936
FILLER_0_24_305, 140.22, 76.16, 0.00759936
_2495_, 153.553, 76.16, 0.00725461
_2537_, 153.553, 76.16, 0.00725461
_2746_, 153.553, 76.16, 0.00725461
_4240_, 153.553, 76.16, 0.00725461
FILLER_0_23_308, 153.553, 76.16, 0.00725461
FILLER_0_24_317, 153.553, 76.16, 0.00725461
_2470_, 166.886, 76.16, 0.00687288
_2517_, 166.886, 76.16, 0.00687288
_3537_, 166.886, 76.16, 0.00687288
_4242_, 166.886, 76.16, 0.00687288
_4411_, 166.886, 76.16, 0.00687288
hold335, 166.886, 76.16, 0.00687288
FILLER_0_24_361, 166.886, 76.16, 0.00687288
_3728_, 192.476, 76.16, 0.00650206
_3971_, 192.476, 76.16, 0.00650206
_3986_, 192.476, 76.16, 0.00650206
_4094_, 192.476, 76.16, 0.00650206
_4529_, 192.476, 76.16, 0.00650206
hold306, 192.476, 76.16, 0.00650206
FILLER_0_24_401, 192.476, 76.16, 0.00650206
_3673_, 204.732, 76.16, 0.00652794
_3674_, 204.732, 76.16, 0.00652794
_3727_, 204.732, 76.16, 0.00652794
_3987_, 204.732, 76.16, 0.00652794
_4037_, 204.732, 76.16, 0.00652794
hold213, 204.732, 76.16, 0.00652794
hold255, 204.732, 76.16, 0.00652794
hold346, 204.732, 76.16, 0.00652794
FILLER_0_23_431, 204.732, 76.16, 0.00652794
FILLER_0_24_441, 204.732, 76.16, 0.00652794
_3814_, 216.988, 76.16, 0.00655134
_3862_, 216.988, 76.16, 0.00655134
_3863_, 216.988, 76.16, 0.00655134
_4036_, 216.988, 76.16, 0.00655134
_4569_, 216.988, 76.16, 0.00655134
_4784_, 216.988, 76.16, 0.00655134
hold224, 216.988, 76.16, 0.00655134
FILLER_0_24_448, 216.988, 76.16, 0.00655134
FILLER_0_24_454, 216.988, 76.16, 0.00655134
_4038_, 229.244, 76.16, 0.00655992
_4039_, 229.244, 76.16, 0.00655992
_4576_, 229.244, 76.16, 0.00655992
hold130, 229.244, 76.16, 0.00655992
hold183, 229.244, 76.16, 0.00655992
hold292, 229.244, 76.16, 0.00655992
PHY_42, 5.52, 70.72, 0.00681214
PHY_44, 5.52, 70.72, 0.00681214
PHY_43, 241.5, 70.72, 0.00666784
PHY_45, 241.5, 70.72, 0.00666784
FILLER_0_21_505, 241.5, 70.72, 0.00666784
_3272_, 12.87, 70.72, 0.00681214
_3594_, 33.553, 70.72, 0.00707967
_4458_, 33.553, 70.72, 0.00707967
hold102, 33.553, 70.72, 0.00707967
hold110, 33.553, 70.72, 0.00707967
FILLER_0_22_55, 33.553, 70.72, 0.00707967
FILLER_0_22_69, 33.553, 70.72, 0.00707967
FILLER_0_23_64, 33.553, 70.72, 0.00707967
_2724_, 46.886, 70.72, 0.00733053
_2725_, 46.886, 70.72, 0.00733053
_2759_, 46.886, 70.72, 0.00733053
_3323_, 46.886, 70.72, 0.00733053
FILLER_0_21_85, 46.886, 70.72, 0.00733053
FILLER_0_22_85, 46.886, 70.72, 0.00733053
_2300_, 60.22, 70.72, 0.00753379
_2723_, 60.22, 70.72, 0.00753379
_2800_, 60.22, 70.72, 0.00753379
_3324_, 60.22, 70.72, 0.00753379
_4267_, 60.22, 70.72, 0.00753379
hold506, 60.22, 70.72, 0.00753379
FILLER_0_22_125, 60.22, 70.72, 0.00753379
_2227_, 73.553, 70.72, 0.00767934
_2229_, 73.553, 70.72, 0.00767934
_2237_, 73.553, 70.72, 0.00767934
_2289_, 73.553, 70.72, 0.00767934
_2290_, 73.553, 70.72, 0.00767934
_2291_, 73.553, 70.72, 0.00767934
_2295_, 73.553, 70.72, 0.00767934
_2302_, 73.553, 70.72, 0.00767934
hold394, 73.553, 70.72, 0.00767934
_2242_, 86.886, 70.72, 0.00769321
_2246_, 86.886, 70.72, 0.00769321
_2286_, 86.886, 70.72, 0.00769321
_2353_, 86.886, 70.72, 0.00769321
_2399_, 100.22, 70.72, 0.00761275
_2741_, 100.22, 70.72, 0.00761275
_3524_, 100.22, 70.72, 0.00761275
_4405_, 100.22, 70.72, 0.00761275
hold350, 100.22, 70.72, 0.00761275
_3197_, 113.553, 70.72, 0.00750085
_3207_, 113.553, 70.72, 0.00750085
_3531_, 113.553, 70.72, 0.00750085
_3534_, 113.553, 70.72, 0.00750085
_3535_, 113.553, 70.72, 0.00750085
_4246_, 113.553, 70.72, 0.00750085
hold339, 113.553, 70.72, 0.00750085
hold340, 113.553, 70.72, 0.00750085
hold449, 113.553, 70.72, 0.00750085
_2787_, 126.886, 70.72, 0.0073786
_3916_, 126.886, 70.72, 0.0073786
_3917_, 126.886, 70.72, 0.0073786
_4620_, 126.886, 70.72, 0.0073786
hold354, 126.886, 70.72, 0.0073786
hold363, 126.886, 70.72, 0.0073786
FILLER_0_22_273, 126.886, 70.72, 0.0073786
_2469_, 140.22, 70.72, 0.00722863
_2536_, 140.22, 70.72, 0.00722863
_2538_, 140.22, 70.72, 0.00722863
_4609_, 140.22, 70.72, 0.00722863
hold345, 140.22, 70.72, 0.00722863
_2726_, 153.553, 70.72, 0.00701594
_2773_, 153.553, 70.72, 0.00701594
_3195_, 153.553, 70.72, 0.00701594
_3213_, 153.553, 70.72, 0.00701594
_4404_, 153.553, 70.72, 0.00701594
hold446, 153.553, 70.72, 0.00701594
hold503, 153.553, 70.72, 0.00701594
_2728_, 166.886, 70.72, 0.00677086
_3196_, 166.886, 70.72, 0.00677086
_3209_, 166.886, 70.72, 0.00677086
_3210_, 166.886, 70.72, 0.00677086
_3536_, 166.886, 70.72, 0.00677086
_3543_, 166.886, 70.72, 0.00677086
_4247_, 166.886, 70.72, 0.00677086
_4414_, 166.886, 70.72, 0.00677086
hold379, 166.886, 70.72, 0.00677086
hold467, 166.886, 70.72, 0.00677086
hold472, 166.886, 70.72, 0.00677086
FILLER_0_23_359, 166.886, 70.72, 0.00677086
_3970_, 192.476, 70.72, 0.00658117
_4587_, 192.476, 70.72, 0.00658117
_3611_, 204.732, 70.72, 0.00665157
_3730_, 204.732, 70.72, 0.00665157
_3815_, 204.732, 70.72, 0.00665157
_3850_, 204.732, 70.72, 0.00665157
_3851_, 204.732, 70.72, 0.00665157
_4107_, 204.732, 70.72, 0.00665157
clkbuf_leaf_35_clk, 204.732, 70.72, 0.00665157
hold177, 204.732, 70.72, 0.00665157
hold310, 204.732, 70.72, 0.00665157
FILLER_0_23_439, 204.732, 70.72, 0.00665157
_3729_, 216.988, 70.72, 0.00666698
_4186_, 216.988, 70.72, 0.00666698
_4187_, 216.988, 70.72, 0.00666698
_4715_, 216.988, 70.72, 0.00666698
_4722_, 216.988, 70.72, 0.00666698
hold180, 216.988, 70.72, 0.00666698
FILLER_0_23_471, 216.988, 70.72, 0.00666698
_3828_, 229.244, 70.72, 0.00666784
_3829_, 229.244, 70.72, 0.00666784
hold257, 229.244, 70.72, 0.00666784
FILLER_0_23_497, 229.244, 70.72, 0.00666784
PHY_38, 5.52, 65.28, 0.00688683
PHY_40, 5.52, 65.28, 0.00688683
PHY_39, 241.5, 65.28, 0.00665527
PHY_41, 241.5, 65.28, 0.00665527
FILLER_0_19_505, 241.5, 65.28, 0.00665527
FILLER_0_20_501, 241.5, 65.28, 0.00665527
_3282_, 33.553, 65.28, 0.00723676
_3284_, 33.553, 65.28, 0.00723676
_3285_, 33.553, 65.28, 0.00723676
_3574_, 33.553, 65.28, 0.00723676
hold21, 33.553, 65.28, 0.00723676
_2296_, 46.886, 65.28, 0.00756536
_2567_, 46.886, 65.28, 0.00756536
_2711_, 46.886, 65.28, 0.00756536
_4318_, 46.886, 65.28, 0.00756536
hold51, 46.886, 65.28, 0.00756536
FILLER_0_20_77, 46.886, 65.28, 0.00756536
FILLER_0_20_85, 46.886, 65.28, 0.00756536
_2255_, 60.22, 65.28, 0.00786579
_2556_, 60.22, 65.28, 0.00786579
_2722_, 60.22, 65.28, 0.00786579
_2801_, 60.22, 65.28, 0.00786579
_3322_, 60.22, 65.28, 0.00786579
_3878_, 60.22, 65.28, 0.00786579
_4601_, 60.22, 65.28, 0.00786579
FILLER_0_20_105, 60.22, 65.28, 0.00786579
_2451_, 73.553, 65.28, 0.00807597
_3330_, 73.553, 65.28, 0.00807597
_4303_, 73.553, 65.28, 0.00807597
_4322_, 73.553, 65.28, 0.00807597
clkbuf_2_0__f_clk, 73.553, 65.28, 0.00807597
_2232_, 86.886, 65.28, 0.00809557
_2241_, 86.886, 65.28, 0.00809557
_2403_, 86.886, 65.28, 0.00809557
_2408_, 86.886, 65.28, 0.00809557
_2423_, 86.886, 65.28, 0.00809557
_2712_, 86.886, 65.28, 0.00809557
_3541_, 86.886, 65.28, 0.00809557
_2409_, 100.22, 65.28, 0.00802441
_2626_, 100.22, 65.28, 0.00802441
_2627_, 100.22, 65.28, 0.00802441
_2742_, 100.22, 65.28, 0.00802441
_3540_, 100.22, 65.28, 0.00802441
_4241_, 100.22, 65.28, 0.00802441
_4413_, 100.22, 65.28, 0.00802441
_2350_, 113.553, 65.28, 0.00786973
_2762_, 113.553, 65.28, 0.00786973
_3198_, 113.553, 65.28, 0.00786973
_3203_, 113.553, 65.28, 0.00786973
_3530_, 113.553, 65.28, 0.00786973
FILLER_0_19_225, 113.553, 65.28, 0.00786973
FILLER_0_21_239, 113.553, 65.28, 0.00786973
_2432_, 126.886, 65.28, 0.00766754
_2785_, 126.886, 65.28, 0.00766754
_3895_, 126.886, 65.28, 0.00766754
hold490, 126.886, 65.28, 0.00766754
FILLER_0_20_253, 126.886, 65.28, 0.00766754
FILLER_0_20_265, 126.886, 65.28, 0.00766754
FILLER_0_21_269, 126.886, 65.28, 0.00766754
_2468_, 140.22, 65.28, 0.00744306
_2727_, 140.22, 65.28, 0.00744306
_3214_, 140.22, 65.28, 0.00744306
_3894_, 140.22, 65.28, 0.00744306
_3903_, 140.22, 65.28, 0.00744306
_4613_, 140.22, 65.28, 0.00744306
hold349, 140.22, 65.28, 0.00744306
FILLER_0_20_282, 140.22, 65.28, 0.00744306
_2771_, 153.553, 65.28, 0.00716286
_3522_, 153.553, 65.28, 0.00716286
_3523_, 153.553, 65.28, 0.00716286
_4249_, 153.553, 65.28, 0.00716286
hold389, 153.553, 65.28, 0.00716286
hold409, 153.553, 65.28, 0.00716286
_3215_, 166.886, 65.28, 0.0068708
_3216_, 166.886, 65.28, 0.0068708
_3328_, 166.886, 65.28, 0.0068708
_3329_, 166.886, 65.28, 0.0068708
_3542_, 166.886, 65.28, 0.0068708
_4250_, 166.886, 65.28, 0.0068708
hold362, 166.886, 65.28, 0.0068708
FILLER_0_19_346, 166.886, 65.28, 0.0068708
FILLER_0_20_361, 166.886, 65.28, 0.0068708
_3612_, 192.476, 65.28, 0.00660166
_4030_, 192.476, 65.28, 0.00660166
hold193, 192.476, 65.28, 0.00660166
hold234, 192.476, 65.28, 0.00660166
hold245, 192.476, 65.28, 0.00660166
hold296, 192.476, 65.28, 0.00660166
_4118_, 204.732, 65.28, 0.00663151
_4530_, 204.732, 65.28, 0.00663151
_4661_, 204.732, 65.28, 0.00663151
_3998_, 216.988, 65.28, 0.00664766
_4106_, 216.988, 65.28, 0.00664766
_4120_, 216.988, 65.28, 0.00664766
_4121_, 216.988, 65.28, 0.00664766
_4645_, 216.988, 65.28, 0.00664766
hold280, 216.988, 65.28, 0.00664766
hold328, 216.988, 65.28, 0.00664766
FILLER_0_19_449, 216.988, 65.28, 0.00664766
FILLER_0_20_472, 216.988, 65.28, 0.00664766
_3966_, 229.244, 65.28, 0.00665527
_3967_, 229.244, 65.28, 0.00665527
_4501_, 229.244, 65.28, 0.00665527
hold256, 229.244, 65.28, 0.00665527
PHY_34, 5.52, 59.84, 0.0068879
PHY_36, 5.52, 59.84, 0.0068879
PHY_35, 241.5, 59.84, 0.00671249
PHY_37, 241.5, 59.84, 0.00671249
FILLER_0_17_500, 241.5, 59.84, 0.00671249
FILLER_0_17_505, 241.5, 59.84, 0.00671249
FILLER_0_18_500, 241.5, 59.84, 0.00671249
_2579_, 33.553, 59.84, 0.00716939
_3587_, 33.553, 59.84, 0.00716939
_4446_, 33.553, 59.84, 0.00716939
clkbuf_leaf_0_clk, 33.553, 59.84, 0.00716939
hold71, 33.553, 59.84, 0.00716939
_2256_, 46.886, 59.84, 0.00739089
_2452_, 46.886, 59.84, 0.00739089
_2501_, 46.886, 59.84, 0.00739089
_2502_, 46.886, 59.84, 0.00739089
hold12, 46.886, 59.84, 0.00739089
FILLER_0_19_96, 46.886, 59.84, 0.00739089
_2303_, 60.22, 59.84, 0.00754655
_2568_, 60.22, 59.84, 0.00754655
_2622_, 60.22, 59.84, 0.00754655
_2623_, 60.22, 59.84, 0.00754655
_2624_, 60.22, 59.84, 0.00754655
_3292_, 60.22, 59.84, 0.00754655
FILLER_0_17_113, 60.22, 59.84, 0.00754655
_2555_, 73.553, 59.84, 0.00767789
_2710_, 73.553, 59.84, 0.00767789
_2713_, 73.553, 59.84, 0.00767789
_3331_, 73.553, 59.84, 0.00767789
hold373, 73.553, 59.84, 0.00767789
FILLER_0_17_145, 73.553, 59.84, 0.00767789
_2453_, 86.886, 59.84, 0.00775282
_2594_, 86.886, 59.84, 0.00775282
_3876_, 86.886, 59.84, 0.00775282
_3877_, 86.886, 59.84, 0.00775282
_3883_, 86.886, 59.84, 0.00775282
hold364, 86.886, 59.84, 0.00775282
hold372, 86.886, 59.84, 0.00775282
_2400_, 100.22, 59.84, 0.00779948
_2455_, 100.22, 59.84, 0.00779948
_3525_, 100.22, 59.84, 0.00779948
_4603_, 100.22, 59.84, 0.00779948
clkbuf_leaf_45_clk, 100.22, 59.84, 0.00779948
FILLER_0_17_193, 100.22, 59.84, 0.00779948
_2456_, 113.553, 59.84, 0.00774828
_2505_, 113.553, 59.84, 0.00774828
_2761_, 113.553, 59.84, 0.00774828
_3204_, 113.553, 59.84, 0.00774828
_3326_, 113.553, 59.84, 0.00774828
_3896_, 113.553, 59.84, 0.00774828
_4244_, 113.553, 59.84, 0.00774828
_4320_, 113.553, 59.84, 0.00774828
hold423, 113.553, 59.84, 0.00774828
_3332_, 126.886, 59.84, 0.00762477
_3897_, 126.886, 59.84, 0.00762477
_4323_, 126.886, 59.84, 0.00762477
_4610_, 126.886, 59.84, 0.00762477
hold336, 126.886, 59.84, 0.00762477
hold386, 126.886, 59.84, 0.00762477
_2454_, 140.22, 59.84, 0.00748484
_2458_, 140.22, 59.84, 0.00748484
_2721_, 140.22, 59.84, 0.00748484
_2786_, 140.22, 59.84, 0.00748484
_3312_, 140.22, 59.84, 0.00748484
_3902_, 140.22, 59.84, 0.00748484
hold427, 140.22, 59.84, 0.00748484
FILLER_0_19_300, 140.22, 59.84, 0.00748484
_2772_, 153.553, 59.84, 0.00730207
_4321_, 153.553, 59.84, 0.00730207
_4616_, 153.553, 59.84, 0.00730207
clkbuf_leaf_41_clk, 153.553, 59.84, 0.00730207
FILLER_0_18_309, 153.553, 59.84, 0.00730207
_3691_, 166.886, 59.84, 0.0070462
_3909_, 166.886, 59.84, 0.0070462
_3915_, 166.886, 59.84, 0.0070462
_4640_, 166.886, 59.84, 0.0070462
clkbuf_2_1__f_clk, 166.886, 59.84, 0.0070462
hold319, 166.886, 59.84, 0.0070462
FILLER_0_17_343, 166.886, 59.84, 0.0070462
FILLER_0_18_348, 166.886, 59.84, 0.0070462
FILLER_0_18_356, 166.886, 59.84, 0.0070462
_3659_, 192.476, 59.84, 0.00668695
_3660_, 192.476, 59.84, 0.00668695
_4215_, 192.476, 59.84, 0.00668695
_4471_, 192.476, 59.84, 0.00668695
_4721_, 192.476, 59.84, 0.00668695
_3999_, 204.732, 59.84, 0.00670334
_4119_, 204.732, 59.84, 0.00670334
_4516_, 204.732, 59.84, 0.00670334
hold172, 204.732, 59.84, 0.00670334
hold194, 204.732, 59.84, 0.00670334
FILLER_0_18_444, 204.732, 59.84, 0.00670334
_4200_, 216.988, 59.84, 0.00671162
_4791_, 216.988, 59.84, 0.00671162
hold163, 216.988, 59.84, 0.00671162
FILLER_0_17_457, 216.988, 59.84, 0.00671162
FILLER_0_18_452, 216.988, 59.84, 0.00671162
FILLER_0_19_472, 216.988, 59.84, 0.00671162
_3671_, 229.244, 59.84, 0.00671249
_3672_, 229.244, 59.84, 0.00671249
hold214, 229.244, 59.84, 0.00671249
FILLER_0_19_495, 229.244, 59.84, 0.00671249
PHY_30, 5.52, 54.4, 0.00684533
PHY_32, 5.52, 54.4, 0.00684533
_4032_, 241.5, 54.4, 0.00670552
_4033_, 241.5, 54.4, 0.00670552
_4092_, 241.5, 54.4, 0.00670552
PHY_31, 241.5, 54.4, 0.00670552
PHY_33, 241.5, 54.4, 0.00670552
_4451_, 33.553, 54.4, 0.00697292
_4454_, 33.553, 54.4, 0.00697292
hold53, 33.553, 54.4, 0.00697292
FILLER_0_15_52, 33.553, 54.4, 0.00697292
FILLER_0_15_57, 33.553, 54.4, 0.00697292
_2553_, 46.886, 54.4, 0.0070786
_2554_, 46.886, 54.4, 0.0070786
_2580_, 46.886, 54.4, 0.0070786
_3582_, 46.886, 54.4, 0.0070786
_3590_, 46.886, 54.4, 0.0070786
hold28, 46.886, 54.4, 0.0070786
FILLER_0_15_77, 46.886, 54.4, 0.0070786
FILLER_0_16_79, 46.886, 54.4, 0.0070786
FILLER_0_17_104, 46.886, 54.4, 0.0070786
_2480_, 60.22, 54.4, 0.0071605
_2566_, 60.22, 54.4, 0.0071605
_2581_, 60.22, 54.4, 0.0071605
_3293_, 60.22, 54.4, 0.0071605
_3879_, 60.22, 54.4, 0.0071605
FILLER_0_15_108, 60.22, 54.4, 0.0071605
FILLER_0_16_130, 60.22, 54.4, 0.0071605
_3294_, 73.553, 54.4, 0.00722781
_3318_, 73.553, 54.4, 0.00722781
_4316_, 73.553, 54.4, 0.00722781
hold504, 73.553, 54.4, 0.00722781
FILLER_0_16_137, 73.553, 54.4, 0.00722781
_2465_, 86.886, 54.4, 0.00728658
_2583_, 86.886, 54.4, 0.00728658
_3297_, 86.886, 54.4, 0.00728658
_3319_, 86.886, 54.4, 0.00728658
_4301_, 86.886, 54.4, 0.00728658
_4600_, 86.886, 54.4, 0.00728658
hold437, 86.886, 54.4, 0.00728658
FILLER_0_16_182, 86.886, 54.4, 0.00728658
_2625_, 100.22, 54.4, 0.00728918
_3296_, 100.22, 54.4, 0.00728918
_3912_, 100.22, 54.4, 0.00728918
_4305_, 100.22, 54.4, 0.00728918
_4618_, 100.22, 54.4, 0.00728918
hold398, 100.22, 54.4, 0.00728918
_2504_, 113.553, 54.4, 0.00725613
_3303_, 113.553, 54.4, 0.00725613
_3327_, 113.553, 54.4, 0.00725613
_4308_, 113.553, 54.4, 0.00725613
hold370, 113.553, 54.4, 0.00725613
FILLER_0_17_241, 113.553, 54.4, 0.00725613
_3333_, 126.886, 54.4, 0.00720999
_3888_, 126.886, 54.4, 0.00720999
_3889_, 126.886, 54.4, 0.00720999
_4606_, 126.886, 54.4, 0.00720999
hold371, 126.886, 54.4, 0.00720999
hold393, 126.886, 54.4, 0.00720999
FILLER_0_16_277, 126.886, 54.4, 0.00720999
FILLER_0_17_267, 126.886, 54.4, 0.00720999
FILLER_0_17_275, 126.886, 54.4, 0.00720999
_2287_, 140.22, 54.4, 0.00715462
_2457_, 140.22, 54.4, 0.00715462
_3919_, 140.22, 54.4, 0.00715462
_4621_, 140.22, 54.4, 0.00715462
clkbuf_leaf_40_clk, 140.22, 54.4, 0.00715462
hold397, 140.22, 54.4, 0.00715462
_3908_, 153.553, 54.4, 0.00699053
_3914_, 153.553, 54.4, 0.00699053
_3918_, 153.553, 54.4, 0.00699053
_4619_, 153.553, 54.4, 0.00699053
hold444, 153.553, 54.4, 0.00699053
_3957_, 166.886, 54.4, 0.0068177
_4165_, 166.886, 54.4, 0.0068177
_4511_, 166.886, 54.4, 0.0068177
_4567_, 166.886, 54.4, 0.0068177
_4773_, 166.886, 54.4, 0.0068177
hold190, 166.886, 54.4, 0.0068177
FILLER_0_15_337, 166.886, 54.4, 0.0068177
FILLER_0_16_343, 166.886, 54.4, 0.0068177
_3979_, 192.476, 54.4, 0.00665473
_4195_, 192.476, 54.4, 0.00665473
_4651_, 192.476, 54.4, 0.00665473
hold149, 192.476, 54.4, 0.00665473
_3702_, 204.732, 54.4, 0.00667999
_3717_, 204.732, 54.4, 0.00667999
_3718_, 204.732, 54.4, 0.00667999
_3938_, 204.732, 54.4, 0.00667999
_3978_, 204.732, 54.4, 0.00667999
_4524_, 204.732, 54.4, 0.00667999
hold173, 204.732, 54.4, 0.00667999
hold290, 204.732, 54.4, 0.00667999
FILLER_0_15_420, 204.732, 54.4, 0.00667999
FILLER_0_15_426, 204.732, 54.4, 0.00667999
_3968_, 216.988, 54.4, 0.0066966
_3969_, 216.988, 54.4, 0.0066966
_4201_, 216.988, 54.4, 0.0066966
_4646_, 216.988, 54.4, 0.0066966
hold182, 216.988, 54.4, 0.0066966
hold299, 216.988, 54.4, 0.0066966
FILLER_0_16_451, 216.988, 54.4, 0.0066966
_4678_, 229.244, 54.4, 0.00670491
hold152, 229.244, 54.4, 0.00670491
hold179, 229.244, 54.4, 0.00670491
FILLER_0_16_485, 229.244, 54.4, 0.00670491
PHY_26, 5.52, 48.96, 0.00693078
PHY_28, 5.52, 48.96, 0.00693078
_4093_, 241.5, 48.96, 0.00682194
PHY_27, 241.5, 48.96, 0.00682194
PHY_29, 241.5, 48.96, 0.00682194
_3578_, 12.87, 48.96, 0.00693078
FILLER_0_14_15, 12.87, 48.96, 0.00693078
_3591_, 33.553, 48.96, 0.00719891
_4455_, 33.553, 48.96, 0.00719891
hold22, 33.553, 48.96, 0.00719891
hold45, 33.553, 48.96, 0.00719891
hold57, 33.553, 48.96, 0.00719891
FILLER_0_13_52, 33.553, 48.96, 0.00719891
FILLER_0_14_52, 33.553, 48.96, 0.00719891
_2344_, 46.886, 48.96, 0.00744838
_2402_, 46.886, 48.96, 0.00744838
_2482_, 46.886, 48.96, 0.00744838
_2630_, 46.886, 48.96, 0.00744838
_3581_, 46.886, 48.96, 0.00744838
_3584_, 46.886, 48.96, 0.00744838
FILLER_0_14_80, 46.886, 48.96, 0.00744838
FILLER_0_14_96, 46.886, 48.96, 0.00744838
FILLER_0_14_104, 46.886, 48.96, 0.00744838
_2578_, 60.22, 48.96, 0.00765831
_2632_, 60.22, 48.96, 0.00765831
_2633_, 60.22, 48.96, 0.00765831
_2651_, 60.22, 48.96, 0.00765831
_2736_, 60.22, 48.96, 0.00765831
_2737_, 60.22, 48.96, 0.00765831
_3295_, 60.22, 48.96, 0.00765831
_4304_, 60.22, 48.96, 0.00765831
FILLER_0_13_113, 60.22, 48.96, 0.00765831
FILLER_0_15_119, 60.22, 48.96, 0.00765831
_2427_, 73.553, 48.96, 0.00780801
_2534_, 73.553, 48.96, 0.00780801
_2577_, 73.553, 48.96, 0.00780801
clkbuf_leaf_48_clk, 73.553, 48.96, 0.00780801
_2430_, 86.886, 48.96, 0.00783185
_2582_, 86.886, 48.96, 0.00783185
_4599_, 86.886, 48.96, 0.00783185
hold353, 86.886, 48.96, 0.00783185
_2486_, 100.22, 48.96, 0.00783551
_2677_, 100.22, 48.96, 0.00783551
_2760_, 100.22, 48.96, 0.00783551
_3874_, 100.22, 48.96, 0.00783551
_3882_, 100.22, 48.96, 0.00783551
_3913_, 100.22, 48.96, 0.00783551
hold368, 100.22, 48.96, 0.00783551
_2355_, 113.553, 48.96, 0.0077639
_2503_, 113.553, 48.96, 0.0077639
_2515_, 113.553, 48.96, 0.0077639
_2524_, 113.553, 48.96, 0.0077639
_3302_, 113.553, 48.96, 0.0077639
FILLER_0_13_225, 113.553, 48.96, 0.0077639
FILLER_0_14_246, 113.553, 48.96, 0.0077639
FILLER_0_15_236, 113.553, 48.96, 0.0077639
_2431_, 126.886, 48.96, 0.00760441
_2467_, 126.886, 48.96, 0.00760441
_3310_, 126.886, 48.96, 0.00760441
_3311_, 126.886, 48.96, 0.00760441
_3317_, 126.886, 48.96, 0.00760441
FILLER_0_14_253, 126.886, 48.96, 0.00760441
FILLER_0_15_276, 126.886, 48.96, 0.00760441
_4311_, 140.22, 48.96, 0.00740283
_4313_, 140.22, 48.96, 0.00740283
_4611_, 140.22, 48.96, 0.00740283
_3898_, 153.553, 48.96, 0.00717865
_3899_, 153.553, 48.96, 0.00717865
_4098_, 153.553, 48.96, 0.00717865
_4213_, 153.553, 48.96, 0.00717865
_4797_, 153.553, 48.96, 0.00717865
hold181, 153.553, 48.96, 0.00717865
hold412, 153.553, 48.96, 0.00717865
FILLER_0_13_315, 153.553, 48.96, 0.00717865
FILLER_0_14_331, 153.553, 48.96, 0.00717865
FILLER_0_15_328, 153.553, 48.96, 0.00717865
_3692_, 166.886, 48.96, 0.00694517
_3708_, 166.886, 48.96, 0.00694517
_3956_, 166.886, 48.96, 0.00694517
_4164_, 166.886, 48.96, 0.00694517
_4212_, 166.886, 48.96, 0.00694517
_4532_, 166.886, 48.96, 0.00694517
_4585_, 166.886, 48.96, 0.00694517
hold189, 166.886, 48.96, 0.00694517
hold199, 166.886, 48.96, 0.00694517
hold293, 166.886, 48.96, 0.00694517
_3939_, 192.476, 48.96, 0.00673985
_4194_, 192.476, 48.96, 0.00673985
_4214_, 192.476, 48.96, 0.00673985
hold286, 192.476, 48.96, 0.00673985
hold331, 192.476, 48.96, 0.00673985
FILLER_0_15_412, 192.476, 48.96, 0.00673985
_3701_, 204.732, 48.96, 0.0067838
_3864_, 204.732, 48.96, 0.0067838
_4594_, 204.732, 48.96, 0.0067838
_4631_, 204.732, 48.96, 0.0067838
hold285, 204.732, 48.96, 0.0067838
FILLER_0_15_445, 204.732, 48.96, 0.0067838
_3854_, 216.988, 48.96, 0.00681338
_3855_, 216.988, 48.96, 0.00681338
_4123_, 216.988, 48.96, 0.00681338
_4162_, 216.988, 48.96, 0.00681338
_4163_, 216.988, 48.96, 0.00681338
_4589_, 216.988, 48.96, 0.00681338
_4723_, 216.988, 48.96, 0.00681338
_4772_, 216.988, 48.96, 0.00681338
FILLER_0_13_456, 216.988, 48.96, 0.00681338
_4011_, 229.244, 48.96, 0.00682174
_4122_, 229.244, 48.96, 0.00682174
_4708_, 229.244, 48.96, 0.00682174
hold122, 229.244, 48.96, 0.00682174
hold154, 229.244, 48.96, 0.00682174
FILLER_0_13_475, 229.244, 48.96, 0.00682174
FILLER_0_14_485, 229.244, 48.96, 0.00682174
PHY_22, 5.52, 43.52, 0.00692307
PHY_24, 5.52, 43.52, 0.00692307
_4010_, 241.5, 43.52, 0.00678519
_4085_, 241.5, 43.52, 0.00678519
PHY_23, 241.5, 43.52, 0.00678519
PHY_25, 241.5, 43.52, 0.00678519
FILLER_0_12_507, 241.5, 43.52, 0.00678519
_4447_, 33.553, 43.52, 0.00711511
_4453_, 33.553, 43.52, 0.00711511
hold78, 33.553, 43.52, 0.00711511
FILLER_0_11_52, 33.553, 43.52, 0.00711511
FILLER_0_12_59, 33.553, 43.52, 0.00711511
_2463_, 46.886, 43.52, 0.00728488
_2483_, 46.886, 43.52, 0.00728488
_2531_, 46.886, 43.52, 0.00728488
_2595_, 46.886, 43.52, 0.00728488
_2663_, 46.886, 43.52, 0.00728488
_3588_, 46.886, 43.52, 0.00728488
hold11, 46.886, 43.52, 0.00728488
hold49, 46.886, 43.52, 0.00728488
FILLER_0_13_104, 46.886, 43.52, 0.00728488
_2404_, 60.22, 43.52, 0.00741571
_2479_, 60.22, 43.52, 0.00741571
_2596_, 60.22, 43.52, 0.00741571
_2598_, 60.22, 43.52, 0.00741571
_2631_, 60.22, 43.52, 0.00741571
_3245_, 60.22, 43.52, 0.00741571
FILLER_0_12_121, 60.22, 43.52, 0.00741571
_2466_, 73.553, 43.52, 0.00748512
_2512_, 73.553, 43.52, 0.00748512
_2533_, 73.553, 43.52, 0.00748512
_2597_, 73.553, 43.52, 0.00748512
_3266_, 73.553, 43.52, 0.00748512
FILLER_0_12_141, 73.553, 43.52, 0.00748512
_2292_, 86.886, 43.52, 0.0075251
_2405_, 86.886, 43.52, 0.0075251
_2406_, 86.886, 43.52, 0.0075251
_2511_, 86.886, 43.52, 0.0075251
_2738_, 86.886, 43.52, 0.0075251
_2739_, 86.886, 43.52, 0.0075251
_2740_, 86.886, 43.52, 0.0075251
_3288_, 86.886, 43.52, 0.0075251
_3289_, 86.886, 43.52, 0.0075251
_3875_, 86.886, 43.52, 0.0075251
FILLER_0_13_183, 86.886, 43.52, 0.0075251
_2667_, 100.22, 43.52, 0.00748875
_3301_, 100.22, 43.52, 0.00748875
_4307_, 100.22, 43.52, 0.00748875
hold384, 100.22, 43.52, 0.00748875
hold392, 100.22, 43.52, 0.00748875
FILLER_0_13_220, 100.22, 43.52, 0.00748875
_2411_, 113.553, 43.52, 0.00742939
_2485_, 113.553, 43.52, 0.00742939
_2514_, 113.553, 43.52, 0.00742939
_3892_, 113.553, 43.52, 0.00742939
hold400, 113.553, 43.52, 0.00742939
_2410_, 126.886, 43.52, 0.00733139
_2535_, 126.886, 43.52, 0.00733139
hold505, 126.886, 43.52, 0.00733139
hold509, 126.886, 43.52, 0.00733139
FILLER_0_11_260, 126.886, 43.52, 0.00733139
_3308_, 140.22, 43.52, 0.0072003
_3309_, 140.22, 43.52, 0.0072003
_3313_, 140.22, 43.52, 0.0072003
_3316_, 140.22, 43.52, 0.0072003
_3706_, 140.22, 43.52, 0.0072003
_4099_, 140.22, 43.52, 0.0072003
hold448, 140.22, 43.52, 0.0072003
FILLER_0_11_290, 140.22, 43.52, 0.0072003
FILLER_0_12_302, 140.22, 43.52, 0.0072003
FILLER_0_13_300, 140.22, 43.52, 0.0072003
_3705_, 153.553, 43.52, 0.00706741
_4519_, 153.553, 43.52, 0.00706741
_4711_, 153.553, 43.52, 0.00706741
hold124, 153.553, 43.52, 0.00706741
_3707_, 166.886, 43.52, 0.00691906
_3846_, 166.886, 43.52, 0.00691906
_3847_, 166.886, 43.52, 0.00691906
_4027_, 166.886, 43.52, 0.00691906
_4698_, 166.886, 43.52, 0.00691906
clkbuf_leaf_38_clk, 166.886, 43.52, 0.00691906
FILLER_0_12_354, 166.886, 43.52, 0.00691906
FILLER_0_13_357, 166.886, 43.52, 0.00691906
_3732_, 192.476, 43.52, 0.00673673
_3817_, 192.476, 43.52, 0.00673673
_4155_, 192.476, 43.52, 0.00673673
_4768_, 192.476, 43.52, 0.00673673
hold323, 192.476, 43.52, 0.00673673
FILLER_0_12_412, 192.476, 43.52, 0.00673673
_3865_, 204.732, 43.52, 0.00676084
_4057_, 204.732, 43.52, 0.00676084
_4154_, 204.732, 43.52, 0.00676084
_4690_, 204.732, 43.52, 0.00676084
hold271, 204.732, 43.52, 0.00676084
hold315, 204.732, 43.52, 0.00676084
FILLER_0_12_445, 204.732, 43.52, 0.00676084
_3627_, 216.988, 43.52, 0.00677664
_3653_, 216.988, 43.52, 0.00677664
_4479_, 216.988, 43.52, 0.00677664
hold215, 216.988, 43.52, 0.00677664
FILLER_0_12_467, 216.988, 43.52, 0.00677664
_4667_, 229.244, 43.52, 0.00678477
hold184, 229.244, 43.52, 0.00678477
hold221, 229.244, 43.52, 0.00678477
FILLER_0_13_488, 229.244, 43.52, 0.00678477
PHY_18, 5.52, 38.08, 0.00689707
PHY_20, 5.52, 38.08, 0.00689707
PHY_19, 241.5, 38.08, 0.00702949
PHY_21, 241.5, 38.08, 0.00702949
hold261, 241.5, 38.08, 0.00702949
FILLER_0_9_505, 241.5, 38.08, 0.00702949
_3579_, 33.553, 38.08, 0.00705222
_3585_, 33.553, 38.08, 0.00705222
_4450_, 33.553, 38.08, 0.00705222
hold60, 33.553, 38.08, 0.00705222
hold103, 33.553, 38.08, 0.00705222
FILLER_0_9_51, 33.553, 38.08, 0.00705222
FILLER_0_11_65, 33.553, 38.08, 0.00705222
_2428_, 46.886, 38.08, 0.00717711
_2510_, 46.886, 38.08, 0.00717711
_2664_, 46.886, 38.08, 0.00717711
_3247_, 46.886, 38.08, 0.00717711
_3255_, 46.886, 38.08, 0.00717711
_3589_, 46.886, 38.08, 0.00717711
_4449_, 46.886, 38.08, 0.00717711
hold73, 46.886, 38.08, 0.00717711
_2735_, 60.22, 38.08, 0.00725585
_4272_, 60.22, 38.08, 0.00725585
hold14, 60.22, 38.08, 0.00725585
hold35, 60.22, 38.08, 0.00725585
FILLER_0_11_120, 60.22, 38.08, 0.00725585
_4283_, 73.553, 38.08, 0.00731523
hold94, 73.553, 38.08, 0.00731523
FILLER_0_11_160, 73.553, 38.08, 0.00731523
_2429_, 86.886, 38.08, 0.00736068
_3258_, 86.886, 38.08, 0.00736068
_3320_, 86.886, 38.08, 0.00736068
_3321_, 86.886, 38.08, 0.00736068
_4280_, 86.886, 38.08, 0.00736068
_4317_, 86.886, 38.08, 0.00736068
hold56, 86.886, 38.08, 0.00736068
FILLER_0_10_163, 86.886, 38.08, 0.00736068
FILLER_0_10_186, 86.886, 38.08, 0.00736068
_2407_, 100.22, 38.08, 0.00736631
_2484_, 100.22, 38.08, 0.00736631
_2665_, 100.22, 38.08, 0.00736631
_2666_, 100.22, 38.08, 0.00736631
_3300_, 100.22, 38.08, 0.00736631
_3906_, 100.22, 38.08, 0.00736631
_4309_, 100.22, 38.08, 0.00736631
hold422, 100.22, 38.08, 0.00736631
FILLER_0_10_193, 100.22, 38.08, 0.00736631
_2513_, 113.553, 38.08, 0.00734313
_3305_, 113.553, 38.08, 0.00734313
_4314_, 113.553, 38.08, 0.00734313
_4612_, 113.553, 38.08, 0.00734313
clkbuf_leaf_46_clk, 113.553, 38.08, 0.00734313
hold408, 113.553, 38.08, 0.00734313
_3901_, 126.886, 38.08, 0.00724589
_4312_, 126.886, 38.08, 0.00724589
_4315_, 126.886, 38.08, 0.00724589
hold399, 126.886, 38.08, 0.00724589
FILLER_0_10_253, 126.886, 38.08, 0.00724589
_4108_, 140.22, 38.08, 0.00713262
_4518_, 140.22, 38.08, 0.00713262
FILLER_0_10_300, 140.22, 38.08, 0.00713262
_4064_, 153.553, 38.08, 0.00701181
_4072_, 153.553, 38.08, 0.00701181
_4073_, 153.553, 38.08, 0.00701181
hold132, 153.553, 38.08, 0.00701181
FILLER_0_10_309, 153.553, 38.08, 0.00701181
FILLER_0_10_326, 153.553, 38.08, 0.00701181
_4665_, 166.886, 38.08, 0.00688985
_4670_, 166.886, 38.08, 0.00688985
_4675_, 166.886, 38.08, 0.00688985
hold297, 166.886, 38.08, 0.00688985
FILLER_0_11_353, 166.886, 38.08, 0.00688985
_3700_, 192.476, 38.08, 0.00687863
_3731_, 192.476, 38.08, 0.00687863
_3816_, 192.476, 38.08, 0.00687863
_3965_, 192.476, 38.08, 0.00687863
_4210_, 192.476, 38.08, 0.00687863
clkbuf_leaf_37_clk, 192.476, 38.08, 0.00687863
hold227, 192.476, 38.08, 0.00687863
_3628_, 204.732, 38.08, 0.0069576
_3654_, 204.732, 38.08, 0.0069576
_3699_, 204.732, 38.08, 0.0069576
_3964_, 204.732, 38.08, 0.0069576
_4056_, 204.732, 38.08, 0.0069576
_4492_, 204.732, 38.08, 0.0069576
_4644_, 204.732, 38.08, 0.0069576
hold311, 204.732, 38.08, 0.0069576
FILLER_0_9_430, 204.732, 38.08, 0.0069576
FILLER_0_10_437, 204.732, 38.08, 0.0069576
FILLER_0_11_442, 204.732, 38.08, 0.0069576
_4705_, 216.988, 38.08, 0.0070216
clkbuf_leaf_36_clk, 216.988, 38.08, 0.0070216
hold121, 216.988, 38.08, 0.0070216
hold317, 216.988, 38.08, 0.0070216
_4084_, 229.244, 38.08, 0.00702902
_4704_, 229.244, 38.08, 0.00702902
FILLER_0_10_489, 229.244, 38.08, 0.00702902
PHY_14, 5.52, 32.64, 0.00691517
PHY_16, 5.52, 32.64, 0.00691517
PHY_15, 241.5, 32.64, 0.00682802
PHY_17, 241.5, 32.64, 0.00682802
FILLER_0_7_505, 241.5, 32.64, 0.00682802
FILLER_0_8_500, 241.5, 32.64, 0.00682802
_3586_, 33.553, 32.64, 0.00711388
_4448_, 33.553, 32.64, 0.00711388
_4452_, 33.553, 32.64, 0.00711388
FILLER_0_7_51, 33.553, 32.64, 0.00711388
FILLER_0_8_53, 33.553, 32.64, 0.00711388
_3580_, 46.886, 32.64, 0.00729171
_4269_, 46.886, 32.64, 0.00729171
_4277_, 46.886, 32.64, 0.00729171
clkbuf_leaf_49_clk, 46.886, 32.64, 0.00729171
FILLER_0_7_81, 46.886, 32.64, 0.00729171
FILLER_0_8_79, 46.886, 32.64, 0.00729171
_3243_, 60.22, 32.64, 0.00737498
_3244_, 60.22, 32.64, 0.00737498
_3248_, 60.22, 32.64, 0.00737498
_3250_, 60.22, 32.64, 0.00737498
_4270_, 60.22, 32.64, 0.00737498
_4285_, 60.22, 32.64, 0.00737498
hold93, 60.22, 32.64, 0.00737498
FILLER_0_9_121, 60.22, 32.64, 0.00737498
_3256_, 73.553, 32.64, 0.00740208
_3257_, 73.553, 32.64, 0.00740208
_3264_, 73.553, 32.64, 0.00740208
_3265_, 73.553, 32.64, 0.00740208
_3268_, 73.553, 32.64, 0.00740208
hold33, 73.553, 32.64, 0.00740208
hold40, 73.553, 32.64, 0.00740208
_2532_, 86.886, 32.64, 0.00739134
_3263_, 86.886, 32.64, 0.00739134
_3907_, 86.886, 32.64, 0.00739134
_4278_, 86.886, 32.64, 0.00739134
_4282_, 86.886, 32.64, 0.00739134
_4615_, 86.886, 32.64, 0.00739134
hold39, 86.886, 32.64, 0.00739134
_3304_, 100.22, 32.64, 0.00734531
_3306_, 100.22, 32.64, 0.00734531
_3315_, 100.22, 32.64, 0.00734531
_3886_, 100.22, 32.64, 0.00734531
hold439, 100.22, 32.64, 0.00734531
FILLER_0_7_200, 100.22, 32.64, 0.00734531
FILLER_0_8_197, 100.22, 32.64, 0.00734531
_3307_, 113.553, 32.64, 0.00729768
_4310_, 113.553, 32.64, 0.00729768
_4605_, 113.553, 32.64, 0.00729768
_4608_, 113.553, 32.64, 0.00729768
hold457, 113.553, 32.64, 0.00729768
_3893_, 126.886, 32.64, 0.00722675
_3900_, 126.886, 32.64, 0.00722675
_4109_, 126.886, 32.64, 0.00722675
_4526_, 126.886, 32.64, 0.00722675
_4716_, 126.886, 32.64, 0.00722675
FILLER_0_8_253, 126.886, 32.64, 0.00722675
FILLER_0_9_273, 126.886, 32.64, 0.00722675
_3629_, 140.22, 32.64, 0.00714042
_3630_, 140.22, 32.64, 0.00714042
_3833_, 140.22, 32.64, 0.00714042
_4642_, 140.22, 32.64, 0.00714042
_4694_, 140.22, 32.64, 0.00714042
hold114, 140.22, 32.64, 0.00714042
hold169, 140.22, 32.64, 0.00714042
FILLER_0_8_304, 140.22, 32.64, 0.00714042
FILLER_0_9_296, 140.22, 32.64, 0.00714042
_4007_, 153.553, 32.64, 0.00703768
_4065_, 153.553, 32.64, 0.00703768
clkbuf_leaf_39_clk, 153.553, 32.64, 0.00703768
hold116, 153.553, 32.64, 0.00703768
FILLER_0_8_332, 153.553, 32.64, 0.00703768
_4006_, 166.886, 32.64, 0.00689148
_4067_, 166.886, 32.64, 0.00689148
_4663_, 166.886, 32.64, 0.00689148
_4695_, 166.886, 32.64, 0.00689148
hold275, 166.886, 32.64, 0.00689148
FILLER_0_8_349, 166.886, 32.64, 0.00689148
FILLER_0_8_357, 166.886, 32.64, 0.00689148
_3657_, 192.476, 32.64, 0.00676782
_3698_, 192.476, 32.64, 0.00676782
_3826_, 192.476, 32.64, 0.00676782
_4515_, 192.476, 32.64, 0.00676782
hold143, 192.476, 32.64, 0.00676782
hold291, 192.476, 32.64, 0.00676782
FILLER_0_8_413, 192.476, 32.64, 0.00676782
_3697_, 204.732, 32.64, 0.00679768
_4514_, 204.732, 32.64, 0.00679768
hold267, 204.732, 32.64, 0.00679768
FILLER_0_8_445, 204.732, 32.64, 0.00679768
FILLER_0_9_441, 204.732, 32.64, 0.00679768
_3822_, 216.988, 32.64, 0.00682011
_3823_, 216.988, 32.64, 0.00682011
_4048_, 216.988, 32.64, 0.00682011
_4086_, 216.988, 32.64, 0.00682011
_4087_, 216.988, 32.64, 0.00682011
_4573_, 216.988, 32.64, 0.00682011
_4686_, 216.988, 32.64, 0.00682011
_4105_, 229.244, 32.64, 0.00682802
_4714_, 229.244, 32.64, 0.00682802
hold155, 229.244, 32.64, 0.00682802
hold178, 229.244, 32.64, 0.00682802
FILLER_0_8_488, 229.244, 32.64, 0.00682802
FILLER_0_9_498, 229.244, 32.64, 0.00682802
PHY_10, 5.52, 27.2, 0.00686282
PHY_12, 5.52, 27.2, 0.00686282
_3980_, 241.5, 27.2, 0.00677267
PHY_11, 241.5, 27.2, 0.00677267
PHY_13, 241.5, 27.2, 0.00677267
FILLER_0_5_505, 241.5, 27.2, 0.00677267
FILLER_0_6_505, 241.5, 27.2, 0.00677267
_3988_, 33.553, 27.2, 0.00692575
_3989_, 33.553, 27.2, 0.00692575
_4113_, 33.553, 27.2, 0.00692575
_4125_, 33.553, 27.2, 0.00692575
hold277, 33.553, 27.2, 0.00692575
hold278, 33.553, 27.2, 0.00692575
FILLER_0_6_73, 33.553, 27.2, 0.00692575
_2500_, 46.886, 27.2, 0.00698671
_4275_, 46.886, 27.2, 0.00698671
_4276_, 46.886, 27.2, 0.00698671
hold250, 46.886, 27.2, 0.00698671
FILLER_0_6_81, 46.886, 27.2, 0.00698671
_2552_, 60.22, 27.2, 0.00702253
_2662_, 60.22, 27.2, 0.00702253
_3267_, 60.22, 27.2, 0.00702253
hold48, 60.22, 27.2, 0.00702253
hold86, 60.22, 27.2, 0.00702253
hold87, 60.22, 27.2, 0.00702253
hold91, 60.22, 27.2, 0.00702253
FILLER_0_6_130, 60.22, 27.2, 0.00702253
FILLER_0_7_124, 60.22, 27.2, 0.00702253
_3259_, 73.553, 27.2, 0.00703729
_3261_, 73.553, 27.2, 0.00703729
hold88, 73.553, 27.2, 0.00703729
hold99, 73.553, 27.2, 0.00703729
hold303, 73.553, 27.2, 0.00703729
FILLER_0_5_147, 73.553, 27.2, 0.00703729
_2450_, 86.886, 27.2, 0.00703732
_3262_, 86.886, 27.2, 0.00703732
_4281_, 86.886, 27.2, 0.00703732
hold90, 86.886, 27.2, 0.00703732
FILLER_0_5_176, 86.886, 27.2, 0.00703732
FILLER_0_6_190, 86.886, 27.2, 0.00703732
_4189_, 100.22, 27.2, 0.00701852
_4785_, 100.22, 27.2, 0.00701852
hold240, 100.22, 27.2, 0.00701852
hold425, 100.22, 27.2, 0.00701852
hold447, 100.22, 27.2, 0.00701852
FILLER_0_6_197, 100.22, 27.2, 0.00701852
FILLER_0_6_207, 100.22, 27.2, 0.00701852
_3314_, 113.553, 27.2, 0.00699059
_3887_, 113.553, 27.2, 0.00699059
_3891_, 113.553, 27.2, 0.00699059
_4188_, 113.553, 27.2, 0.00699059
_4607_, 113.553, 27.2, 0.00699059
FILLER_0_6_249, 113.553, 27.2, 0.00699059
FILLER_0_7_247, 113.553, 27.2, 0.00699059
_3721_, 126.886, 27.2, 0.00695412
_3722_, 126.886, 27.2, 0.00695412
_3961_, 126.886, 27.2, 0.00695412
_4793_, 126.886, 27.2, 0.00695412
hold170, 126.886, 27.2, 0.00695412
FILLER_0_5_252, 126.886, 27.2, 0.00695412
FILLER_0_6_253, 126.886, 27.2, 0.00695412
FILLER_0_6_264, 126.886, 27.2, 0.00695412
FILLER_0_7_274, 126.886, 27.2, 0.00695412
_3960_, 140.22, 27.2, 0.00690916
_4480_, 140.22, 27.2, 0.00690916
_4578_, 140.22, 27.2, 0.00690916
hold133, 140.22, 27.2, 0.00690916
FILLER_0_5_281, 140.22, 27.2, 0.00690916
FILLER_0_5_289, 140.22, 27.2, 0.00690916
FILLER_0_6_280, 140.22, 27.2, 0.00690916
FILLER_0_6_287, 140.22, 27.2, 0.00690916
FILLER_0_7_305, 140.22, 27.2, 0.00690916
_3832_, 153.553, 27.2, 0.0068487
_4003_, 153.553, 27.2, 0.0068487
_4152_, 153.553, 27.2, 0.0068487
_4153_, 153.553, 27.2, 0.0068487
_4767_, 153.553, 27.2, 0.0068487
hold111, 153.553, 27.2, 0.0068487
hold273, 153.553, 27.2, 0.0068487
FILLER_0_7_330, 153.553, 27.2, 0.0068487
_4002_, 166.886, 27.2, 0.00677899
_4693_, 166.886, 27.2, 0.00677899
hold136, 166.886, 27.2, 0.00677899
FILLER_0_5_337, 166.886, 27.2, 0.00677899
FILLER_0_6_337, 166.886, 27.2, 0.00677899
FILLER_0_6_357, 166.886, 27.2, 0.00677899
FILLER_0_6_365, 166.886, 27.2, 0.00677899
_3735_, 192.476, 27.2, 0.00672559
_3736_, 192.476, 27.2, 0.00672559
hold200, 192.476, 27.2, 0.00672559
FILLER_0_5_404, 192.476, 27.2, 0.00672559
FILLER_0_6_416, 192.476, 27.2, 0.00672559
FILLER_0_7_414, 192.476, 27.2, 0.00672559
_4000_, 204.732, 27.2, 0.00674915
_4049_, 204.732, 27.2, 0.00674915
_4662_, 204.732, 27.2, 0.00674915
hold201, 204.732, 27.2, 0.00674915
hold242, 204.732, 27.2, 0.00674915
FILLER_0_7_442, 204.732, 27.2, 0.00674915
_4682_, 216.988, 27.2, 0.00676464
hold126, 216.988, 27.2, 0.00676464
hold195, 216.988, 27.2, 0.00676464
_3981_, 229.244, 27.2, 0.00677245
_4104_, 229.244, 27.2, 0.00677245
_4652_, 229.244, 27.2, 0.00677245
hold157, 229.244, 27.2, 0.00677245
FILLER_0_5_478, 229.244, 27.2, 0.00677245
FILLER_0_7_494, 229.244, 27.2, 0.00677245
PHY_6, 5.52, 21.76, 0.00687713
PHY_8, 5.52, 21.76, 0.00687713
PHY_7, 241.5, 21.76, 0.00670535
PHY_9, 241.5, 21.76, 0.00670535
FILLER_0_3_505, 241.5, 21.76, 0.00670535
FILLER_0_4_501, 241.5, 21.76, 0.00670535
FILLER_0_3_15, 12.87, 21.76, 0.00687713
FILLER_0_4_15, 12.87, 21.76, 0.00687713
_3254_, 33.553, 21.76, 0.00697575
_4124_, 33.553, 21.76, 0.00697575
_4718_, 33.553, 21.76, 0.00697575
FILLER_0_3_47, 33.553, 21.76, 0.00697575
_4112_, 46.886, 21.76, 0.00706472
_4172_, 46.886, 21.76, 0.00706472
_4268_, 46.886, 21.76, 0.00706472
hold92, 46.886, 21.76, 0.00706472
hold100, 46.886, 21.76, 0.00706472
hold249, 46.886, 21.76, 0.00706472
FILLER_0_3_89, 46.886, 21.76, 0.00706472
FILLER_0_4_80, 46.886, 21.76, 0.00706472
FILLER_0_4_85, 46.886, 21.76, 0.00706472
_3252_, 60.22, 21.76, 0.00713441
_4273_, 60.22, 21.76, 0.00713441
_4274_, 60.22, 21.76, 0.00713441
_4286_, 60.22, 21.76, 0.00713441
hold85, 60.22, 21.76, 0.00713441
FILLER_0_3_108, 60.22, 21.76, 0.00713441
_4279_, 73.553, 21.76, 0.00716476
_4284_, 73.553, 21.76, 0.00716476
hold95, 73.553, 21.76, 0.00716476
FILLER_0_4_137, 73.553, 21.76, 0.00716476
FILLER_0_4_141, 73.553, 21.76, 0.00716476
_3260_, 86.886, 21.76, 0.0071694
_3837_, 86.886, 21.76, 0.0071694
_3858_, 86.886, 21.76, 0.0071694
_3859_, 86.886, 21.76, 0.0071694
clkbuf_leaf_47_clk, 86.886, 21.76, 0.0071694
FILLER_0_3_169, 86.886, 21.76, 0.0071694
FILLER_0_4_175, 86.886, 21.76, 0.0071694
_3836_, 100.22, 21.76, 0.00711201
_3890_, 100.22, 21.76, 0.00711201
_4679_, 100.22, 21.76, 0.00711201
hold158, 100.22, 21.76, 0.00711201
FILLER_0_3_202, 100.22, 21.76, 0.00711201
_3614_, 113.553, 21.76, 0.0070463
_3963_, 113.553, 21.76, 0.0070463
_4034_, 113.553, 21.76, 0.0070463
hold211, 113.553, 21.76, 0.0070463
hold235, 113.553, 21.76, 0.0070463
FILLER_0_3_225, 113.553, 21.76, 0.0070463
FILLER_0_4_233, 113.553, 21.76, 0.0070463
_3962_, 126.886, 21.76, 0.00697892
_4204_, 126.886, 21.76, 0.00697892
_4205_, 126.886, 21.76, 0.00697892
hold236, 126.886, 21.76, 0.00697892
FILLER_0_5_274, 126.886, 21.76, 0.00697892
FILLER_0_4_302, 140.22, 21.76, 0.00691037
_4019_, 166.886, 21.76, 0.00677328
_4062_, 166.886, 21.76, 0.00677328
_4063_, 166.886, 21.76, 0.00677328
_4671_, 166.886, 21.76, 0.00677328
hold105, 166.886, 21.76, 0.00677328
_3849_, 192.476, 21.76, 0.00670418
_4052_, 192.476, 21.76, 0.00670418
_4586_, 192.476, 21.76, 0.00670418
FILLER_0_4_404, 192.476, 21.76, 0.00670418
FILLER_0_4_412, 192.476, 21.76, 0.00670418
_3848_, 204.732, 21.76, 0.00670496
_4001_, 204.732, 21.76, 0.00670496
FILLER_0_5_440, 204.732, 21.76, 0.00670496
_4040_, 216.988, 21.76, 0.00670535
_4041_, 216.988, 21.76, 0.00670535
FILLER_0_4_469, 216.988, 21.76, 0.00670535
FILLER_0_5_461, 216.988, 21.76, 0.00670535
FILLER_0_5_470, 216.988, 21.76, 0.00670535
FILLER_0_5_496, 229.244, 21.76, 0.00670535
PHY_2, 5.52, 16.32, 0.00685585
PHY_4, 5.52, 16.32, 0.00685585
PHY_3, 241.5, 16.32, 0.00667452
PHY_5, 241.5, 16.32, 0.00667452
FILLER_0_1_505, 241.5, 16.32, 0.00667452
FILLER_0_2_501, 241.5, 16.32, 0.00667452
_4523_, 12.87, 16.32, 0.00685585
_4173_, 33.553, 16.32, 0.00689007
_4777_, 33.553, 16.32, 0.00689007
FILLER_0_1_51, 33.553, 16.32, 0.00689007
_3249_, 46.886, 16.32, 0.00692081
_3253_, 46.886, 16.32, 0.00692081
_4271_, 46.886, 16.32, 0.00692081
FILLER_0_2_85, 46.886, 16.32, 0.00692081
FILLER_0_2_98, 46.886, 16.32, 0.00692081
_3246_, 60.22, 16.32, 0.00693644
_3251_, 60.22, 16.32, 0.00693644
_4287_, 60.22, 16.32, 0.00693644
FILLER_0_1_105, 60.22, 16.32, 0.00693644
FILLER_0_2_108, 60.22, 16.32, 0.00693644
FILLER_0_2_125, 60.22, 16.32, 0.00693644
_3290_, 73.553, 16.32, 0.00693572
_3291_, 73.553, 16.32, 0.00693572
_4302_, 73.553, 16.32, 0.00693572
hold458, 73.553, 16.32, 0.00693572
FILLER_0_1_137, 73.553, 16.32, 0.00693572
FILLER_0_3_158, 73.553, 16.32, 0.00693572
_4096_, 86.886, 16.32, 0.00692648
_4580_, 86.886, 16.32, 0.00692648
_4591_, 86.886, 16.32, 0.00692648
hold276, 86.886, 16.32, 0.00692648
hold283, 86.886, 16.32, 0.00692648
FILLER_0_2_177, 86.886, 16.32, 0.00692648
_4035_, 100.22, 16.32, 0.00690129
FILLER_0_3_214, 100.22, 16.32, 0.00690129
_3613_, 113.553, 16.32, 0.00687591
_4472_, 113.553, 16.32, 0.00687591
_4643_, 113.553, 16.32, 0.00687591
FILLER_0_2_221, 113.553, 16.32, 0.00687591
FILLER_0_2_247, 113.553, 16.32, 0.00687591
FILLER_0_3_269, 126.886, 16.32, 0.00683563
FILLER_0_3_277, 126.886, 16.32, 0.00683563
FILLER_0_2_301, 140.22, 16.32, 0.00679535
FILLER_0_3_329, 153.553, 16.32, 0.00675508
FILLER_0_2_357, 166.886, 16.32, 0.0067148
FILLER_0_2_413, 192.476, 16.32, 0.00667452
FILLER_0_3_441, 204.732, 16.32, 0.00667452
FILLER_0_2_469, 216.988, 16.32, 0.00667452
FILLER_0_3_497, 229.244, 16.32, 0.00667452
PHY_0, 5.52, 10.88, 0.00683148
output3, 5.52, 10.88, 0.00683148
PHY_1, 241.5, 10.88, 0.00666571
FILLER_0_0_501, 241.5, 10.88, 0.00666571
FILLER_0_0_505, 241.5, 10.88, 0.00666571
FILLER_0_0_21, 12.87, 10.88, 0.00683057
FILLER_0_0_53, 33.553, 10.88, 0.00682197
FILLER_0_0_81, 46.886, 10.88, 0.00681427
FILLER_0_0_109, 60.22, 10.88, 0.00680656
_4097_, 73.553, 10.88, 0.00679886
_4710_, 73.553, 10.88, 0.00679886
FILLER_0_0_137, 73.553, 10.88, 0.00679886
FILLER_0_0_153, 73.553, 10.88, 0.00679886
FILLER_0_0_162, 73.553, 10.88, 0.00679886
FILLER_0_1_148, 73.553, 10.88, 0.00679886
output8, 86.886, 10.88, 0.00678362
FILLER_0_0_169, 86.886, 10.88, 0.00678362
FILLER_0_1_220, 100.22, 10.88, 0.00676678
FILLER_0_0_221, 113.553, 10.88, 0.00674993
FILLER_0_0_249, 113.553, 10.88, 0.00674993
FILLER_0_0_277, 126.886, 10.88, 0.00673309
FILLER_0_1_273, 126.886, 10.88, 0.00673309
FILLER_0_0_305, 140.22, 10.88, 0.00671625
FILLER_0_0_333, 153.553, 10.88, 0.0066994
FILLER_0_1_329, 153.553, 10.88, 0.0066994
FILLER_0_0_361, 166.886, 10.88, 0.00668256
FILLER_0_0_365, 166.886, 10.88, 0.00668256
FILLER_0_0_417, 192.476, 10.88, 0.00666571
FILLER_0_0_445, 204.732, 10.88, 0.00666571
FILLER_0_1_441, 204.732, 10.88, 0.00666571
FILLER_0_0_473, 216.988, 10.88, 0.00666571
FILLER_0_1_497, 229.244, 10.88, 0.00666571

