Instance name,  X location,  Y location,  Voltage 
FILLER_0_85_361, 175.52, 242.08, 1.79756
FILLER_0_82_361, 175.52, 236.64, 1.7975
_3682_, 175.52, 231.2, 1.79752
FILLER_0_80_360, 175.52, 231.2, 1.79752
FILLER_0_80_365, 175.52, 231.2, 1.79752
_3107_, 175.52, 225.76, 1.79756
_4506_, 175.52, 225.76, 1.79756
_3104_, 175.52, 220.32, 1.79756
_3106_, 175.52, 220.32, 1.79756
_4754_, 175.52, 220.32, 1.79756
fanout31, 175.52, 220.32, 1.79756
hold530, 175.52, 220.32, 1.79756
_2209_, 175.52, 214.88, 1.79756
_3109_, 175.52, 214.88, 1.79756
_4795_, 175.52, 214.88, 1.79756
_4209_, 175.52, 209.44, 1.79764
FILLER_0_73_376, 175.52, 209.44, 1.79764
_2207_, 175.52, 204, 1.79764
_2214_, 175.52, 204, 1.79764
_3610_, 175.52, 204, 1.79764
_4669_, 175.52, 204, 1.79764
clkbuf_leaf_22_clk, 175.52, 204, 1.79764
FILLER_0_70_359, 175.52, 204, 1.79764
FILLER_0_70_365, 175.52, 204, 1.79764
FILLER_0_71_362, 175.52, 204, 1.79764
_4015_, 175.52, 198.56, 1.79767
_4470_, 175.52, 198.56, 1.79767
_4596_, 175.52, 198.56, 1.79767
hold144, 175.52, 198.56, 1.79767
FILLER_0_68_357, 175.52, 198.56, 1.79767
FILLER_0_68_365, 175.52, 198.56, 1.79767
FILLER_0_69_357, 175.52, 198.56, 1.79767
FILLER_0_70_376, 175.52, 198.56, 1.79767
_3616_, 175.52, 193.12, 1.79766
_3694_, 175.52, 193.12, 1.79766
_3710_, 175.52, 193.12, 1.79766
_4473_, 175.52, 193.12, 1.79766
_4512_, 175.52, 193.12, 1.79766
_4520_, 175.52, 193.12, 1.79766
FILLER_0_66_356, 175.52, 193.12, 1.79766
FILLER_0_67_357, 175.52, 193.12, 1.79766
_3693_, 175.52, 187.68, 1.79771
_4490_, 175.52, 187.68, 1.79771
hold192, 175.52, 187.68, 1.79771
hold308, 175.52, 187.68, 1.79771
FILLER_0_65_360, 175.52, 187.68, 1.79771
_3946_, 175.52, 182.24, 1.79779
_3985_, 175.52, 182.24, 1.79779
_4702_, 175.52, 182.24, 1.79779
hold239, 175.52, 182.24, 1.79779
hold305, 175.52, 182.24, 1.79779
hold322, 175.52, 182.24, 1.79779
_3664_, 175.52, 176.8, 1.7975
_4081_, 175.52, 176.8, 1.7975
_4497_, 175.52, 176.8, 1.7975
_4775_, 175.52, 176.8, 1.7975
_4780_, 175.52, 176.8, 1.7975
FILLER_0_61_378, 175.52, 176.8, 1.7975
_4169_, 175.52, 171.36, 1.79725
hold461, 175.52, 171.36, 1.79725
FILLER_0_58_360, 175.52, 171.36, 1.79725
FILLER_0_59_371, 175.52, 171.36, 1.79725
FILLER_0_59_378, 175.52, 171.36, 1.79725
_4356_, 175.52, 165.92, 1.79692
_4583_, 175.52, 165.92, 1.79692
hold70, 175.52, 165.92, 1.79692
hold341, 175.52, 165.92, 1.79692
FILLER_0_56_359, 175.52, 165.92, 1.79692
FILLER_0_58_373, 175.52, 165.92, 1.79692
_4353_, 175.52, 160.48, 1.79666
_4581_, 175.52, 160.48, 1.79666
FILLER_0_54_359, 175.52, 160.48, 1.79666
FILLER_0_54_365, 175.52, 160.48, 1.79666
_3549_, 175.52, 155.04, 1.79632
_4417_, 175.52, 155.04, 1.79632
clkbuf_leaf_28_clk, 175.52, 155.04, 1.79632
FILLER_0_52_359, 175.52, 155.04, 1.79632
FILLER_0_53_364, 175.52, 155.04, 1.79632
_2774_, 175.52, 149.6, 1.79604
_2777_, 175.52, 149.6, 1.79604
_2789_, 175.52, 149.6, 1.79604
_3378_, 175.52, 149.6, 1.79604
_3552_, 175.52, 149.6, 1.79604
_4255_, 175.52, 149.6, 1.79604
hold47, 175.52, 149.6, 1.79604
_2805_, 175.52, 144.16, 1.79584
_4352_, 175.52, 144.16, 1.79584
FILLER_0_48_361, 175.52, 144.16, 1.79584
_2316_, 175.52, 138.72, 1.79555
_4418_, 175.52, 138.72, 1.79555
_4553_, 175.52, 138.72, 1.79555
FILLER_0_46_356, 175.52, 138.72, 1.79555
FILLER_0_47_357, 175.52, 138.72, 1.79555
FILLER_0_47_378, 175.52, 138.72, 1.79555
FILLER_0_48_377, 175.52, 138.72, 1.79555
_2701_, 175.52, 133.28, 1.79529
_2704_, 175.52, 133.28, 1.79529
_4415_, 175.52, 133.28, 1.79529
hold69, 175.52, 133.28, 1.79529
FILLER_0_44_359, 175.52, 133.28, 1.79529
_2702_, 175.52, 127.84, 1.79511
_3217_, 175.52, 127.84, 1.79511
_3218_, 175.52, 127.84, 1.79511
_3545_, 175.52, 127.84, 1.79511
_4251_, 175.52, 127.84, 1.79511
hold431, 175.52, 127.84, 1.79511
FILLER_0_42_361, 175.52, 127.84, 1.79511
FILLER_0_43_362, 175.52, 127.84, 1.79511
FILLER_0_43_375, 175.52, 127.84, 1.79511
_2717_, 175.52, 122.4, 1.79491
_3557_, 175.52, 122.4, 1.79491
hold369, 175.52, 122.4, 1.79491
_2369_, 175.52, 116.96, 1.79467
_2719_, 175.52, 116.96, 1.79467
_3375_, 175.52, 116.96, 1.79467
_4351_, 175.52, 116.96, 1.79467
_4421_, 175.52, 116.96, 1.79467
FILLER_0_39_370, 175.52, 116.96, 1.79467
_3363_, 175.52, 111.52, 1.79449
_4348_, 175.52, 111.52, 1.79449
clkbuf_leaf_30_clk, 175.52, 111.52, 1.79449
hold344, 175.52, 111.52, 1.79449
FILLER_0_36_360, 175.52, 111.52, 1.79449
_4344_, 175.52, 106.08, 1.79439
_4349_, 175.52, 106.08, 1.79439
hold79, 175.52, 106.08, 1.79439
_3372_, 175.52, 100.64, 1.79424
_3766_, 175.52, 100.64, 1.79424
_4345_, 175.52, 100.64, 1.79424
_4350_, 175.52, 100.64, 1.79424
hold52, 175.52, 100.64, 1.79424
FILLER_0_32_365, 175.52, 100.64, 1.79424
_3364_, 175.52, 95.2, 1.79409
_3369_, 175.52, 95.2, 1.79409
_3370_, 175.52, 95.2, 1.79409
hold7, 175.52, 95.2, 1.79409
hold50, 175.52, 95.2, 1.79409
FILLER_0_31_357, 175.52, 95.2, 1.79409
_4346_, 175.52, 89.76, 1.79389
_4347_, 175.52, 89.76, 1.79389
hold65, 175.52, 89.76, 1.79389
hold333, 175.52, 89.76, 1.79389
hold337, 175.52, 89.76, 1.79389
FILLER_0_28_361, 175.52, 89.76, 1.79389
FILLER_0_29_356, 175.52, 89.76, 1.79389
_3199_, 175.52, 84.32, 1.79378
_3200_, 175.52, 84.32, 1.79378
_4342_, 175.52, 84.32, 1.79378
_4343_, 175.52, 84.32, 1.79378
hold348, 175.52, 84.32, 1.79378
FILLER_0_26_361, 175.52, 84.32, 1.79378
FILLER_0_26_368, 175.52, 84.32, 1.79378
FILLER_0_27_364, 175.52, 84.32, 1.79378
_2527_, 175.52, 78.88, 1.79379
_4242_, 175.52, 78.88, 1.79379
_4407_, 175.52, 78.88, 1.79379
hold335, 175.52, 78.88, 1.79379
FILLER_0_24_361, 175.52, 78.88, 1.79379
FILLER_0_25_377, 175.52, 78.88, 1.79379
_3202_, 175.52, 73.44, 1.79372
_3209_, 175.52, 73.44, 1.79372
_3210_, 175.52, 73.44, 1.79372
_3536_, 175.52, 73.44, 1.79372
_4243_, 175.52, 73.44, 1.79372
_4247_, 175.52, 73.44, 1.79372
hold472, 175.52, 73.44, 1.79372
hold483, 175.52, 73.44, 1.79372
FILLER_0_23_359, 175.52, 73.44, 1.79372
FILLER_0_23_373, 175.52, 73.44, 1.79372
_3542_, 175.52, 68, 1.79366
_3689_, 175.52, 68, 1.79366
_4672_, 175.52, 68, 1.79366
hold362, 175.52, 68, 1.79366
FILLER_0_20_361, 175.52, 68, 1.79366
FILLER_0_21_373, 175.52, 68, 1.79366
FILLER_0_22_381, 175.52, 68, 1.79366
_3691_, 175.52, 62.56, 1.79359
_4020_, 175.52, 62.56, 1.79359
_4021_, 175.52, 62.56, 1.79359
hold112, 175.52, 62.56, 1.79359
hold319, 175.52, 62.56, 1.79359
FILLER_0_18_356, 175.52, 62.56, 1.79359
_4511_, 175.52, 57.12, 1.79361
_4567_, 175.52, 57.12, 1.79361
hold117, 175.52, 57.12, 1.79361
hold190, 175.52, 57.12, 1.79361
_3692_, 175.52, 51.68, 1.79358
_3811_, 175.52, 51.68, 1.79358
_3956_, 175.52, 51.68, 1.79358
_4164_, 175.52, 51.68, 1.79358
_4532_, 175.52, 51.68, 1.79358
hold189, 175.52, 51.68, 1.79358
hold264, 175.52, 51.68, 1.79358
_3846_, 175.52, 46.24, 1.79349
_4027_, 175.52, 46.24, 1.79349
_4725_, 175.52, 46.24, 1.79349
clkbuf_leaf_38_clk, 175.52, 46.24, 1.79349
FILLER_0_13_357, 175.52, 46.24, 1.79349
_4016_, 175.52, 40.8, 1.7935
_4026_, 175.52, 40.8, 1.7935
_4675_, 175.52, 40.8, 1.7935
hold156, 175.52, 40.8, 1.7935
FILLER_0_11_381, 175.52, 40.8, 1.7935
_4017_, 175.52, 35.36, 1.79353
_4066_, 175.52, 35.36, 1.79353
_4067_, 175.52, 35.36, 1.79353
_4796_, 175.52, 35.36, 1.79353
hold230, 175.52, 35.36, 1.79353
FILLER_0_8_357, 175.52, 35.36, 1.79353
FILLER_0_9_382, 175.52, 35.36, 1.79353
_4575_, 175.52, 29.92, 1.79351
FILLER_0_6_357, 175.52, 29.92, 1.79351
FILLER_0_6_365, 175.52, 29.92, 1.79351
_4018_, 175.52, 24.48, 1.79353
_4019_, 175.52, 24.48, 1.79353
_4082_, 175.52, 24.48, 1.79353
_4083_, 175.52, 24.48, 1.79353
_4671_, 175.52, 24.48, 1.79353
_4703_, 175.52, 24.48, 1.79353
hold108, 175.52, 24.48, 1.79353
_4688_, 175.52, 19.04, 1.79355
FILLER_0_2_357, 175.52, 19.04, 1.79355
FILLER_0_4_371, 175.52, 19.04, 1.79355
output5, 175.52, 13.6, 1.79356
ANTENNA_1, 175.52, 13.6, 1.79356
FILLER_0_0_361, 175.52, 13.6, 1.79356
FILLER_0_0_365, 175.52, 13.6, 1.79356
FILLER_0_85_29, 15.52, 242.08, 1.79619
_4429_, 15.52, 198.56, 1.7961
FILLER_0_69_27, 15.52, 198.56, 1.7961
FILLER_0_70_29, 15.52, 198.56, 1.7961
_4431_, 15.52, 193.12, 1.79602
FILLER_0_67_27, 15.52, 193.12, 1.79602
FILLER_0_68_29, 15.52, 193.12, 1.79602
_4432_, 15.52, 187.68, 1.79604
FILLER_0_65_33, 15.52, 187.68, 1.79604
_4433_, 15.52, 182.24, 1.79605
_4437_, 15.52, 182.24, 1.79605
_3158_, 15.52, 176.8, 1.79589
_3171_, 15.52, 176.8, 1.79589
_3172_, 15.52, 176.8, 1.79589
_3174_, 15.52, 176.8, 1.79589
_4434_, 15.52, 171.36, 1.79577
_4435_, 15.52, 171.36, 1.79577
FILLER_0_59_27, 15.52, 171.36, 1.79577
_4625_, 15.52, 144.16, 1.7949
FILLER_0_50_29, 15.52, 144.16, 1.7949
_3923_, 15.52, 133.28, 1.79459
_4622_, 15.52, 133.28, 1.79459
FILLER_0_45_27, 15.52, 133.28, 1.79459
FILLER_0_46_29, 15.52, 133.28, 1.79459
_4623_, 15.52, 127.84, 1.79448
_3341_, 15.52, 122.4, 1.79434
_4327_, 15.52, 122.4, 1.79434
hold420, 15.52, 122.4, 1.79434
FILLER_0_40_15, 15.52, 122.4, 1.79434
FILLER_0_41_15, 15.52, 122.4, 1.79434
FILLER_0_41_34, 15.52, 122.4, 1.79434
_3336_, 15.52, 116.96, 1.79422
_3337_, 15.52, 116.96, 1.79422
_3340_, 15.52, 116.96, 1.79422
_4324_, 15.52, 116.96, 1.79422
_4325_, 15.52, 116.96, 1.79422
FILLER_0_39_15, 15.52, 116.96, 1.79422
_4292_, 15.52, 111.52, 1.79411
_4296_, 15.52, 111.52, 1.79411
hold76, 15.52, 111.52, 1.79411
FILLER_0_37_11, 15.52, 111.52, 1.79411
FILLER_0_38_29, 15.52, 111.52, 1.79411
_3276_, 15.52, 106.08, 1.79396
_3281_, 15.52, 106.08, 1.79396
_4297_, 15.52, 106.08, 1.79396
clkbuf_leaf_2_clk, 15.52, 106.08, 1.79396
hold83, 15.52, 106.08, 1.79396
FILLER_0_35_11, 15.52, 106.08, 1.79396
FILLER_0_36_29, 15.52, 106.08, 1.79396
_4293_, 15.52, 100.64, 1.79388
_4295_, 15.52, 100.64, 1.79388
hold66, 15.52, 100.64, 1.79388
hold68, 15.52, 100.64, 1.79388
FILLER_0_33_11, 15.52, 100.64, 1.79388
_3277_, 15.52, 95.2, 1.79378
_3279_, 15.52, 95.2, 1.79378
hold75, 15.52, 95.2, 1.79378
hold455, 15.52, 95.2, 1.79378
FILLER_0_31_13, 15.52, 95.2, 1.79378
_3278_, 15.52, 89.76, 1.79364
_3338_, 15.52, 89.76, 1.79364
_4294_, 15.52, 89.76, 1.79364
hold74, 15.52, 89.76, 1.79364
FILLER_0_29_15, 15.52, 89.76, 1.79364
FILLER_0_29_28, 15.52, 89.76, 1.79364
_3274_, 15.52, 84.32, 1.79356
_4289_, 15.52, 84.32, 1.79356
_4290_, 15.52, 84.32, 1.79356
hold59, 15.52, 84.32, 1.79356
hold106, 15.52, 84.32, 1.79356
_3273_, 15.52, 78.88, 1.79351
_4291_, 15.52, 78.88, 1.79351
_4461_, 15.52, 78.88, 1.79351
hold82, 15.52, 78.88, 1.79351
hold97, 15.52, 78.88, 1.79351
_2757_, 15.52, 73.44, 1.79348
_3272_, 15.52, 73.44, 1.79348
_3275_, 15.52, 73.44, 1.79348
FILLER_0_23_15, 15.52, 73.44, 1.79348
FILLER_0_23_28, 15.52, 73.44, 1.79348
FILLER_0_24_24, 15.52, 73.44, 1.79348
_3283_, 15.52, 68, 1.79346
_3577_, 15.52, 68, 1.79346
FILLER_0_21_27, 15.52, 68, 1.79346
FILLER_0_22_29, 15.52, 68, 1.79346
_4438_, 15.52, 62.56, 1.79343
FILLER_0_19_27, 15.52, 62.56, 1.79343
_3572_, 15.52, 57.12, 1.79342
_4439_, 15.52, 57.12, 1.79342
_4443_, 15.52, 57.12, 1.79342
FILLER_0_17_27, 15.52, 57.12, 1.79342
_3576_, 15.52, 51.68, 1.79342
_3578_, 15.52, 51.68, 1.79342
_4441_, 15.52, 51.68, 1.79342
hold67, 15.52, 51.68, 1.79342
FILLER_0_14_15, 15.52, 51.68, 1.79342
FILLER_0_16_29, 15.52, 51.68, 1.79342
_3573_, 15.52, 46.24, 1.79334
_3575_, 15.52, 46.24, 1.79334
_4440_, 15.52, 46.24, 1.79334
_4445_, 15.52, 46.24, 1.79334
_4442_, 15.52, 40.8, 1.7934
FILLER_0_11_27, 15.52, 40.8, 1.7934
FILLER_0_12_29, 15.52, 40.8, 1.7934
_4190_, 15.52, 24.48, 1.7934
_4191_, 15.52, 24.48, 1.7934
_4786_, 15.52, 24.48, 1.7934
FILLER_0_4_15, 15.52, 24.48, 1.7934
FILLER_0_5_27, 15.52, 24.48, 1.7934
_3715_, 15.52, 19.04, 1.79342
_4523_, 15.52, 19.04, 1.79342
hold107, 15.52, 19.04, 1.79342
FILLER_0_3_15, 15.52, 19.04, 1.79342
FILLER_0_0_21, 15.52, 13.6, 1.79345
PHY_168, 5.52, 242.08, 1.79619
PHY_170, 5.52, 242.08, 1.79619
PHY_169, 241.5, 242.08, 1.79756
PHY_171, 241.5, 242.08, 1.79756
FILLER_0_84_501, 241.5, 242.08, 1.79756
FILLER_0_85_501, 241.5, 242.08, 1.79756
FILLER_0_85_505, 241.5, 242.08, 1.79756
output9, 28.853, 242.08, 1.79629
FILLER_0_84_77, 42.186, 242.08, 1.7964
FILLER_0_85_81, 42.186, 242.08, 1.7964
FILLER_0_85_109, 55.52, 242.08, 1.79651
FILLER_0_84_137, 68.853, 242.08, 1.79662
FILLER_0_85_137, 68.853, 242.08, 1.79662
_3058_, 82.186, 242.08, 1.79673
_3061_, 82.186, 242.08, 1.79673
_3062_, 82.186, 242.08, 1.79673
FILLER_0_84_156, 82.186, 242.08, 1.79673
FILLER_0_85_165, 82.186, 242.08, 1.79673
FILLER_0_84_191, 95.52, 242.08, 1.79684
FILLER_0_85_193, 95.52, 242.08, 1.79684
FILLER_0_85_209, 95.52, 242.08, 1.79684
_3122_, 108.853, 242.08, 1.79695
output10, 108.853, 242.08, 1.79695
FILLER_0_85_219, 108.853, 242.08, 1.79695
FILLER_0_85_225, 108.853, 242.08, 1.79695
_3068_, 122.186, 242.08, 1.79706
hold494, 122.186, 242.08, 1.79706
FILLER_0_84_248, 122.186, 242.08, 1.79706
FILLER_0_85_277, 135.52, 242.08, 1.79718
_4748_, 148.853, 242.08, 1.79731
FILLER_0_84_302, 148.853, 242.08, 1.79731
FILLER_0_85_305, 148.853, 242.08, 1.79731
FILLER_0_85_333, 162.186, 242.08, 1.79743
FILLER_0_85_389, 188.716, 242.08, 1.79756
output4, 201.912, 242.08, 1.79756
FILLER_0_84_413, 201.912, 242.08, 1.79756
FILLER_0_85_417, 201.912, 242.08, 1.79756
FILLER_0_85_421, 201.912, 242.08, 1.79756
FILLER_0_85_473, 228.304, 242.08, 1.79756
PHY_164, 5.52, 236.64, 1.79613
PHY_166, 5.52, 236.64, 1.79613
PHY_165, 241.5, 236.64, 1.7975
PHY_167, 241.5, 236.64, 1.7975
FILLER_0_82_501, 241.5, 236.64, 1.7975
FILLER_0_83_505, 241.5, 236.64, 1.7975
FILLER_0_83_51, 28.853, 236.64, 1.79612
FILLER_0_82_77, 42.186, 236.64, 1.79611
_3046_, 55.52, 236.64, 1.79609
_3048_, 55.52, 236.64, 1.79609
_4734_, 55.52, 236.64, 1.79609
_4737_, 55.52, 236.64, 1.79609
FILLER_0_83_105, 55.52, 236.64, 1.79609
FILLER_0_84_109, 55.52, 236.64, 1.79609
_3047_, 68.853, 236.64, 1.79612
_3057_, 68.853, 236.64, 1.79612
_4738_, 68.853, 236.64, 1.79612
_4740_, 68.853, 236.64, 1.79612
FILLER_0_82_128, 68.853, 236.64, 1.79612
FILLER_0_84_141, 68.853, 236.64, 1.79612
_4741_, 82.186, 236.64, 1.79619
_4762_, 82.186, 236.64, 1.79619
FILLER_0_83_181, 82.186, 236.64, 1.79619
_3133_, 95.52, 236.64, 1.79628
_3135_, 95.52, 236.64, 1.79628
_4760_, 95.52, 236.64, 1.79628
_4761_, 95.52, 236.64, 1.79628
FILLER_0_84_197, 95.52, 236.64, 1.79628
_3123_, 108.853, 236.64, 1.7964
_3125_, 108.853, 236.64, 1.7964
_3129_, 108.853, 236.64, 1.7964
_4758_, 108.853, 236.64, 1.7964
_4759_, 108.853, 236.64, 1.7964
_3063_, 122.186, 236.64, 1.79655
_3067_, 122.186, 236.64, 1.79655
_4743_, 122.186, 236.64, 1.79655
_4744_, 122.186, 236.64, 1.79655
FILLER_0_84_256, 122.186, 236.64, 1.79655
FILLER_0_84_264, 122.186, 236.64, 1.79655
_3069_, 135.52, 236.64, 1.79675
_3070_, 135.52, 236.64, 1.79675
_3071_, 135.52, 236.64, 1.79675
_3072_, 135.52, 236.64, 1.79675
_3080_, 135.52, 236.64, 1.79675
_3081_, 135.52, 236.64, 1.79675
_3086_, 135.52, 236.64, 1.79675
FILLER_0_83_291, 135.52, 236.64, 1.79675
_3088_, 148.853, 236.64, 1.79696
_3089_, 148.853, 236.64, 1.79696
_4750_, 148.853, 236.64, 1.79696
clkbuf_leaf_21_clk, 148.853, 236.64, 1.79696
_3092_, 162.186, 236.64, 1.79723
_3094_, 162.186, 236.64, 1.79723
FILLER_0_84_354, 162.186, 236.64, 1.79723
FILLER_0_83_385, 188.716, 236.64, 1.7975
FILLER_0_82_413, 201.912, 236.64, 1.7975
FILLER_0_83_441, 201.912, 236.64, 1.7975
FILLER_0_84_469, 215.108, 236.64, 1.7975
FILLER_0_83_497, 228.304, 236.64, 1.7975
PHY_160, 5.52, 231.2, 1.79614
PHY_162, 5.52, 231.2, 1.79614
PHY_161, 241.5, 231.2, 1.79752
PHY_163, 241.5, 231.2, 1.79752
FILLER_0_80_501, 241.5, 231.2, 1.79752
FILLER_0_81_505, 241.5, 231.2, 1.79752
FILLER_0_81_51, 28.853, 231.2, 1.79613
FILLER_0_80_77, 42.186, 231.2, 1.79613
FILLER_0_81_93, 42.186, 231.2, 1.79613
_3037_, 55.52, 231.2, 1.79612
_3040_, 55.52, 231.2, 1.79612
_3049_, 55.52, 231.2, 1.79612
_4735_, 55.52, 231.2, 1.79612
hold480, 55.52, 231.2, 1.79612
hold491, 55.52, 231.2, 1.79612
FILLER_0_80_97, 55.52, 231.2, 1.79612
FILLER_0_81_121, 55.52, 231.2, 1.79612
_3039_, 68.853, 231.2, 1.79616
_3041_, 68.853, 231.2, 1.79616
_3044_, 68.853, 231.2, 1.79616
_3050_, 68.853, 231.2, 1.79616
_3051_, 68.853, 231.2, 1.79616
_3052_, 68.853, 231.2, 1.79616
_3055_, 68.853, 231.2, 1.79616
_4739_, 68.853, 231.2, 1.79616
hold413, 68.853, 231.2, 1.79616
_3054_, 82.186, 231.2, 1.79624
_3059_, 82.186, 231.2, 1.79624
_3060_, 82.186, 231.2, 1.79624
_4763_, 82.186, 231.2, 1.79624
FILLER_0_81_165, 82.186, 231.2, 1.79624
FILLER_0_81_169, 82.186, 231.2, 1.79624
_2120_, 95.52, 231.2, 1.79633
_3127_, 95.52, 231.2, 1.79633
_3131_, 95.52, 231.2, 1.79633
_3132_, 95.52, 231.2, 1.79633
_3134_, 95.52, 231.2, 1.79633
clkbuf_leaf_14_clk, 95.52, 231.2, 1.79633
_3116_, 108.853, 231.2, 1.79649
_3117_, 108.853, 231.2, 1.79649
_3118_, 108.853, 231.2, 1.79649
_3120_, 108.853, 231.2, 1.79649
_3121_, 108.853, 231.2, 1.79649
FILLER_0_80_213, 108.853, 231.2, 1.79649
FILLER_0_81_217, 108.853, 231.2, 1.79649
FILLER_0_81_235, 108.853, 231.2, 1.79649
_3064_, 122.186, 231.2, 1.79665
_3065_, 122.186, 231.2, 1.79665
_3066_, 122.186, 231.2, 1.79665
_3074_, 122.186, 231.2, 1.79665
_3075_, 122.186, 231.2, 1.79665
_4742_, 122.186, 231.2, 1.79665
FILLER_0_80_240, 122.186, 231.2, 1.79665
FILLER_0_80_253, 122.186, 231.2, 1.79665
_3073_, 135.52, 231.2, 1.79682
_3079_, 135.52, 231.2, 1.79682
_4746_, 135.52, 231.2, 1.79682
_4747_, 135.52, 231.2, 1.79682
_3084_, 148.853, 231.2, 1.79704
_3091_, 148.853, 231.2, 1.79704
_4749_, 148.853, 231.2, 1.79704
FILLER_0_80_305, 148.853, 231.2, 1.79704
_3095_, 162.186, 231.2, 1.79727
_4752_, 162.186, 231.2, 1.79727
FILLER_0_82_353, 162.186, 231.2, 1.79727
_3681_, 188.716, 231.2, 1.79752
hold174, 188.716, 231.2, 1.79752
FILLER_0_81_441, 201.912, 231.2, 1.79752
FILLER_0_82_469, 215.108, 231.2, 1.79752
FILLER_0_81_497, 228.304, 231.2, 1.79752
PHY_156, 5.52, 225.76, 1.79616
PHY_158, 5.52, 225.76, 1.79616
PHY_157, 241.5, 225.76, 1.79756
PHY_159, 241.5, 225.76, 1.79756
FILLER_0_79_505, 241.5, 225.76, 1.79756
FILLER_0_79_51, 28.853, 225.76, 1.79623
FILLER_0_78_77, 42.186, 225.76, 1.79629
_3042_, 55.52, 225.76, 1.79636
_4736_, 55.52, 225.76, 1.79636
FILLER_0_79_105, 55.52, 225.76, 1.79636
_2189_, 68.853, 225.76, 1.79644
_3043_, 68.853, 225.76, 1.79644
_3045_, 68.853, 225.76, 1.79644
_3053_, 68.853, 225.76, 1.79644
_3056_, 68.853, 225.76, 1.79644
FILLER_0_78_126, 68.853, 225.76, 1.79644
FILLER_0_79_134, 68.853, 225.76, 1.79644
_3138_, 82.186, 225.76, 1.79654
_3140_, 82.186, 225.76, 1.79654
FILLER_0_78_153, 82.186, 225.76, 1.79654
FILLER_0_79_158, 82.186, 225.76, 1.79654
FILLER_0_79_169, 82.186, 225.76, 1.79654
_3124_, 95.52, 225.76, 1.79665
_3126_, 95.52, 225.76, 1.79665
_3128_, 95.52, 225.76, 1.79665
_3136_, 95.52, 225.76, 1.79665
_3137_, 95.52, 225.76, 1.79665
_3139_, 95.52, 225.76, 1.79665
hold433, 95.52, 225.76, 1.79665
FILLER_0_79_201, 95.52, 225.76, 1.79665
_2126_, 108.853, 225.76, 1.79677
FILLER_0_78_221, 108.853, 225.76, 1.79677
FILLER_0_79_221, 108.853, 225.76, 1.79677
_3077_, 122.186, 225.76, 1.7969
_3115_, 122.186, 225.76, 1.7969
_4745_, 122.186, 225.76, 1.7969
hold499, 122.186, 225.76, 1.7969
hold500, 122.186, 225.76, 1.7969
FILLER_0_79_249, 122.186, 225.76, 1.7969
FILLER_0_79_265, 122.186, 225.76, 1.7969
FILLER_0_80_264, 122.186, 225.76, 1.7969
_3076_, 135.52, 225.76, 1.79705
_3078_, 135.52, 225.76, 1.79705
_3083_, 135.52, 225.76, 1.79705
_3085_, 135.52, 225.76, 1.79705
_3087_, 135.52, 225.76, 1.79705
FILLER_0_79_274, 135.52, 225.76, 1.79705
FILLER_0_79_290, 135.52, 225.76, 1.79705
_3082_, 148.853, 225.76, 1.7972
_3096_, 148.853, 225.76, 1.7972
_3097_, 148.853, 225.76, 1.7972
_3098_, 148.853, 225.76, 1.7972
_4751_, 148.853, 225.76, 1.7972
FILLER_0_78_305, 148.853, 225.76, 1.7972
FILLER_0_78_309, 148.853, 225.76, 1.7972
FILLER_0_79_315, 148.853, 225.76, 1.7972
_2147_, 162.186, 225.76, 1.79738
_3099_, 162.186, 225.76, 1.79738
_3100_, 162.186, 225.76, 1.79738
_3103_, 162.186, 225.76, 1.79738
hold452, 162.186, 225.76, 1.79738
FILLER_0_79_384, 188.716, 225.76, 1.79756
FILLER_0_80_411, 188.716, 225.76, 1.79756
FILLER_0_78_416, 201.912, 225.76, 1.79756
FILLER_0_79_441, 201.912, 225.76, 1.79756
_3634_, 215.108, 225.76, 1.79756
_3936_, 215.108, 225.76, 1.79756
_3937_, 215.108, 225.76, 1.79756
FILLER_0_78_445, 215.108, 225.76, 1.79756
FILLER_0_78_453, 215.108, 225.76, 1.79756
FILLER_0_80_469, 215.108, 225.76, 1.79756
_3633_, 228.304, 225.76, 1.79756
hold119, 228.304, 225.76, 1.79756
hold127, 228.304, 225.76, 1.79756
PHY_152, 5.52, 220.32, 1.79614
PHY_154, 5.52, 220.32, 1.79614
PHY_153, 241.5, 220.32, 1.79748
PHY_155, 241.5, 220.32, 1.79748
FILLER_0_76_501, 241.5, 220.32, 1.79748
FILLER_0_77_505, 241.5, 220.32, 1.79748
FILLER_0_77_51, 28.853, 220.32, 1.79617
FILLER_0_76_77, 42.186, 220.32, 1.7962
_2183_, 55.52, 220.32, 1.79623
_2186_, 55.52, 220.32, 1.79623
_2187_, 55.52, 220.32, 1.79623
clkbuf_leaf_12_clk, 55.52, 220.32, 1.79623
FILLER_0_77_105, 55.52, 220.32, 1.79623
_2188_, 68.853, 220.32, 1.79631
_2190_, 68.853, 220.32, 1.79631
_2191_, 68.853, 220.32, 1.79631
_2192_, 68.853, 220.32, 1.79631
_2226_, 68.853, 220.32, 1.79631
_3038_, 68.853, 220.32, 1.79631
_2176_, 82.186, 220.32, 1.79639
_2177_, 82.186, 220.32, 1.79639
_2193_, 82.186, 220.32, 1.79639
_2194_, 82.186, 220.32, 1.79639
_4764_, 82.186, 220.32, 1.79639
_4765_, 82.186, 220.32, 1.79639
FILLER_0_76_153, 82.186, 220.32, 1.79639
FILLER_0_76_160, 82.186, 220.32, 1.79639
FILLER_0_77_164, 82.186, 220.32, 1.79639
_2118_, 95.52, 220.32, 1.79651
_2122_, 95.52, 220.32, 1.79651
_2133_, 95.52, 220.32, 1.79651
_2138_, 95.52, 220.32, 1.79651
_2140_, 95.52, 220.32, 1.79651
_2221_, 95.52, 220.32, 1.79651
_3130_, 95.52, 220.32, 1.79651
fanout25, 95.52, 220.32, 1.79651
FILLER_0_77_193, 95.52, 220.32, 1.79651
FILLER_0_78_197, 95.52, 220.32, 1.79651
_2127_, 108.853, 220.32, 1.79664
_2128_, 108.853, 220.32, 1.79664
_2132_, 108.853, 220.32, 1.79664
_2134_, 108.853, 220.32, 1.79664
_2222_, 108.853, 220.32, 1.79664
_3111_, 108.853, 220.32, 1.79664
_3112_, 108.853, 220.32, 1.79664
_3119_, 108.853, 220.32, 1.79664
_4756_, 108.853, 220.32, 1.79664
FILLER_0_77_228, 108.853, 220.32, 1.79664
fanout29, 122.186, 220.32, 1.7968
hold435, 122.186, 220.32, 1.7968
hold436, 122.186, 220.32, 1.7968
_2163_, 135.52, 220.32, 1.79698
_2164_, 135.52, 220.32, 1.79698
_2165_, 135.52, 220.32, 1.79698
FILLER_0_78_297, 135.52, 220.32, 1.79698
_2154_, 148.853, 220.32, 1.79717
_2155_, 148.853, 220.32, 1.79717
_2195_, 148.853, 220.32, 1.79717
_3090_, 148.853, 220.32, 1.79717
_3093_, 148.853, 220.32, 1.79717
_3102_, 148.853, 220.32, 1.79717
FILLER_0_76_304, 148.853, 220.32, 1.79717
FILLER_0_77_325, 148.853, 220.32, 1.79717
FILLER_0_78_322, 148.853, 220.32, 1.79717
_2146_, 162.186, 220.32, 1.79735
_2215_, 162.186, 220.32, 1.79735
_3101_, 162.186, 220.32, 1.79735
_3105_, 162.186, 220.32, 1.79735
_3110_, 162.186, 220.32, 1.79735
_4753_, 162.186, 220.32, 1.79735
hold451, 162.186, 220.32, 1.79735
FILLER_0_76_329, 162.186, 220.32, 1.79735
FILLER_0_77_333, 162.186, 220.32, 1.79735
_3860_, 188.716, 220.32, 1.79752
_4592_, 188.716, 220.32, 1.79752
hold134, 188.716, 220.32, 1.79752
FILLER_0_76_386, 188.716, 220.32, 1.79752
FILLER_0_77_387, 188.716, 220.32, 1.79752
FILLER_0_77_393, 188.716, 220.32, 1.79752
FILLER_0_76_421, 201.912, 220.32, 1.7975
FILLER_0_77_439, 201.912, 220.32, 1.7975
_3866_, 215.108, 220.32, 1.79748
_3867_, 215.108, 220.32, 1.79748
_4482_, 215.108, 220.32, 1.79748
_4595_, 215.108, 220.32, 1.79748
_4630_, 215.108, 220.32, 1.79748
FILLER_0_77_452, 215.108, 220.32, 1.79748
hold218, 228.304, 220.32, 1.79748
PHY_148, 5.52, 214.88, 1.79615
PHY_150, 5.52, 214.88, 1.79615
PHY_149, 241.5, 214.88, 1.79742
PHY_151, 241.5, 214.88, 1.79742
output7, 241.5, 214.88, 1.79742
FILLER_0_74_501, 241.5, 214.88, 1.79742
FILLER_0_75_505, 241.5, 214.88, 1.79742
FILLER_0_75_51, 28.853, 214.88, 1.79619
FILLER_0_74_77, 42.186, 214.88, 1.79624
_2180_, 55.52, 214.88, 1.79628
_2181_, 55.52, 214.88, 1.79628
_2185_, 55.52, 214.88, 1.79628
_4366_, 55.52, 214.88, 1.79628
_4766_, 55.52, 214.88, 1.79628
FILLER_0_75_105, 55.52, 214.88, 1.79628
FILLER_0_75_113, 55.52, 214.88, 1.79628
FILLER_0_76_109, 55.52, 214.88, 1.79628
_2179_, 68.853, 214.88, 1.79634
_3424_, 68.853, 214.88, 1.79634
hold216, 68.853, 214.88, 1.79634
_2119_, 82.186, 214.88, 1.79641
clkbuf_leaf_13_clk, 82.186, 214.88, 1.79641
hold312, 82.186, 214.88, 1.79641
hold442, 82.186, 214.88, 1.79641
FILLER_0_75_156, 82.186, 214.88, 1.79641
FILLER_0_75_177, 82.186, 214.88, 1.79641
_2121_, 95.52, 214.88, 1.79652
_2124_, 95.52, 214.88, 1.79652
_2131_, 95.52, 214.88, 1.79652
_2137_, 95.52, 214.88, 1.79652
_2139_, 95.52, 214.88, 1.79652
_2225_, 95.52, 214.88, 1.79652
hold515, 95.52, 214.88, 1.79652
FILLER_0_74_183, 95.52, 214.88, 1.79652
FILLER_0_75_185, 95.52, 214.88, 1.79652
FILLER_0_75_192, 95.52, 214.88, 1.79652
_2123_, 108.853, 214.88, 1.79665
_2129_, 108.853, 214.88, 1.79665
_2130_, 108.853, 214.88, 1.79665
_2135_, 108.853, 214.88, 1.79665
_2136_, 108.853, 214.88, 1.79665
_2223_, 108.853, 214.88, 1.79665
_2224_, 108.853, 214.88, 1.79665
_3114_, 108.853, 214.88, 1.79665
FILLER_0_74_216, 108.853, 214.88, 1.79665
FILLER_0_75_225, 108.853, 214.88, 1.79665
_2143_, 122.186, 214.88, 1.79679
_2151_, 122.186, 214.88, 1.79679
_2199_, 122.186, 214.88, 1.79679
_2213_, 122.186, 214.88, 1.79679
_3113_, 122.186, 214.88, 1.79679
_4757_, 122.186, 214.88, 1.79679
FILLER_0_74_253, 122.186, 214.88, 1.79679
FILLER_0_76_265, 122.186, 214.88, 1.79679
_2167_, 135.52, 214.88, 1.79695
_2170_, 135.52, 214.88, 1.79695
_2171_, 135.52, 214.88, 1.79695
_2173_, 135.52, 214.88, 1.79695
_2197_, 135.52, 214.88, 1.79695
_2198_, 135.52, 214.88, 1.79695
_2200_, 135.52, 214.88, 1.79695
_2212_, 135.52, 214.88, 1.79695
FILLER_0_76_295, 135.52, 214.88, 1.79695
_2156_, 148.853, 214.88, 1.79714
_2159_, 148.853, 214.88, 1.79714
FILLER_0_74_303, 148.853, 214.88, 1.79714
FILLER_0_75_318, 148.853, 214.88, 1.79714
FILLER_0_76_321, 148.853, 214.88, 1.79714
_2148_, 162.186, 214.88, 1.79733
_2149_, 162.186, 214.88, 1.79733
_2202_, 162.186, 214.88, 1.79733
_2204_, 162.186, 214.88, 1.79733
_2205_, 162.186, 214.88, 1.79733
_2206_, 162.186, 214.88, 1.79733
_2210_, 162.186, 214.88, 1.79733
_2219_, 162.186, 214.88, 1.79733
_3108_, 162.186, 214.88, 1.79733
_4755_, 162.186, 214.88, 1.79733
_3861_, 188.716, 214.88, 1.79749
_4208_, 188.716, 214.88, 1.79749
_4699_, 188.716, 214.88, 1.79749
hold187, 188.716, 214.88, 1.79749
FILLER_0_74_385, 188.716, 214.88, 1.79749
FILLER_0_76_410, 188.716, 214.88, 1.79749
_4687_, 201.912, 214.88, 1.79743
clkbuf_leaf_23_clk, 201.912, 214.88, 1.79743
hold120, 201.912, 214.88, 1.79743
FILLER_0_74_421, 201.912, 214.88, 1.79743
FILLER_0_75_419, 201.912, 214.88, 1.79743
FILLER_0_76_429, 201.912, 214.88, 1.79743
_4588_, 215.108, 214.88, 1.79742
FILLER_0_74_453, 215.108, 214.88, 1.79742
FILLER_0_75_449, 215.108, 214.88, 1.79742
FILLER_0_76_468, 215.108, 214.88, 1.79742
hold109, 228.304, 214.88, 1.79742
FILLER_0_74_471, 228.304, 214.88, 1.79742
FILLER_0_75_495, 228.304, 214.88, 1.79742
PHY_144, 5.52, 209.44, 1.79615
PHY_146, 5.52, 209.44, 1.79615
PHY_145, 241.5, 209.44, 1.79759
PHY_147, 241.5, 209.44, 1.79759
FILLER_0_72_500, 241.5, 209.44, 1.79759
FILLER_0_73_505, 241.5, 209.44, 1.79759
FILLER_0_73_51, 28.853, 209.44, 1.79623
FILLER_0_72_77, 42.186, 209.44, 1.7963
FILLER_0_73_93, 42.186, 209.44, 1.7963
_3410_, 55.52, 209.44, 1.79638
_3412_, 55.52, 209.44, 1.79638
_4367_, 55.52, 209.44, 1.79638
hold186, 55.52, 209.44, 1.79638
FILLER_0_73_101, 55.52, 209.44, 1.79638
_4370_, 68.853, 209.44, 1.79646
_4371_, 68.853, 209.44, 1.79646
hold434, 68.853, 209.44, 1.79646
_2175_, 82.186, 209.44, 1.79655
_2178_, 82.186, 209.44, 1.79655
_3503_, 82.186, 209.44, 1.79655
_3505_, 82.186, 209.44, 1.79655
hold462, 82.186, 209.44, 1.79655
FILLER_0_72_161, 82.186, 209.44, 1.79655
_2116_, 95.52, 209.44, 1.79665
_2117_, 95.52, 209.44, 1.79665
_3494_, 95.52, 209.44, 1.79665
_3504_, 95.52, 209.44, 1.79665
_4392_, 95.52, 209.44, 1.79665
fanout24, 95.52, 209.44, 1.79665
fanout26, 95.52, 209.44, 1.79665
FILLER_0_74_200, 95.52, 209.44, 1.79665
clkbuf_leaf_15_clk, 108.853, 209.44, 1.79676
FILLER_0_73_215, 108.853, 209.44, 1.79676
FILLER_0_74_237, 108.853, 209.44, 1.79676
_2142_, 122.186, 209.44, 1.79692
_2152_, 122.186, 209.44, 1.79692
_2220_, 122.186, 209.44, 1.79692
hold519, 122.186, 209.44, 1.79692
FILLER_0_72_242, 122.186, 209.44, 1.79692
FILLER_0_73_267, 122.186, 209.44, 1.79692
FILLER_0_74_264, 122.186, 209.44, 1.79692
_2160_, 135.52, 209.44, 1.79709
_2172_, 135.52, 209.44, 1.79709
_2174_, 135.52, 209.44, 1.79709
_2196_, 135.52, 209.44, 1.79709
_2201_, 135.52, 209.44, 1.79709
_2153_, 148.853, 209.44, 1.79727
_2157_, 148.853, 209.44, 1.79727
_2203_, 148.853, 209.44, 1.79727
FILLER_0_72_305, 148.853, 209.44, 1.79727
FILLER_0_73_321, 148.853, 209.44, 1.79727
FILLER_0_74_321, 148.853, 209.44, 1.79727
_2150_, 162.186, 209.44, 1.79745
_2208_, 162.186, 209.44, 1.79745
_2211_, 162.186, 209.44, 1.79745
_2216_, 162.186, 209.44, 1.79745
_2217_, 162.186, 209.44, 1.79745
_2218_, 162.186, 209.44, 1.79745
_3481_, 162.186, 209.44, 1.79745
FILLER_0_72_329, 162.186, 209.44, 1.79745
_3868_, 188.716, 209.44, 1.79762
_3869_, 188.716, 209.44, 1.79762
_4074_, 188.716, 209.44, 1.79762
_4075_, 188.716, 209.44, 1.79762
hold115, 188.716, 209.44, 1.79762
FILLER_0_73_384, 188.716, 209.44, 1.79762
FILLER_0_73_393, 188.716, 209.44, 1.79762
FILLER_0_73_403, 188.716, 209.44, 1.79762
_4050_, 201.912, 209.44, 1.7976
_4051_, 201.912, 209.44, 1.7976
FILLER_0_72_417, 201.912, 209.44, 1.7976
FILLER_0_72_421, 201.912, 209.44, 1.7976
FILLER_0_73_437, 201.912, 209.44, 1.7976
FILLER_0_74_431, 201.912, 209.44, 1.7976
_3852_, 215.108, 209.44, 1.79759
_3853_, 215.108, 209.44, 1.79759
_3949_, 215.108, 209.44, 1.79759
_4636_, 215.108, 209.44, 1.79759
_4691_, 215.108, 209.44, 1.79759
FILLER_0_73_445, 215.108, 209.44, 1.79759
FILLER_0_73_449, 215.108, 209.44, 1.79759
_3835_, 228.304, 209.44, 1.79759
hold113, 228.304, 209.44, 1.79759
hold165, 228.304, 209.44, 1.79759
FILLER_0_73_494, 228.304, 209.44, 1.79759
PHY_140, 5.52, 204, 1.79614
PHY_142, 5.52, 204, 1.79614
PHY_141, 241.5, 204, 1.79757
PHY_143, 241.5, 204, 1.79757
FILLER_0_70_501, 241.5, 204, 1.79757
FILLER_0_71_505, 241.5, 204, 1.79757
_3163_, 28.853, 204, 1.7962
_4430_, 28.853, 204, 1.7962
hold1, 28.853, 204, 1.7962
hold332, 28.853, 204, 1.7962
FILLER_0_70_37, 28.853, 204, 1.7962
FILLER_0_71_39, 28.853, 204, 1.7962
_4364_, 42.186, 204, 1.79626
hold2, 42.186, 204, 1.79626
FILLER_0_70_77, 42.186, 204, 1.79626
FILLER_0_72_85, 42.186, 204, 1.79626
_2184_, 55.52, 204, 1.79634
_3404_, 55.52, 204, 1.79634
_3408_, 55.52, 204, 1.79634
_3417_, 55.52, 204, 1.79634
_4365_, 55.52, 204, 1.79634
_4368_, 55.52, 204, 1.79634
FILLER_0_70_97, 55.52, 204, 1.79634
FILLER_0_70_105, 55.52, 204, 1.79634
_3421_, 68.853, 204, 1.79643
_3426_, 68.853, 204, 1.79643
_4369_, 68.853, 204, 1.79643
hold456, 68.853, 204, 1.79643
FILLER_0_70_135, 68.853, 204, 1.79643
_4394_, 82.186, 204, 1.79653
_4395_, 82.186, 204, 1.79653
FILLER_0_71_162, 82.186, 204, 1.79653
_3497_, 95.52, 204, 1.79664
_3498_, 95.52, 204, 1.79664
_3502_, 95.52, 204, 1.79664
_4390_, 95.52, 204, 1.79664
_4391_, 95.52, 204, 1.79664
hold517, 95.52, 204, 1.79664
_3485_, 108.853, 204, 1.79678
_3487_, 108.853, 204, 1.79678
_3495_, 108.853, 204, 1.79678
_4387_, 108.853, 204, 1.79678
_4388_, 108.853, 204, 1.79678
FILLER_0_72_227, 108.853, 204, 1.79678
_2141_, 122.186, 204, 1.79693
_3483_, 122.186, 204, 1.79693
_3484_, 122.186, 204, 1.79693
_3486_, 122.186, 204, 1.79693
_4386_, 122.186, 204, 1.79693
fanout28, 122.186, 204, 1.79693
hold514, 122.186, 204, 1.79693
_4377_, 135.52, 204, 1.79709
_4378_, 135.52, 204, 1.79709
FILLER_0_71_273, 135.52, 204, 1.79709
FILLER_0_71_281, 135.52, 204, 1.79709
FILLER_0_72_297, 135.52, 204, 1.79709
_2158_, 148.853, 204, 1.79726
_3461_, 148.853, 204, 1.79726
_4379_, 148.853, 204, 1.79726
FILLER_0_72_321, 148.853, 204, 1.79726
_2145_, 162.186, 204, 1.79745
_3464_, 162.186, 204, 1.79745
_3479_, 162.186, 204, 1.79745
_4384_, 162.186, 204, 1.79745
hold529, 162.186, 204, 1.79745
FILLER_0_72_355, 162.186, 204, 1.79745
_3954_, 188.716, 204, 1.79761
_3955_, 188.716, 204, 1.79761
_4014_, 188.716, 204, 1.79761
_4197_, 188.716, 204, 1.79761
_4639_, 188.716, 204, 1.79761
hold123, 188.716, 204, 1.79761
hold128, 188.716, 204, 1.79761
hold176, 188.716, 204, 1.79761
FILLER_0_72_409, 188.716, 204, 1.79761
_3685_, 201.912, 204, 1.79758
_3686_, 201.912, 204, 1.79758
_3990_, 201.912, 204, 1.79758
_3991_, 201.912, 204, 1.79758
_4508_, 201.912, 204, 1.79758
_4657_, 201.912, 204, 1.79758
hold167, 201.912, 204, 1.79758
FILLER_0_70_413, 201.912, 204, 1.79758
FILLER_0_71_436, 201.912, 204, 1.79758
_3941_, 215.108, 204, 1.79757
_4059_, 215.108, 204, 1.79757
_4579_, 215.108, 204, 1.79757
hold208, 215.108, 204, 1.79757
hold233, 215.108, 204, 1.79757
hold244, 215.108, 204, 1.79757
FILLER_0_71_449, 215.108, 204, 1.79757
_3834_, 228.304, 204, 1.79757
_3948_, 228.304, 204, 1.79757
_4058_, 228.304, 204, 1.79757
FILLER_0_70_470, 228.304, 204, 1.79757
FILLER_0_71_494, 228.304, 204, 1.79757
PHY_136, 5.52, 198.56, 1.7961
PHY_138, 5.52, 198.56, 1.7961
PHY_137, 241.5, 198.56, 1.79761
PHY_139, 241.5, 198.56, 1.79761
FILLER_0_68_500, 241.5, 198.56, 1.79761
FILLER_0_69_505, 241.5, 198.56, 1.79761
_3164_, 28.853, 198.56, 1.79611
_3166_, 28.853, 198.56, 1.79611
_3168_, 28.853, 198.56, 1.79611
hold3, 28.853, 198.56, 1.79611
FILLER_0_69_64, 28.853, 198.56, 1.79611
_3167_, 42.186, 198.56, 1.79612
_4217_, 42.186, 198.56, 1.79612
_4219_, 42.186, 198.56, 1.79612
_4799_, 42.186, 198.56, 1.79612
hold440, 42.186, 198.56, 1.79612
_2182_, 55.52, 198.56, 1.79614
hold426, 55.52, 198.56, 1.79614
hold429, 55.52, 198.56, 1.79614
_4134_, 68.853, 198.56, 1.79616
_4136_, 68.853, 198.56, 1.79616
_4149_, 68.853, 198.56, 1.79616
hold464, 68.853, 198.56, 1.79616
FILLER_0_68_136, 68.853, 198.56, 1.79616
FILLER_0_69_138, 68.853, 198.56, 1.79616
FILLER_0_69_148, 68.853, 198.56, 1.79616
_3396_, 82.186, 198.56, 1.79619
_4143_, 82.186, 198.56, 1.79619
_4730_, 82.186, 198.56, 1.79619
hold443, 82.186, 198.56, 1.79619
hold493, 82.186, 198.56, 1.79619
FILLER_0_69_161, 82.186, 198.56, 1.79619
FILLER_0_70_177, 82.186, 198.56, 1.79619
_3496_, 95.52, 198.56, 1.79622
_3500_, 95.52, 198.56, 1.79622
_3501_, 95.52, 198.56, 1.79622
clkbuf_leaf_16_clk, 95.52, 198.56, 1.79622
hold474, 95.52, 198.56, 1.79622
FILLER_0_68_187, 95.52, 198.56, 1.79622
FILLER_0_69_192, 95.52, 198.56, 1.79622
_3463_, 108.853, 198.56, 1.7963
_3488_, 108.853, 198.56, 1.7963
_3489_, 108.853, 198.56, 1.7963
_3491_, 108.853, 198.56, 1.7963
_3493_, 108.853, 198.56, 1.7963
_3438_, 122.186, 198.56, 1.79652
_3473_, 122.186, 198.56, 1.79652
_4373_, 122.186, 198.56, 1.79652
FILLER_0_68_245, 122.186, 198.56, 1.79652
FILLER_0_69_255, 122.186, 198.56, 1.79652
FILLER_0_69_263, 122.186, 198.56, 1.79652
FILLER_0_70_267, 122.186, 198.56, 1.79652
_2168_, 135.52, 198.56, 1.79676
_3456_, 135.52, 198.56, 1.79676
_3457_, 135.52, 198.56, 1.79676
_3458_, 135.52, 198.56, 1.79676
clkbuf_leaf_20_clk, 135.52, 198.56, 1.79676
hold511, 135.52, 198.56, 1.79676
FILLER_0_69_270, 135.52, 198.56, 1.79676
_3459_, 148.853, 198.56, 1.79705
_3460_, 148.853, 198.56, 1.79705
_3465_, 148.853, 198.56, 1.79705
_3480_, 148.853, 198.56, 1.79705
_4380_, 148.853, 198.56, 1.79705
hold508, 148.853, 198.56, 1.79705
_3466_, 162.186, 198.56, 1.79735
_3474_, 162.186, 198.56, 1.79735
_3477_, 162.186, 198.56, 1.79735
_4385_, 162.186, 198.56, 1.79735
fanout30, 162.186, 198.56, 1.79735
_3609_, 188.716, 198.56, 1.79764
_4789_, 188.716, 198.56, 1.79764
hold160, 188.716, 198.56, 1.79764
hold272, 188.716, 198.56, 1.79764
hold282, 188.716, 198.56, 1.79764
_4182_, 201.912, 198.56, 1.79762
_4183_, 201.912, 198.56, 1.79762
_4196_, 201.912, 198.56, 1.79762
_4632_, 201.912, 198.56, 1.79762
hold146, 201.912, 198.56, 1.79762
FILLER_0_69_424, 201.912, 198.56, 1.79762
_3940_, 215.108, 198.56, 1.79761
_4202_, 215.108, 198.56, 1.79761
_4500_, 215.108, 198.56, 1.79761
hold205, 215.108, 198.56, 1.79761
FILLER_0_69_445, 215.108, 198.56, 1.79761
_3670_, 228.304, 198.56, 1.79761
hold164, 228.304, 198.56, 1.79761
hold254, 228.304, 198.56, 1.79761
PHY_132, 5.52, 193.12, 1.79602
PHY_134, 5.52, 193.12, 1.79602
_4100_, 241.5, 193.12, 1.79758
PHY_133, 241.5, 193.12, 1.79758
PHY_135, 241.5, 193.12, 1.79758
FILLER_0_66_505, 241.5, 193.12, 1.79758
FILLER_0_67_505, 241.5, 193.12, 1.79758
_3149_, 28.853, 193.12, 1.79584
_3150_, 28.853, 193.12, 1.79584
_3169_, 28.853, 193.12, 1.79584
hold468, 28.853, 193.12, 1.79584
_3147_, 42.186, 193.12, 1.79566
_4221_, 42.186, 193.12, 1.79566
_4800_, 42.186, 193.12, 1.79566
clkbuf_leaf_10_clk, 42.186, 193.12, 1.79566
FILLER_0_66_70, 42.186, 193.12, 1.79566
FILLER_0_66_77, 42.186, 193.12, 1.79566
_3144_, 55.52, 193.12, 1.79555
_3145_, 55.52, 193.12, 1.79555
_3146_, 55.52, 193.12, 1.79555
_3403_, 55.52, 193.12, 1.79555
_3407_, 55.52, 193.12, 1.79555
_3409_, 55.52, 193.12, 1.79555
FILLER_0_67_113, 55.52, 193.12, 1.79555
FILLER_0_68_113, 55.52, 193.12, 1.79555
_4135_, 68.853, 193.12, 1.79544
_4218_, 68.853, 193.12, 1.79544
_4727_, 68.853, 193.12, 1.79544
_4732_, 68.853, 193.12, 1.79544
FILLER_0_66_137, 68.853, 193.12, 1.79544
FILLER_0_68_141, 68.853, 193.12, 1.79544
_3399_, 82.186, 193.12, 1.79534
_4130_, 82.186, 193.12, 1.79534
_4142_, 82.186, 193.12, 1.79534
_4151_, 82.186, 193.12, 1.79534
_4733_, 82.186, 193.12, 1.79534
FILLER_0_66_153, 82.186, 193.12, 1.79534
_3429_, 95.52, 193.12, 1.79537
_3476_, 95.52, 193.12, 1.79537
_3499_, 95.52, 193.12, 1.79537
_4389_, 95.52, 193.12, 1.79537
_4393_, 95.52, 193.12, 1.79537
FILLER_0_66_188, 95.52, 193.12, 1.79537
FILLER_0_67_190, 95.52, 193.12, 1.79537
_2125_, 108.853, 193.12, 1.79555
_2955_, 108.853, 193.12, 1.79555
_3022_, 108.853, 193.12, 1.79555
_3395_, 108.853, 193.12, 1.79555
_3428_, 108.853, 193.12, 1.79555
_3492_, 108.853, 193.12, 1.79555
hold507, 108.853, 193.12, 1.79555
FILLER_0_66_223, 108.853, 193.12, 1.79555
FILLER_0_68_236, 108.853, 193.12, 1.79555
_3444_, 122.186, 193.12, 1.79587
_3454_, 122.186, 193.12, 1.79587
_3455_, 122.186, 193.12, 1.79587
_4376_, 122.186, 193.12, 1.79587
_2166_, 135.52, 193.12, 1.79631
_2169_, 135.52, 193.12, 1.79631
_3440_, 135.52, 193.12, 1.79631
_3448_, 135.52, 193.12, 1.79631
_3451_, 135.52, 193.12, 1.79631
hold510, 135.52, 193.12, 1.79631
hold520, 135.52, 193.12, 1.79631
_2161_, 148.853, 193.12, 1.79675
_2162_, 148.853, 193.12, 1.79675
_3445_, 148.853, 193.12, 1.79675
_3446_, 148.853, 193.12, 1.79675
_3467_, 148.853, 193.12, 1.79675
_3468_, 148.853, 193.12, 1.79675
_3478_, 148.853, 193.12, 1.79675
_3482_, 148.853, 193.12, 1.79675
hold516, 148.853, 193.12, 1.79675
FILLER_0_68_313, 148.853, 193.12, 1.79675
_2144_, 162.186, 193.12, 1.7972
_4383_, 162.186, 193.12, 1.7972
_3615_, 188.716, 193.12, 1.79762
_3709_, 188.716, 193.12, 1.79762
_4782_, 188.716, 193.12, 1.79762
hold175, 188.716, 193.12, 1.79762
FILLER_0_67_405, 188.716, 193.12, 1.79762
_3635_, 201.912, 193.12, 1.7976
_3676_, 201.912, 193.12, 1.7976
_4203_, 201.912, 193.12, 1.7976
_4792_, 201.912, 193.12, 1.7976
hold206, 201.912, 193.12, 1.7976
FILLER_0_67_430, 201.912, 193.12, 1.7976
FILLER_0_67_440, 201.912, 193.12, 1.7976
_4491_, 215.108, 193.12, 1.79759
FILLER_0_66_450, 215.108, 193.12, 1.79759
FILLER_0_67_449, 215.108, 193.12, 1.79759
_3651_, 228.304, 193.12, 1.79758
_3669_, 228.304, 193.12, 1.79758
_4712_, 228.304, 193.12, 1.79758
FILLER_0_67_498, 228.304, 193.12, 1.79758
PHY_128, 5.52, 187.68, 1.79603
PHY_130, 5.52, 187.68, 1.79603
output2, 5.52, 187.68, 1.79603
PHY_129, 241.5, 187.68, 1.79755
PHY_131, 241.5, 187.68, 1.79755
FILLER_0_64_501, 241.5, 187.68, 1.79755
FILLER_0_65_505, 241.5, 187.68, 1.79755
_3151_, 28.853, 187.68, 1.79592
_3152_, 28.853, 187.68, 1.79592
_3165_, 28.853, 187.68, 1.79592
_3170_, 28.853, 187.68, 1.79592
FILLER_0_65_53, 28.853, 187.68, 1.79592
_3148_, 42.186, 187.68, 1.79581
_4801_, 42.186, 187.68, 1.79581
_4802_, 42.186, 187.68, 1.79581
FILLER_0_64_79, 42.186, 187.68, 1.79581
FILLER_0_65_69, 42.186, 187.68, 1.79581
_3411_, 55.52, 187.68, 1.79571
_4132_, 55.52, 187.68, 1.79571
_4220_, 55.52, 187.68, 1.79571
_4222_, 55.52, 187.68, 1.79571
_4225_, 55.52, 187.68, 1.79571
_4227_, 55.52, 187.68, 1.79571
fanout22, 55.52, 187.68, 1.79571
hold438, 55.52, 187.68, 1.79571
hold460, 55.52, 187.68, 1.79571
_3420_, 68.853, 187.68, 1.79561
_3423_, 68.853, 187.68, 1.79561
_4147_, 68.853, 187.68, 1.79561
_4148_, 68.853, 187.68, 1.79561
_2678_, 82.186, 187.68, 1.79553
_3406_, 82.186, 187.68, 1.79553
_3414_, 82.186, 187.68, 1.79553
_3490_, 82.186, 187.68, 1.79553
_4150_, 82.186, 187.68, 1.79553
FILLER_0_64_157, 82.186, 187.68, 1.79553
FILLER_0_65_160, 82.186, 187.68, 1.79553
_2857_, 95.52, 187.68, 1.79557
_3023_, 95.52, 187.68, 1.79557
_3024_, 95.52, 187.68, 1.79557
FILLER_0_64_190, 95.52, 187.68, 1.79557
_3021_, 108.853, 187.68, 1.79563
_3401_, 108.853, 187.68, 1.79563
_3439_, 108.853, 187.68, 1.79563
_3471_, 108.853, 187.68, 1.79563
_4428_, 108.853, 187.68, 1.79563
FILLER_0_64_224, 108.853, 187.68, 1.79563
FILLER_0_65_225, 108.853, 187.68, 1.79563
FILLER_0_66_238, 108.853, 187.68, 1.79563
_3441_, 122.186, 187.68, 1.79602
_3443_, 122.186, 187.68, 1.79602
_3452_, 122.186, 187.68, 1.79602
_4372_, 122.186, 187.68, 1.79602
FILLER_0_64_249, 122.186, 187.68, 1.79602
_3449_, 135.52, 187.68, 1.79643
_4374_, 135.52, 187.68, 1.79643
_4375_, 135.52, 187.68, 1.79643
FILLER_0_65_270, 135.52, 187.68, 1.79643
FILLER_0_65_281, 135.52, 187.68, 1.79643
FILLER_0_65_290, 135.52, 187.68, 1.79643
_3472_, 148.853, 187.68, 1.79685
_3475_, 148.853, 187.68, 1.79685
_4382_, 148.853, 187.68, 1.79685
hold513, 148.853, 187.68, 1.79685
fanout27, 162.186, 187.68, 1.79728
fanout32, 162.186, 187.68, 1.79728
fanout33, 162.186, 187.68, 1.79728
FILLER_0_65_337, 162.186, 187.68, 1.79728
_3636_, 188.716, 187.68, 1.79762
_3649_, 188.716, 187.68, 1.79762
_3650_, 188.716, 187.68, 1.79762
_4178_, 188.716, 187.68, 1.79762
_4483_, 188.716, 187.68, 1.79762
_4634_, 188.716, 187.68, 1.79762
FILLER_0_64_388, 188.716, 187.68, 1.79762
_3944_, 201.912, 187.68, 1.79755
_4503_, 201.912, 187.68, 1.79755
_4641_, 201.912, 187.68, 1.79755
clkbuf_leaf_24_clk, 201.912, 187.68, 1.79755
hold209, 201.912, 187.68, 1.79755
FILLER_0_64_416, 201.912, 187.68, 1.79755
_3652_, 215.108, 187.68, 1.79755
_3675_, 215.108, 187.68, 1.79755
_3958_, 215.108, 187.68, 1.79755
FILLER_0_66_458, 215.108, 187.68, 1.79755
_4101_, 228.304, 187.68, 1.79755
hold219, 228.304, 187.68, 1.79755
FILLER_0_65_476, 228.304, 187.68, 1.79755
FILLER_0_65_495, 228.304, 187.68, 1.79755
PHY_124, 5.52, 182.24, 1.79605
PHY_126, 5.52, 182.24, 1.79605
FILLER_0_63_3, 5.52, 182.24, 1.79605
_3720_, 241.5, 182.24, 1.79772
PHY_125, 241.5, 182.24, 1.79772
PHY_127, 241.5, 182.24, 1.79772
FILLER_0_62_504, 241.5, 182.24, 1.79772
FILLER_0_63_505, 241.5, 182.24, 1.79772
_3153_, 28.853, 182.24, 1.79596
_3154_, 28.853, 182.24, 1.79596
_3162_, 28.853, 182.24, 1.79596
_3173_, 28.853, 182.24, 1.79596
hold382, 28.853, 182.24, 1.79596
FILLER_0_63_51, 28.853, 182.24, 1.79596
FILLER_0_63_65, 28.853, 182.24, 1.79596
_3155_, 42.186, 182.24, 1.79588
_4223_, 42.186, 182.24, 1.79588
_4806_, 42.186, 182.24, 1.79588
FILLER_0_62_73, 42.186, 182.24, 1.79588
FILLER_0_64_85, 42.186, 182.24, 1.79588
_3416_, 55.52, 182.24, 1.79581
_4133_, 55.52, 182.24, 1.79581
_4216_, 55.52, 182.24, 1.79581
_4224_, 55.52, 182.24, 1.79581
hold445, 55.52, 182.24, 1.79581
hold470, 55.52, 182.24, 1.79581
_3425_, 68.853, 182.24, 1.79574
_4226_, 68.853, 182.24, 1.79574
_4230_, 68.853, 182.24, 1.79574
clkbuf_2_2__f_clk, 68.853, 182.24, 1.79574
FILLER_0_64_141, 68.853, 182.24, 1.79574
_3402_, 82.186, 182.24, 1.7958
_3419_, 82.186, 182.24, 1.7958
wire11, 82.186, 182.24, 1.7958
max_cap12, 82.186, 182.24, 1.7958
FILLER_0_63_162, 82.186, 182.24, 1.7958
FILLER_0_63_169, 82.186, 182.24, 1.7958
FILLER_0_63_178, 82.186, 182.24, 1.7958
FILLER_0_64_167, 82.186, 182.24, 1.7958
_2858_, 95.52, 182.24, 1.79586
_2871_, 95.52, 182.24, 1.79586
_2873_, 95.52, 182.24, 1.79586
_3400_, 95.52, 182.24, 1.79586
wire13, 95.52, 182.24, 1.79586
FILLER_0_63_202, 95.52, 182.24, 1.79586
FILLER_0_64_197, 95.52, 182.24, 1.79586
FILLER_0_64_210, 95.52, 182.24, 1.79586
_2844_, 108.853, 182.24, 1.79603
_2946_, 108.853, 182.24, 1.79603
_2949_, 108.853, 182.24, 1.79603
_2954_, 108.853, 182.24, 1.79603
_3020_, 108.853, 182.24, 1.79603
_3430_, 108.853, 182.24, 1.79603
_2324_, 122.186, 182.24, 1.79629
FILLER_0_62_247, 122.186, 182.24, 1.79629
FILLER_0_62_253, 122.186, 182.24, 1.79629
_2841_, 135.52, 182.24, 1.79657
_2915_, 135.52, 182.24, 1.79657
FILLER_0_62_273, 135.52, 182.24, 1.79657
FILLER_0_63_274, 135.52, 182.24, 1.79657
_2388_, 148.853, 182.24, 1.7969
_2919_, 148.853, 182.24, 1.7969
_4381_, 148.853, 182.24, 1.7969
FILLER_0_62_299, 148.853, 182.24, 1.7969
_4635_, 162.186, 182.24, 1.79726
clkbuf_leaf_19_clk, 162.186, 182.24, 1.79726
clkbuf_2_3__f_clk, 162.186, 182.24, 1.79726
FILLER_0_63_333, 162.186, 182.24, 1.79726
FILLER_0_63_337, 162.186, 182.24, 1.79726
_3663_, 188.716, 182.24, 1.79777
_3945_, 188.716, 182.24, 1.79777
_3984_, 188.716, 182.24, 1.79777
_4080_, 188.716, 182.24, 1.79777
hold148, 188.716, 182.24, 1.79777
FILLER_0_63_408, 188.716, 182.24, 1.79777
_3726_, 201.912, 182.24, 1.79775
_3959_, 201.912, 182.24, 1.79775
hold151, 201.912, 182.24, 1.79775
hold207, 201.912, 182.24, 1.79775
FILLER_0_62_415, 201.912, 182.24, 1.79775
FILLER_0_62_424, 201.912, 182.24, 1.79775
FILLER_0_63_434, 201.912, 182.24, 1.79775
_3942_, 215.108, 182.24, 1.79773
_3976_, 215.108, 182.24, 1.79773
_4024_, 215.108, 182.24, 1.79773
_4025_, 215.108, 182.24, 1.79773
_4633_, 215.108, 182.24, 1.79773
hold309, 215.108, 182.24, 1.79773
FILLER_0_63_449, 215.108, 182.24, 1.79773
_3677_, 228.304, 182.24, 1.79772
_3678_, 228.304, 182.24, 1.79772
_4115_, 228.304, 182.24, 1.79772
_4504_, 228.304, 182.24, 1.79772
hold279, 228.304, 182.24, 1.79772
FILLER_0_63_481, 228.304, 182.24, 1.79772
FILLER_0_63_494, 228.304, 182.24, 1.79772
PHY_120, 5.52, 176.8, 1.79589
PHY_122, 5.52, 176.8, 1.79589
_3719_, 241.5, 176.8, 1.79733
PHY_121, 241.5, 176.8, 1.79733
PHY_123, 241.5, 176.8, 1.79733
FILLER_0_60_506, 241.5, 176.8, 1.79733
FILLER_0_61_505, 241.5, 176.8, 1.79733
_3160_, 28.853, 176.8, 1.79573
_3161_, 28.853, 176.8, 1.79573
_3175_, 28.853, 176.8, 1.79573
_3178_, 28.853, 176.8, 1.79573
hold482, 28.853, 176.8, 1.79573
hold487, 28.853, 176.8, 1.79573
_3141_, 42.186, 176.8, 1.79557
_3157_, 42.186, 176.8, 1.79557
_3177_, 42.186, 176.8, 1.79557
_4229_, 42.186, 176.8, 1.79557
_4231_, 42.186, 176.8, 1.79557
_4803_, 42.186, 176.8, 1.79557
_4804_, 42.186, 176.8, 1.79557
_4805_, 42.186, 176.8, 1.79557
FILLER_0_60_78, 42.186, 176.8, 1.79557
_3142_, 55.52, 176.8, 1.79544
_3143_, 55.52, 176.8, 1.79544
_4726_, 55.52, 176.8, 1.79544
fanout21, 55.52, 176.8, 1.79544
hold466, 55.52, 176.8, 1.79544
hold527, 55.52, 176.8, 1.79544
FILLER_0_60_97, 55.52, 176.8, 1.79544
FILLER_0_61_113, 55.52, 176.8, 1.79544
_3415_, 68.853, 176.8, 1.79532
_4131_, 68.853, 176.8, 1.79532
_4228_, 68.853, 176.8, 1.79532
_3805_, 82.186, 176.8, 1.7952
_4145_, 82.186, 176.8, 1.7952
_4564_, 82.186, 176.8, 1.7952
_4728_, 82.186, 176.8, 1.7952
fanout23, 82.186, 176.8, 1.7952
FILLER_0_61_162, 82.186, 176.8, 1.7952
FILLER_0_61_178, 82.186, 176.8, 1.7952
FILLER_0_62_169, 82.186, 176.8, 1.7952
_2855_, 95.52, 176.8, 1.79512
_2872_, 95.52, 176.8, 1.79512
_2874_, 95.52, 176.8, 1.79512
_2951_, 95.52, 176.8, 1.79512
clkbuf_leaf_17_clk, 95.52, 176.8, 1.79512
hold496, 95.52, 176.8, 1.79512
_2843_, 108.853, 176.8, 1.79526
_2945_, 108.853, 176.8, 1.79526
_3017_, 108.853, 176.8, 1.79526
_3019_, 108.853, 176.8, 1.79526
_3803_, 108.853, 176.8, 1.79526
hold428, 108.853, 176.8, 1.79526
FILLER_0_60_214, 108.853, 176.8, 1.79526
FILLER_0_61_221, 108.853, 176.8, 1.79526
_2363_, 122.186, 176.8, 1.79551
_2390_, 122.186, 176.8, 1.79551
_2393_, 122.186, 176.8, 1.79551
_2837_, 122.186, 176.8, 1.79551
_2926_, 122.186, 176.8, 1.79551
_2928_, 122.186, 176.8, 1.79551
_2931_, 122.186, 176.8, 1.79551
_3016_, 122.186, 176.8, 1.79551
_2836_, 135.52, 176.8, 1.79586
_2842_, 135.52, 176.8, 1.79586
_2878_, 135.52, 176.8, 1.79586
_2880_, 135.52, 176.8, 1.79586
_2914_, 135.52, 176.8, 1.79586
_4560_, 135.52, 176.8, 1.79586
max_cap16, 135.52, 176.8, 1.79586
_2839_, 148.853, 176.8, 1.79633
_2920_, 148.853, 176.8, 1.79633
_4559_, 148.853, 176.8, 1.79633
hold486, 148.853, 176.8, 1.79633
FILLER_0_61_305, 148.853, 176.8, 1.79633
FILLER_0_62_320, 148.853, 176.8, 1.79633
_2387_, 162.186, 176.8, 1.79689
_2921_, 162.186, 176.8, 1.79689
_3793_, 162.186, 176.8, 1.79689
_3947_, 162.186, 176.8, 1.79689
_4654_, 162.186, 176.8, 1.79689
hold450, 162.186, 176.8, 1.79689
hold463, 162.186, 176.8, 1.79689
FILLER_0_61_344, 162.186, 176.8, 1.79689
_4070_, 188.716, 176.8, 1.79743
_4071_, 188.716, 176.8, 1.79743
_4168_, 188.716, 176.8, 1.79743
_4179_, 188.716, 176.8, 1.79743
_4697_, 188.716, 176.8, 1.79743
hold118, 188.716, 176.8, 1.79743
hold251, 188.716, 176.8, 1.79743
FILLER_0_60_397, 188.716, 176.8, 1.79743
FILLER_0_61_386, 188.716, 176.8, 1.79743
FILLER_0_61_393, 188.716, 176.8, 1.79743
_3725_, 201.912, 176.8, 1.79738
_3824_, 201.912, 176.8, 1.79738
_3825_, 201.912, 176.8, 1.79738
_4528_, 201.912, 176.8, 1.79738
_4574_, 201.912, 176.8, 1.79738
_4674_, 201.912, 176.8, 1.79738
hold168, 201.912, 176.8, 1.79738
hold203, 201.912, 176.8, 1.79738
_4650_, 215.108, 176.8, 1.79735
_4719_, 215.108, 176.8, 1.79735
hold142, 215.108, 176.8, 1.79735
hold287, 215.108, 176.8, 1.79735
_4102_, 228.304, 176.8, 1.79733
_4114_, 228.304, 176.8, 1.79733
_4525_, 228.304, 176.8, 1.79733
_4713_, 228.304, 176.8, 1.79733
hold298, 228.304, 176.8, 1.79733
hold302, 228.304, 176.8, 1.79733
PHY_116, 5.52, 171.36, 1.79577
PHY_118, 5.52, 171.36, 1.79577
PHY_117, 241.5, 171.36, 1.7972
PHY_119, 241.5, 171.36, 1.7972
FILLER_0_58_504, 241.5, 171.36, 1.7972
FILLER_0_59_505, 241.5, 171.36, 1.7972
_3159_, 28.853, 171.36, 1.79572
_3176_, 28.853, 171.36, 1.79572
_4436_, 28.853, 171.36, 1.79572
hold475, 28.853, 171.36, 1.79572
_3156_, 42.186, 171.36, 1.79568
_3567_, 42.186, 171.36, 1.79568
hold484, 42.186, 171.36, 1.79568
FILLER_0_58_70, 42.186, 171.36, 1.79568
FILLER_0_58_76, 42.186, 171.36, 1.79568
_3236_, 55.52, 171.36, 1.79565
_3563_, 55.52, 171.36, 1.79565
_4729_, 55.52, 171.36, 1.79565
hold498, 55.52, 171.36, 1.79565
FILLER_0_59_101, 55.52, 171.36, 1.79565
FILLER_0_59_109, 55.52, 171.36, 1.79565
FILLER_0_59_113, 55.52, 171.36, 1.79565
FILLER_0_60_114, 55.52, 171.36, 1.79565
_2613_, 68.853, 171.36, 1.79562
_3237_, 68.853, 171.36, 1.79562
_3238_, 68.853, 171.36, 1.79562
_3564_, 68.853, 171.36, 1.79562
_3565_, 68.853, 171.36, 1.79562
_4138_, 68.853, 171.36, 1.79562
_4139_, 68.853, 171.36, 1.79562
_4140_, 68.853, 171.36, 1.79562
_4141_, 68.853, 171.36, 1.79562
FILLER_0_59_140, 68.853, 171.36, 1.79562
FILLER_0_59_152, 68.853, 171.36, 1.79562
FILLER_0_60_141, 68.853, 171.36, 1.79562
_4146_, 82.186, 171.36, 1.79561
_4731_, 82.186, 171.36, 1.79561
hold488, 82.186, 171.36, 1.79561
FILLER_0_58_153, 82.186, 171.36, 1.79561
FILLER_0_59_162, 82.186, 171.36, 1.79561
FILLER_0_60_179, 82.186, 171.36, 1.79561
_2856_, 95.52, 171.36, 1.7956
_3804_, 95.52, 171.36, 1.7956
_4563_, 95.52, 171.36, 1.7956
FILLER_0_58_189, 95.52, 171.36, 1.7956
FILLER_0_59_189, 95.52, 171.36, 1.7956
FILLER_0_59_197, 95.52, 171.36, 1.7956
_2335_, 108.853, 171.36, 1.79565
_2927_, 108.853, 171.36, 1.79565
_2950_, 108.853, 171.36, 1.79565
_2952_, 108.853, 171.36, 1.79565
_3018_, 108.853, 171.36, 1.79565
_3386_, 108.853, 171.36, 1.79565
_3802_, 108.853, 171.36, 1.79565
FILLER_0_59_229, 108.853, 171.36, 1.79565
_2373_, 122.186, 171.36, 1.79577
_2389_, 122.186, 171.36, 1.79577
_2392_, 122.186, 171.36, 1.79577
_2394_, 122.186, 171.36, 1.79577
_2879_, 122.186, 171.36, 1.79577
_2929_, 122.186, 171.36, 1.79577
_2930_, 122.186, 171.36, 1.79577
_3801_, 122.186, 171.36, 1.79577
FILLER_0_58_248, 122.186, 171.36, 1.79577
FILLER_0_59_253, 122.186, 171.36, 1.79577
_2875_, 135.52, 171.36, 1.79607
_2916_, 135.52, 171.36, 1.79607
_3797_, 135.52, 171.36, 1.79607
FILLER_0_58_280, 135.52, 171.36, 1.79607
_2838_, 148.853, 171.36, 1.7964
_2877_, 148.853, 171.36, 1.7964
_2918_, 148.853, 171.36, 1.7964
_2935_, 148.853, 171.36, 1.7964
_2944_, 148.853, 171.36, 1.7964
_2953_, 148.853, 171.36, 1.7964
_3794_, 148.853, 171.36, 1.7964
_3795_, 148.853, 171.36, 1.7964
_3796_, 148.853, 171.36, 1.7964
_2940_, 162.186, 171.36, 1.79679
_3761_, 162.186, 171.36, 1.79679
_3788_, 162.186, 171.36, 1.79679
_3792_, 162.186, 171.36, 1.79679
_4558_, 162.186, 171.36, 1.79679
FILLER_0_59_331, 162.186, 171.36, 1.79679
_3638_, 188.716, 171.36, 1.79723
_3843_, 188.716, 171.36, 1.79723
_4484_, 188.716, 171.36, 1.79723
hold204, 188.716, 171.36, 1.79723
FILLER_0_59_386, 188.716, 171.36, 1.79723
FILLER_0_59_393, 188.716, 171.36, 1.79723
FILLER_0_60_408, 188.716, 171.36, 1.79723
_3637_, 201.912, 171.36, 1.79721
_3842_, 201.912, 171.36, 1.79721
_4005_, 201.912, 171.36, 1.79721
_4668_, 201.912, 171.36, 1.79721
hold191, 201.912, 171.36, 1.79721
hold330, 201.912, 171.36, 1.79721
FILLER_0_59_422, 201.912, 171.36, 1.79721
_3667_, 215.108, 171.36, 1.7972
_3943_, 215.108, 171.36, 1.7972
_3977_, 215.108, 171.36, 1.7972
_4012_, 215.108, 171.36, 1.7972
_4013_, 215.108, 171.36, 1.7972
_4175_, 215.108, 171.36, 1.7972
_4778_, 215.108, 171.36, 1.7972
hold284, 215.108, 171.36, 1.7972
FILLER_0_58_446, 215.108, 171.36, 1.7972
_4103_, 228.304, 171.36, 1.7972
_4174_, 228.304, 171.36, 1.7972
hold329, 228.304, 171.36, 1.7972
FILLER_0_59_496, 228.304, 171.36, 1.7972
PHY_112, 5.52, 165.92, 1.79557
PHY_114, 5.52, 165.92, 1.79557
PHY_113, 241.5, 165.92, 1.79663
PHY_115, 241.5, 165.92, 1.79663
hold185, 241.5, 165.92, 1.79663
FILLER_0_57_505, 241.5, 165.92, 1.79663
clkbuf_leaf_9_clk, 28.853, 165.92, 1.79545
FILLER_0_57_51, 28.853, 165.92, 1.79545
_2851_, 42.186, 165.92, 1.79538
_3239_, 42.186, 165.92, 1.79538
_3240_, 42.186, 165.92, 1.79538
_3566_, 42.186, 165.92, 1.79538
_4426_, 42.186, 165.92, 1.79538
hold377, 42.186, 165.92, 1.79538
hold521, 42.186, 165.92, 1.79538
FILLER_0_57_93, 42.186, 165.92, 1.79538
_2331_, 55.52, 165.92, 1.79532
_3235_, 55.52, 165.92, 1.79532
_3562_, 55.52, 165.92, 1.79532
_4260_, 55.52, 165.92, 1.79532
_4424_, 55.52, 165.92, 1.79532
_4425_, 55.52, 165.92, 1.79532
hold352, 55.52, 165.92, 1.79532
FILLER_0_58_123, 55.52, 165.92, 1.79532
_2250_, 68.853, 165.92, 1.79529
_2260_, 68.853, 165.92, 1.79529
_2860_, 68.853, 165.92, 1.79529
_3807_, 68.853, 165.92, 1.79529
hold342, 68.853, 165.92, 1.79529
_2332_, 82.186, 165.92, 1.79527
_2868_, 82.186, 165.92, 1.79527
_2869_, 82.186, 165.92, 1.79527
_3029_, 82.186, 165.92, 1.79527
hold72, 82.186, 165.92, 1.79527
FILLER_0_56_162, 82.186, 165.92, 1.79527
_2310_, 95.52, 165.92, 1.79531
_2317_, 95.52, 165.92, 1.79531
_2854_, 95.52, 165.92, 1.79531
_2870_, 95.52, 165.92, 1.79531
FILLER_0_57_191, 95.52, 165.92, 1.79531
FILLER_0_58_209, 95.52, 165.92, 1.79531
_2333_, 108.853, 165.92, 1.79543
_2349_, 108.853, 165.92, 1.79543
_4360_, 108.853, 165.92, 1.79543
hold24, 108.853, 165.92, 1.79543
FILLER_0_57_218, 108.853, 165.92, 1.79543
FILLER_0_57_225, 108.853, 165.92, 1.79543
_2361_, 122.186, 165.92, 1.79558
_2362_, 122.186, 165.92, 1.79558
_2374_, 122.186, 165.92, 1.79558
_2375_, 122.186, 165.92, 1.79558
_4562_, 122.186, 165.92, 1.79558
FILLER_0_56_253, 122.186, 165.92, 1.79558
_2840_, 135.52, 165.92, 1.79582
_2876_, 135.52, 165.92, 1.79582
_2917_, 135.52, 165.92, 1.79582
_3798_, 135.52, 165.92, 1.79582
_3800_, 135.52, 165.92, 1.79582
hold77, 135.52, 165.92, 1.79582
FILLER_0_56_281, 135.52, 165.92, 1.79582
FILLER_0_58_288, 135.52, 165.92, 1.79582
_2371_, 148.853, 165.92, 1.79612
_2385_, 148.853, 165.92, 1.79612
_2386_, 148.853, 165.92, 1.79612
_2925_, 148.853, 165.92, 1.79612
_2936_, 148.853, 165.92, 1.79612
_3763_, 148.853, 165.92, 1.79612
_2924_, 162.186, 165.92, 1.79649
_3382_, 162.186, 165.92, 1.79649
_3787_, 162.186, 165.92, 1.79649
_3789_, 162.186, 165.92, 1.79649
_4556_, 162.186, 165.92, 1.79649
FILLER_0_56_338, 162.186, 165.92, 1.79649
FILLER_0_57_327, 162.186, 165.92, 1.79649
FILLER_0_57_333, 162.186, 165.92, 1.79649
FILLER_0_57_345, 162.186, 165.92, 1.79649
_3662_, 188.716, 165.92, 1.79681
_3838_, 188.716, 165.92, 1.79681
_4496_, 188.716, 165.92, 1.79681
_4781_, 188.716, 165.92, 1.79681
hold265, 188.716, 165.92, 1.79681
hold270, 188.716, 165.92, 1.79681
hold289, 188.716, 165.92, 1.79681
FILLER_0_57_385, 188.716, 165.92, 1.79681
_4077_, 201.912, 165.92, 1.79672
_4180_, 201.912, 165.92, 1.79672
_4181_, 201.912, 165.92, 1.79672
_4664_, 201.912, 165.92, 1.79672
hold140, 201.912, 165.92, 1.79672
hold243, 201.912, 165.92, 1.79672
FILLER_0_58_432, 201.912, 165.92, 1.79672
_3668_, 215.108, 165.92, 1.79664
_3992_, 215.108, 165.92, 1.79664
_4076_, 215.108, 165.92, 1.79664
_4566_, 215.108, 165.92, 1.79664
_4658_, 215.108, 165.92, 1.79664
clkbuf_leaf_25_clk, 215.108, 165.92, 1.79664
hold324, 215.108, 165.92, 1.79664
_3808_, 228.304, 165.92, 1.79663
_3809_, 228.304, 165.92, 1.79663
_4042_, 228.304, 165.92, 1.79663
_4043_, 228.304, 165.92, 1.79663
_4637_, 228.304, 165.92, 1.79663
hold253, 228.304, 165.92, 1.79663
PHY_108, 5.52, 160.48, 1.79538
PHY_110, 5.52, 160.48, 1.79538
_3950_, 241.5, 160.48, 1.79658
PHY_109, 241.5, 160.48, 1.79658
PHY_111, 241.5, 160.48, 1.79658
FILLER_0_54_501, 241.5, 160.48, 1.79658
FILLER_0_55_505, 241.5, 160.48, 1.79658
_3242_, 28.853, 160.48, 1.79518
_3568_, 28.853, 160.48, 1.79518
_3569_, 28.853, 160.48, 1.79518
_4263_, 28.853, 160.48, 1.79518
_4427_, 28.853, 160.48, 1.79518
hold378, 28.853, 160.48, 1.79518
FILLER_0_54_41, 28.853, 160.48, 1.79518
FILLER_0_55_39, 28.853, 160.48, 1.79518
FILLER_0_55_47, 28.853, 160.48, 1.79518
FILLER_0_56_53, 28.853, 160.48, 1.79518
_2259_, 42.186, 160.48, 1.79499
_2850_, 42.186, 160.48, 1.79499
_2859_, 42.186, 160.48, 1.79499
_3933_, 42.186, 160.48, 1.79499
_4262_, 42.186, 160.48, 1.79499
hold528, 42.186, 160.48, 1.79499
_2249_, 55.52, 160.48, 1.79488
_2330_, 55.52, 160.48, 1.79488
clkbuf_leaf_7_clk, 55.52, 160.48, 1.79488
_2309_, 68.853, 160.48, 1.79486
_2948_, 68.853, 160.48, 1.79486
_4261_, 68.853, 160.48, 1.79486
_4565_, 68.853, 160.48, 1.79486
FILLER_0_54_128, 68.853, 160.48, 1.79486
_2240_, 82.186, 160.48, 1.79491
_2852_, 82.186, 160.48, 1.79491
_2853_, 82.186, 160.48, 1.79491
_3388_, 82.186, 160.48, 1.79491
_4362_, 82.186, 160.48, 1.79491
FILLER_0_56_174, 82.186, 160.48, 1.79491
_2261_, 95.52, 160.48, 1.79502
_2391_, 95.52, 160.48, 1.79502
_4361_, 95.52, 160.48, 1.79502
hold25, 95.52, 160.48, 1.79502
FILLER_0_55_192, 95.52, 160.48, 1.79502
FILLER_0_56_197, 95.52, 160.48, 1.79502
_2334_, 108.853, 160.48, 1.79517
_3384_, 108.853, 160.48, 1.79517
_3385_, 108.853, 160.48, 1.79517
_3387_, 108.853, 160.48, 1.79517
_4358_, 108.853, 160.48, 1.79517
hold89, 108.853, 160.48, 1.79517
FILLER_0_55_219, 108.853, 160.48, 1.79517
_2372_, 122.186, 160.48, 1.79538
_3383_, 122.186, 160.48, 1.79538
_4357_, 122.186, 160.48, 1.79538
hold15, 122.186, 160.48, 1.79538
hold16, 122.186, 160.48, 1.79538
FILLER_0_55_267, 122.186, 160.48, 1.79538
_2902_, 135.52, 160.48, 1.79562
_3799_, 135.52, 160.48, 1.79562
_4561_, 135.52, 160.48, 1.79562
hold84, 135.52, 160.48, 1.79562
FILLER_0_55_277, 135.52, 160.48, 1.79562
FILLER_0_55_297, 135.52, 160.48, 1.79562
FILLER_0_56_294, 135.52, 160.48, 1.79562
_2912_, 148.853, 160.48, 1.79593
_2913_, 148.853, 160.48, 1.79593
_2922_, 148.853, 160.48, 1.79593
FILLER_0_54_305, 148.853, 160.48, 1.79593
FILLER_0_55_316, 148.853, 160.48, 1.79593
_2818_, 162.186, 160.48, 1.79626
_2932_, 162.186, 160.48, 1.79626
_3379_, 162.186, 160.48, 1.79626
_3786_, 162.186, 160.48, 1.79626
_4555_, 162.186, 160.48, 1.79626
hold61, 162.186, 160.48, 1.79626
FILLER_0_55_327, 162.186, 160.48, 1.79626
FILLER_0_55_350, 162.186, 160.48, 1.79626
_3661_, 188.716, 160.48, 1.79662
_3839_, 188.716, 160.48, 1.79662
_4419_, 188.716, 160.48, 1.79662
_4527_, 188.716, 160.48, 1.79662
hold357, 188.716, 160.48, 1.79662
FILLER_0_55_401, 188.716, 160.48, 1.79662
FILLER_0_56_409, 188.716, 160.48, 1.79662
_3618_, 201.912, 160.48, 1.79659
_3724_, 201.912, 160.48, 1.79659
_4004_, 201.912, 160.48, 1.79659
_4029_, 201.912, 160.48, 1.79659
_4700_, 201.912, 160.48, 1.79659
hold307, 201.912, 160.48, 1.79659
FILLER_0_54_417, 201.912, 160.48, 1.79659
FILLER_0_55_435, 201.912, 160.48, 1.79659
_3993_, 215.108, 160.48, 1.79658
_4499_, 215.108, 160.48, 1.79658
_4683_, 215.108, 160.48, 1.79658
hold248, 215.108, 160.48, 1.79658
FILLER_0_55_445, 215.108, 160.48, 1.79658
_3951_, 228.304, 160.48, 1.79658
hold153, 228.304, 160.48, 1.79658
FILLER_0_55_492, 228.304, 160.48, 1.79658
PHY_104, 5.52, 155.04, 1.79525
PHY_106, 5.52, 155.04, 1.79525
_4198_, 241.5, 155.04, 1.79619
PHY_105, 241.5, 155.04, 1.79619
PHY_107, 241.5, 155.04, 1.79619
_3241_, 28.853, 155.04, 1.79511
_3559_, 28.853, 155.04, 1.79511
_4422_, 28.853, 155.04, 1.79511
_4628_, 28.853, 155.04, 1.79511
FILLER_0_53_39, 28.853, 155.04, 1.79511
FILLER_0_53_50, 28.853, 155.04, 1.79511
FILLER_0_53_57, 28.853, 155.04, 1.79511
_2867_, 42.186, 155.04, 1.79499
_3935_, 42.186, 155.04, 1.79499
_4629_, 42.186, 155.04, 1.79499
hold441, 42.186, 155.04, 1.79499
hold523, 42.186, 155.04, 1.79499
FILLER_0_54_90, 42.186, 155.04, 1.79499
_2336_, 55.52, 155.04, 1.79491
_2845_, 55.52, 155.04, 1.79491
_3422_, 55.52, 155.04, 1.79491
_3934_, 55.52, 155.04, 1.79491
hold375, 55.52, 155.04, 1.79491
FILLER_0_53_109, 55.52, 155.04, 1.79491
FILLER_0_54_114, 55.52, 155.04, 1.79491
_2947_, 68.853, 155.04, 1.79487
_3189_, 68.853, 155.04, 1.79487
_3190_, 68.853, 155.04, 1.79487
_3418_, 68.853, 155.04, 1.79487
hold58, 68.853, 155.04, 1.79487
hold525, 68.853, 155.04, 1.79487
FILLER_0_52_132, 68.853, 155.04, 1.79487
FILLER_0_53_128, 68.853, 155.04, 1.79487
FILLER_0_54_141, 68.853, 155.04, 1.79487
FILLER_0_54_150, 68.853, 155.04, 1.79487
_2314_, 82.186, 155.04, 1.79487
_2861_, 82.186, 155.04, 1.79487
_3389_, 82.186, 155.04, 1.79487
_3738_, 82.186, 155.04, 1.79487
_3806_, 82.186, 155.04, 1.79487
_4144_, 82.186, 155.04, 1.79487
hold495, 82.186, 155.04, 1.79487
FILLER_0_54_178, 82.186, 155.04, 1.79487
_2343_, 95.52, 155.04, 1.79492
_3233_, 95.52, 155.04, 1.79492
_3234_, 95.52, 155.04, 1.79492
_4423_, 95.52, 155.04, 1.79492
hold356, 95.52, 155.04, 1.79492
FILLER_0_52_187, 95.52, 155.04, 1.79492
FILLER_0_53_182, 95.52, 155.04, 1.79492
FILLER_0_54_197, 95.52, 155.04, 1.79492
FILLER_0_54_209, 95.52, 155.04, 1.79492
_2347_, 108.853, 155.04, 1.79499
_2348_, 108.853, 155.04, 1.79499
_4359_, 108.853, 155.04, 1.79499
hold17, 108.853, 155.04, 1.79499
FILLER_0_52_213, 108.853, 155.04, 1.79499
FILLER_0_53_213, 108.853, 155.04, 1.79499
_3377_, 122.186, 155.04, 1.79509
_4557_, 122.186, 155.04, 1.79509
clkbuf_leaf_18_clk, 122.186, 155.04, 1.79509
FILLER_0_52_249, 122.186, 155.04, 1.79509
FILLER_0_54_260, 122.186, 155.04, 1.79509
_2887_, 135.52, 155.04, 1.79527
_3790_, 135.52, 155.04, 1.79527
max_cap14, 135.52, 155.04, 1.79527
hold32, 135.52, 155.04, 1.79527
FILLER_0_52_274, 135.52, 155.04, 1.79527
FILLER_0_53_293, 135.52, 155.04, 1.79527
_2813_, 148.853, 155.04, 1.79549
_2823_, 148.853, 155.04, 1.79549
_2835_, 148.853, 155.04, 1.79549
_2881_, 148.853, 155.04, 1.79549
_2886_, 148.853, 155.04, 1.79549
_2910_, 148.853, 155.04, 1.79549
_2923_, 148.853, 155.04, 1.79549
_2906_, 162.186, 155.04, 1.79587
_2911_, 162.186, 155.04, 1.79587
_3784_, 162.186, 155.04, 1.79587
_4554_, 162.186, 155.04, 1.79587
hold453, 162.186, 155.04, 1.79587
FILLER_0_54_342, 162.186, 155.04, 1.79587
_3548_, 188.716, 155.04, 1.79623
_3553_, 188.716, 155.04, 1.79623
clkbuf_leaf_27_clk, 188.716, 155.04, 1.79623
hold401, 188.716, 155.04, 1.79623
hold518, 188.716, 155.04, 1.79623
FILLER_0_54_409, 188.716, 155.04, 1.79623
_3617_, 201.912, 155.04, 1.79621
_3723_, 201.912, 155.04, 1.79621
_4474_, 201.912, 155.04, 1.79621
_4676_, 201.912, 155.04, 1.79621
hold321, 201.912, 155.04, 1.79621
FILLER_0_52_414, 201.912, 155.04, 1.79621
_3712_, 215.108, 155.04, 1.79619
_4022_, 215.108, 155.04, 1.79619
_4023_, 215.108, 155.04, 1.79619
_4028_, 215.108, 155.04, 1.79619
_4206_, 215.108, 155.04, 1.79619
_4207_, 215.108, 155.04, 1.79619
hold145, 215.108, 155.04, 1.79619
hold188, 215.108, 155.04, 1.79619
hold304, 215.108, 155.04, 1.79619
_3695_, 228.304, 155.04, 1.79619
_4666_, 228.304, 155.04, 1.79619
hold262, 228.304, 155.04, 1.79619
FILLER_0_53_486, 228.304, 155.04, 1.79619
PHY_100, 5.52, 149.6, 1.79505
PHY_102, 5.52, 149.6, 1.79505
PHY_101, 241.5, 149.6, 1.79589
PHY_103, 241.5, 149.6, 1.79589
hold274, 241.5, 149.6, 1.79589
FILLER_0_50_499, 241.5, 149.6, 1.79589
FILLER_0_51_499, 241.5, 149.6, 1.79589
FILLER_0_51_505, 241.5, 149.6, 1.79589
_3232_, 28.853, 149.6, 1.79483
_3558_, 28.853, 149.6, 1.79483
_3926_, 28.853, 149.6, 1.79483
_3927_, 28.853, 149.6, 1.79483
_4258_, 28.853, 149.6, 1.79483
hold351, 28.853, 149.6, 1.79483
hold403, 28.853, 149.6, 1.79483
_2341_, 42.186, 149.6, 1.79461
_2358_, 42.186, 149.6, 1.79461
_2359_, 42.186, 149.6, 1.79461
_2360_, 42.186, 149.6, 1.79461
_3231_, 42.186, 149.6, 1.79461
_3932_, 42.186, 149.6, 1.79461
FILLER_0_50_75, 42.186, 149.6, 1.79461
FILLER_0_51_71, 42.186, 149.6, 1.79461
_2863_, 55.52, 149.6, 1.79448
_3027_, 55.52, 149.6, 1.79448
_3179_, 55.52, 149.6, 1.79448
_3180_, 55.52, 149.6, 1.79448
_3397_, 55.52, 149.6, 1.79448
_3405_, 55.52, 149.6, 1.79448
_4232_, 55.52, 149.6, 1.79448
hold477, 55.52, 149.6, 1.79448
_2676_, 68.853, 149.6, 1.7944
_3194_, 68.853, 149.6, 1.7944
_4237_, 68.853, 149.6, 1.7944
_4239_, 68.853, 149.6, 1.7944
FILLER_0_50_126, 68.853, 149.6, 1.7944
FILLER_0_51_126, 68.853, 149.6, 1.7944
_2254_, 82.186, 149.6, 1.79435
_3193_, 82.186, 149.6, 1.79435
_3390_, 82.186, 149.6, 1.79435
_3737_, 82.186, 149.6, 1.79435
clkbuf_leaf_6_clk, 82.186, 149.6, 1.79435
hold46, 82.186, 149.6, 1.79435
FILLER_0_50_158, 82.186, 149.6, 1.79435
FILLER_0_50_166, 82.186, 149.6, 1.79435
FILLER_0_52_174, 82.186, 149.6, 1.79435
_2342_, 95.52, 149.6, 1.79442
_3560_, 95.52, 149.6, 1.79442
_3561_, 95.52, 149.6, 1.79442
_3751_, 95.52, 149.6, 1.79442
_4259_, 95.52, 149.6, 1.79442
FILLER_0_50_189, 95.52, 149.6, 1.79442
FILLER_0_51_189, 95.52, 149.6, 1.79442
FILLER_0_51_200, 95.52, 149.6, 1.79442
_2346_, 108.853, 149.6, 1.79453
_3374_, 108.853, 149.6, 1.79453
_3380_, 108.853, 149.6, 1.79453
_3749_, 108.853, 149.6, 1.79453
hold18, 108.853, 149.6, 1.79453
FILLER_0_51_225, 108.853, 149.6, 1.79453
FILLER_0_52_232, 108.853, 149.6, 1.79453
_2820_, 122.186, 149.6, 1.79469
_3381_, 122.186, 149.6, 1.79469
_3791_, 122.186, 149.6, 1.79469
_4355_, 122.186, 149.6, 1.79469
hold101, 122.186, 149.6, 1.79469
wire1, 122.186, 149.6, 1.79469
FILLER_0_51_246, 122.186, 149.6, 1.79469
FILLER_0_51_265, 122.186, 149.6, 1.79469
FILLER_0_52_265, 122.186, 149.6, 1.79469
_2790_, 135.52, 149.6, 1.79489
_2791_, 135.52, 149.6, 1.79489
_2815_, 135.52, 149.6, 1.79489
_2824_, 135.52, 149.6, 1.79489
_2825_, 135.52, 149.6, 1.79489
_2890_, 135.52, 149.6, 1.79489
_2891_, 135.52, 149.6, 1.79489
FILLER_0_52_285, 135.52, 149.6, 1.79489
_2765_, 148.853, 149.6, 1.79517
_2814_, 148.853, 149.6, 1.79517
_2816_, 148.853, 149.6, 1.79517
_2821_, 148.853, 149.6, 1.79517
_2834_, 148.853, 149.6, 1.79517
_2884_, 148.853, 149.6, 1.79517
_2905_, 148.853, 149.6, 1.79517
FILLER_0_50_298, 148.853, 149.6, 1.79517
_2766_, 162.186, 149.6, 1.79555
_2780_, 162.186, 149.6, 1.79555
_2817_, 162.186, 149.6, 1.79555
_2822_, 162.186, 149.6, 1.79555
_2882_, 162.186, 149.6, 1.79555
_2903_, 162.186, 149.6, 1.79555
_2934_, 162.186, 149.6, 1.79555
_3785_, 162.186, 149.6, 1.79555
FILLER_0_50_340, 162.186, 149.6, 1.79555
FILLER_0_51_330, 162.186, 149.6, 1.79555
FILLER_0_51_352, 162.186, 149.6, 1.79555
_2753_, 188.716, 149.6, 1.79598
_3221_, 188.716, 149.6, 1.79598
_3222_, 188.716, 149.6, 1.79598
_3224_, 188.716, 149.6, 1.79598
_3225_, 188.716, 149.6, 1.79598
_3226_, 188.716, 149.6, 1.79598
_3546_, 188.716, 149.6, 1.79598
_4253_, 188.716, 149.6, 1.79598
_4509_, 201.912, 149.6, 1.79593
_4673_, 201.912, 149.6, 1.79593
hold502, 201.912, 149.6, 1.79593
FILLER_0_51_422, 201.912, 149.6, 1.79593
_4513_, 215.108, 149.6, 1.7959
_4521_, 215.108, 149.6, 1.7959
_4794_, 215.108, 149.6, 1.7959
hold314, 215.108, 149.6, 1.7959
_3696_, 228.304, 149.6, 1.79589
_4060_, 228.304, 149.6, 1.79589
_4199_, 228.304, 149.6, 1.79589
_4790_, 228.304, 149.6, 1.79589
hold135, 228.304, 149.6, 1.79589
hold139, 228.304, 149.6, 1.79589
hold166, 228.304, 149.6, 1.79589
PHY_96, 5.52, 144.16, 1.7949
PHY_98, 5.52, 144.16, 1.7949
_4160_, 241.5, 144.16, 1.79573
PHY_97, 241.5, 144.16, 1.79573
PHY_99, 241.5, 144.16, 1.79573
_2340_, 28.853, 144.16, 1.79467
_3931_, 28.853, 144.16, 1.79467
_4626_, 28.853, 144.16, 1.79467
_4627_, 28.853, 144.16, 1.79467
hold407, 28.853, 144.16, 1.79467
hold430, 28.853, 144.16, 1.79467
FILLER_0_48_41, 28.853, 144.16, 1.79467
_2308_, 42.186, 144.16, 1.79446
_2325_, 42.186, 144.16, 1.79446
_2329_, 42.186, 144.16, 1.79446
_3192_, 42.186, 144.16, 1.79446
_4238_, 42.186, 144.16, 1.79446
FILLER_0_48_78, 42.186, 144.16, 1.79446
_2248_, 55.52, 144.16, 1.79436
_2675_, 55.52, 144.16, 1.79436
_3186_, 55.52, 144.16, 1.79436
_3512_, 55.52, 144.16, 1.79436
_4235_, 55.52, 144.16, 1.79436
_4399_, 55.52, 144.16, 1.79436
hold454, 55.52, 144.16, 1.79436
FILLER_0_48_99, 55.52, 144.16, 1.79436
_2270_, 68.853, 144.16, 1.79431
_2557_, 68.853, 144.16, 1.79431
_2563_, 68.853, 144.16, 1.79431
_2614_, 68.853, 144.16, 1.79431
_3355_, 68.853, 144.16, 1.79431
hold365, 68.853, 144.16, 1.79431
FILLER_0_49_137, 68.853, 144.16, 1.79431
FILLER_0_50_152, 68.853, 144.16, 1.79431
_2560_, 82.186, 144.16, 1.79431
_2862_, 82.186, 144.16, 1.79431
_3357_, 82.186, 144.16, 1.79431
_4337_, 82.186, 144.16, 1.79431
_4363_, 82.186, 144.16, 1.79431
_4539_, 82.186, 144.16, 1.79431
FILLER_0_48_155, 82.186, 144.16, 1.79431
FILLER_0_49_157, 82.186, 144.16, 1.79431
FILLER_0_49_169, 82.186, 144.16, 1.79431
_3356_, 95.52, 144.16, 1.79436
hold492, 95.52, 144.16, 1.79436
hold524, 95.52, 144.16, 1.79436
FILLER_0_48_185, 95.52, 144.16, 1.79436
FILLER_0_49_196, 95.52, 144.16, 1.79436
FILLER_0_49_207, 95.52, 144.16, 1.79436
FILLER_0_50_197, 95.52, 144.16, 1.79436
_2628_, 108.853, 144.16, 1.79442
_2629_, 108.853, 144.16, 1.79442
_2809_, 108.853, 144.16, 1.79442
_3376_, 108.853, 144.16, 1.79442
_4354_, 108.853, 144.16, 1.79442
FILLER_0_49_221, 108.853, 144.16, 1.79442
FILLER_0_49_231, 108.853, 144.16, 1.79442
_2808_, 122.186, 144.16, 1.79456
_2810_, 122.186, 144.16, 1.79456
_2812_, 122.186, 144.16, 1.79456
_2819_, 122.186, 144.16, 1.79456
FILLER_0_48_244, 122.186, 144.16, 1.79456
_2781_, 135.52, 144.16, 1.79478
_2788_, 135.52, 144.16, 1.79478
_2792_, 135.52, 144.16, 1.79478
_2794_, 135.52, 144.16, 1.79478
_2796_, 135.52, 144.16, 1.79478
_2798_, 135.52, 144.16, 1.79478
_2826_, 135.52, 144.16, 1.79478
_2904_, 135.52, 144.16, 1.79478
_2752_, 148.853, 144.16, 1.79506
_2763_, 148.853, 144.16, 1.79506
_2764_, 148.853, 144.16, 1.79506
_2767_, 148.853, 144.16, 1.79506
_2778_, 148.853, 144.16, 1.79506
_2779_, 148.853, 144.16, 1.79506
_2883_, 148.853, 144.16, 1.79506
_2885_, 148.853, 144.16, 1.79506
FILLER_0_49_319, 148.853, 144.16, 1.79506
_2775_, 162.186, 144.16, 1.79543
_2776_, 162.186, 144.16, 1.79543
_2806_, 162.186, 144.16, 1.79543
_2807_, 162.186, 144.16, 1.79543
FILLER_0_49_330, 162.186, 144.16, 1.79543
FILLER_0_49_337, 162.186, 144.16, 1.79543
_3551_, 188.716, 144.16, 1.79579
_4252_, 188.716, 144.16, 1.79579
hold376, 188.716, 144.16, 1.79579
hold395, 188.716, 144.16, 1.79579
hold512, 188.716, 144.16, 1.79579
_3219_, 201.912, 144.16, 1.79576
_3547_, 201.912, 144.16, 1.79576
_4475_, 201.912, 144.16, 1.79576
hold238, 201.912, 144.16, 1.79576
FILLER_0_48_424, 201.912, 144.16, 1.79576
FILLER_0_49_418, 201.912, 144.16, 1.79576
_3619_, 215.108, 144.16, 1.79574
_3687_, 215.108, 144.16, 1.79574
_3688_, 215.108, 144.16, 1.79574
_3711_, 215.108, 144.16, 1.79574
_3813_, 215.108, 144.16, 1.79574
_4061_, 215.108, 144.16, 1.79574
_4568_, 215.108, 144.16, 1.79574
_4692_, 215.108, 144.16, 1.79574
hold137, 215.108, 144.16, 1.79574
_4008_, 228.304, 144.16, 1.79573
_4009_, 228.304, 144.16, 1.79573
_4771_, 228.304, 144.16, 1.79573
FILLER_0_49_479, 228.304, 144.16, 1.79573
FILLER_0_50_491, 228.304, 144.16, 1.79573
PHY_92, 5.52, 138.72, 1.79478
PHY_94, 5.52, 138.72, 1.79478
PHY_93, 241.5, 138.72, 1.7953
PHY_95, 241.5, 138.72, 1.7953
FILLER_0_46_500, 241.5, 138.72, 1.7953
FILLER_0_47_505, 241.5, 138.72, 1.7953
_3921_, 28.853, 138.72, 1.7946
_3922_, 28.853, 138.72, 1.7946
_3924_, 28.853, 138.72, 1.7946
_3925_, 28.853, 138.72, 1.7946
_3928_, 28.853, 138.72, 1.7946
_3929_, 28.853, 138.72, 1.7946
_3930_, 28.853, 138.72, 1.7946
hold347, 28.853, 138.72, 1.7946
FILLER_0_47_39, 28.853, 138.72, 1.7946
FILLER_0_47_47, 28.853, 138.72, 1.7946
FILLER_0_47_53, 28.853, 138.72, 1.7946
_2258_, 42.186, 138.72, 1.79443
_2357_, 42.186, 138.72, 1.79443
_3191_, 42.186, 138.72, 1.79443
_3519_, 42.186, 138.72, 1.79443
_4233_, 42.186, 138.72, 1.79443
hold358, 42.186, 138.72, 1.79443
hold366, 42.186, 138.72, 1.79443
FILLER_0_47_86, 42.186, 138.72, 1.79443
_2551_, 55.52, 138.72, 1.79431
_3185_, 55.52, 138.72, 1.79431
_3514_, 55.52, 138.72, 1.79431
hold410, 55.52, 138.72, 1.79431
hold432, 55.52, 138.72, 1.79431
hold465, 55.52, 138.72, 1.79431
_2558_, 68.853, 138.72, 1.7942
_2561_, 68.853, 138.72, 1.7942
_2636_, 68.853, 138.72, 1.7942
_4335_, 68.853, 138.72, 1.7942
hold20, 68.853, 138.72, 1.7942
_2559_, 82.186, 138.72, 1.79417
_2621_, 82.186, 138.72, 1.79417
hold23, 82.186, 138.72, 1.79417
FILLER_0_47_164, 82.186, 138.72, 1.79417
FILLER_0_47_169, 82.186, 138.72, 1.79417
FILLER_0_48_174, 82.186, 138.72, 1.79417
_2245_, 95.52, 138.72, 1.79417
_2616_, 95.52, 138.72, 1.79417
_2619_, 95.52, 138.72, 1.79417
_2641_, 95.52, 138.72, 1.79417
_3750_, 95.52, 138.72, 1.79417
_4336_, 95.52, 138.72, 1.79417
hold29, 95.52, 138.72, 1.79417
FILLER_0_46_189, 95.52, 138.72, 1.79417
_2281_, 108.853, 138.72, 1.79427
_2642_, 108.853, 138.72, 1.79427
_2643_, 108.853, 138.72, 1.79427
_2679_, 108.853, 138.72, 1.79427
FILLER_0_47_230, 108.853, 138.72, 1.79427
_2804_, 122.186, 138.72, 1.79442
_2811_, 122.186, 138.72, 1.79442
_2888_, 122.186, 138.72, 1.79442
_2959_, 122.186, 138.72, 1.79442
max_cap19, 122.186, 138.72, 1.79442
FILLER_0_46_244, 122.186, 138.72, 1.79442
FILLER_0_47_258, 122.186, 138.72, 1.79442
_2322_, 135.52, 138.72, 1.79462
_2795_, 135.52, 138.72, 1.79462
_2797_, 135.52, 138.72, 1.79462
_2889_, 135.52, 138.72, 1.79462
FILLER_0_46_279, 135.52, 138.72, 1.79462
FILLER_0_48_291, 135.52, 138.72, 1.79462
FILLER_0_46_300, 148.853, 138.72, 1.7949
FILLER_0_46_309, 148.853, 138.72, 1.7949
FILLER_0_47_321, 148.853, 138.72, 1.7949
_2754_, 162.186, 138.72, 1.79517
_2755_, 162.186, 138.72, 1.79517
_2756_, 162.186, 138.72, 1.79517
_2900_, 162.186, 138.72, 1.79517
_2901_, 162.186, 138.72, 1.79517
_2943_, 162.186, 138.72, 1.79517
FILLER_0_48_348, 162.186, 138.72, 1.79517
_3223_, 188.716, 138.72, 1.79545
_3550_, 188.716, 138.72, 1.79545
_4254_, 188.716, 138.72, 1.79545
_4416_, 188.716, 138.72, 1.79545
hold381, 188.716, 138.72, 1.79545
FILLER_0_47_393, 188.716, 138.72, 1.79545
_3620_, 201.912, 138.72, 1.79537
_3645_, 201.912, 138.72, 1.79537
_4488_, 201.912, 138.72, 1.79537
_4649_, 201.912, 138.72, 1.79537
hold313, 201.912, 138.72, 1.79537
FILLER_0_46_421, 201.912, 138.72, 1.79537
FILLER_0_47_415, 201.912, 138.72, 1.79537
FILLER_0_48_435, 201.912, 138.72, 1.79537
_3812_, 215.108, 138.72, 1.7953
_3974_, 215.108, 138.72, 1.7953
_4597_, 215.108, 138.72, 1.7953
clkbuf_leaf_26_clk, 215.108, 138.72, 1.7953
hold197, 215.108, 138.72, 1.7953
hold237, 215.108, 138.72, 1.7953
FILLER_0_47_442, 215.108, 138.72, 1.7953
_3870_, 228.304, 138.72, 1.7953
_3871_, 228.304, 138.72, 1.7953
_4161_, 228.304, 138.72, 1.7953
hold316, 228.304, 138.72, 1.7953
hold320, 228.304, 138.72, 1.7953
FILLER_0_47_495, 228.304, 138.72, 1.7953
FILLER_0_48_489, 228.304, 138.72, 1.7953
PHY_88, 5.52, 133.28, 1.79459
PHY_90, 5.52, 133.28, 1.79459
PHY_89, 241.5, 133.28, 1.79519
PHY_91, 241.5, 133.28, 1.79519
FILLER_0_45_505, 241.5, 133.28, 1.79519
_2367_, 28.853, 133.28, 1.7943
_2379_, 28.853, 133.28, 1.7943
_3920_, 28.853, 133.28, 1.7943
_4624_, 28.853, 133.28, 1.7943
hold355, 28.853, 133.28, 1.7943
FILLER_0_45_53, 28.853, 133.28, 1.7943
_2380_, 42.186, 133.28, 1.79403
_2646_, 42.186, 133.28, 1.79403
_3182_, 42.186, 133.28, 1.79403
_3518_, 42.186, 133.28, 1.79403
_4402_, 42.186, 133.28, 1.79403
clkbuf_leaf_8_clk, 42.186, 133.28, 1.79403
FILLER_0_44_76, 42.186, 133.28, 1.79403
_2638_, 55.52, 133.28, 1.79385
_3181_, 55.52, 133.28, 1.79385
_3187_, 55.52, 133.28, 1.79385
_3188_, 55.52, 133.28, 1.79385
_3413_, 55.52, 133.28, 1.79385
_3513_, 55.52, 133.28, 1.79385
_3517_, 55.52, 133.28, 1.79385
hold414, 55.52, 133.28, 1.79385
_2562_, 68.853, 133.28, 1.79369
_2564_, 68.853, 133.28, 1.79369
_2615_, 68.853, 133.28, 1.79369
_3516_, 68.853, 133.28, 1.79369
_3746_, 68.853, 133.28, 1.79369
_4537_, 68.853, 133.28, 1.79369
FILLER_0_44_135, 68.853, 133.28, 1.79369
FILLER_0_45_141, 68.853, 133.28, 1.79369
_2618_, 82.186, 133.28, 1.79364
_2620_, 82.186, 133.28, 1.79364
_3745_, 82.186, 133.28, 1.79364
hold37, 82.186, 133.28, 1.79364
FILLER_0_44_156, 82.186, 133.28, 1.79364
FILLER_0_45_181, 82.186, 133.28, 1.79364
_2640_, 95.52, 133.28, 1.79361
_2975_, 95.52, 133.28, 1.79361
_2977_, 95.52, 133.28, 1.79361
_2978_, 95.52, 133.28, 1.79361
_2979_, 95.52, 133.28, 1.79361
FILLER_0_44_193, 95.52, 133.28, 1.79361
FILLER_0_45_192, 95.52, 133.28, 1.79361
FILLER_0_45_200, 95.52, 133.28, 1.79361
FILLER_0_46_197, 95.52, 133.28, 1.79361
_2278_, 108.853, 133.28, 1.79363
_2381_, 108.853, 133.28, 1.79363
_2644_, 108.853, 133.28, 1.79363
_2680_, 108.853, 133.28, 1.79363
_2980_, 108.853, 133.28, 1.79363
_3432_, 108.853, 133.28, 1.79363
FILLER_0_45_232, 108.853, 133.28, 1.79363
FILLER_0_46_231, 108.853, 133.28, 1.79363
_3437_, 122.186, 133.28, 1.79381
_3470_, 122.186, 133.28, 1.79381
_3762_, 122.186, 133.28, 1.79381
_4128_, 122.186, 133.28, 1.79381
_4129_, 122.186, 133.28, 1.79381
wire15, 122.186, 133.28, 1.79381
_2288_, 135.52, 133.28, 1.79403
_3775_, 135.52, 133.28, 1.79403
_4549_, 135.52, 133.28, 1.79403
FILLER_0_45_274, 135.52, 133.28, 1.79403
FILLER_0_45_290, 135.52, 133.28, 1.79403
_2700_, 148.853, 133.28, 1.79433
_2705_, 148.853, 133.28, 1.79433
_2706_, 148.853, 133.28, 1.79433
_2707_, 148.853, 133.28, 1.79433
_2832_, 148.853, 133.28, 1.79433
_2833_, 148.853, 133.28, 1.79433
FILLER_0_45_298, 148.853, 133.28, 1.79433
_2703_, 162.186, 133.28, 1.79474
_2708_, 162.186, 133.28, 1.79474
_2751_, 162.186, 133.28, 1.79474
_2831_, 162.186, 133.28, 1.79474
_2898_, 162.186, 133.28, 1.79474
_3780_, 162.186, 133.28, 1.79474
_3782_, 162.186, 133.28, 1.79474
_3220_, 188.716, 133.28, 1.79525
_3227_, 188.716, 133.28, 1.79525
_3544_, 188.716, 133.28, 1.79525
_4256_, 188.716, 133.28, 1.79525
hold478, 188.716, 133.28, 1.79525
hold526, 188.716, 133.28, 1.79525
_3646_, 201.912, 133.28, 1.79523
_3975_, 201.912, 133.28, 1.79523
hold391, 201.912, 133.28, 1.79523
FILLER_0_44_415, 201.912, 133.28, 1.79523
FILLER_0_45_424, 201.912, 133.28, 1.79523
_3647_, 215.108, 133.28, 1.7952
_3973_, 215.108, 133.28, 1.7952
_4185_, 215.108, 133.28, 1.7952
_4648_, 215.108, 133.28, 1.7952
_4783_, 215.108, 133.28, 1.7952
_3623_, 228.304, 133.28, 1.79519
_3972_, 228.304, 133.28, 1.79519
_3995_, 228.304, 133.28, 1.79519
_4184_, 228.304, 133.28, 1.79519
_4477_, 228.304, 133.28, 1.79519
hold268, 228.304, 133.28, 1.79519
hold343, 228.304, 133.28, 1.79519
FILLER_0_44_477, 228.304, 133.28, 1.79519
FILLER_0_45_483, 228.304, 133.28, 1.79519
PHY_84, 5.52, 127.84, 1.79448
PHY_86, 5.52, 127.84, 1.79448
_4054_, 241.5, 127.84, 1.79502
PHY_85, 241.5, 127.84, 1.79502
PHY_87, 241.5, 127.84, 1.79502
_2368_, 28.853, 127.84, 1.79427
_3342_, 28.853, 127.84, 1.79427
_3343_, 28.853, 127.84, 1.79427
_3344_, 28.853, 127.84, 1.79427
_3345_, 28.853, 127.84, 1.79427
_4329_, 28.853, 127.84, 1.79427
FILLER_0_43_39, 28.853, 127.84, 1.79427
FILLER_0_43_52, 28.853, 127.84, 1.79427
FILLER_0_43_65, 28.853, 127.84, 1.79427
FILLER_0_44_53, 28.853, 127.84, 1.79427
_3346_, 42.186, 127.84, 1.7941
_3348_, 42.186, 127.84, 1.7941
_3349_, 42.186, 127.84, 1.7941
_3509_, 42.186, 127.84, 1.7941
_3515_, 42.186, 127.84, 1.7941
_4400_, 42.186, 127.84, 1.7941
hold396, 42.186, 127.84, 1.7941
hold406, 42.186, 127.84, 1.7941
_2584_, 55.52, 127.84, 1.79394
_2637_, 55.52, 127.84, 1.79394
_4236_, 55.52, 127.84, 1.79394
_4401_, 55.52, 127.84, 1.79394
FILLER_0_43_120, 55.52, 127.84, 1.79394
_2318_, 68.853, 127.84, 1.7938
_2599_, 68.853, 127.84, 1.7938
_2611_, 68.853, 127.84, 1.7938
_2635_, 68.853, 127.84, 1.7938
_2965_, 68.853, 127.84, 1.7938
hold411, 68.853, 127.84, 1.7938
FILLER_0_42_125, 68.853, 127.84, 1.7938
FILLER_0_43_139, 68.853, 127.84, 1.7938
_2612_, 82.186, 127.84, 1.79375
_2617_, 82.186, 127.84, 1.79375
_2974_, 82.186, 127.84, 1.79375
_3747_, 82.186, 127.84, 1.79375
_4538_, 82.186, 127.84, 1.79375
hold26, 82.186, 127.84, 1.79375
FILLER_0_42_161, 82.186, 127.84, 1.79375
FILLER_0_43_158, 82.186, 127.84, 1.79375
FILLER_0_43_174, 82.186, 127.84, 1.79375
FILLER_0_44_168, 82.186, 127.84, 1.79375
_2639_, 95.52, 127.84, 1.79373
_2976_, 95.52, 127.84, 1.79373
_3434_, 95.52, 127.84, 1.79373
_3748_, 95.52, 127.84, 1.79373
FILLER_0_43_208, 95.52, 127.84, 1.79373
FILLER_0_44_197, 95.52, 127.84, 1.79373
_2986_, 108.853, 127.84, 1.79376
_3431_, 108.853, 127.84, 1.79376
_3435_, 108.853, 127.84, 1.79376
_3752_, 108.853, 127.84, 1.79376
FILLER_0_43_220, 108.853, 127.84, 1.79376
FILLER_0_43_237, 108.853, 127.84, 1.79376
_2961_, 122.186, 127.84, 1.79382
_3394_, 122.186, 127.84, 1.79382
_3436_, 122.186, 127.84, 1.79382
clkbuf_0_clk, 122.186, 127.84, 1.79382
FILLER_0_42_247, 122.186, 127.84, 1.79382
_2323_, 135.52, 127.84, 1.79398
_3009_, 135.52, 127.84, 1.79398
_3012_, 135.52, 127.84, 1.79398
_3014_, 135.52, 127.84, 1.79398
_3774_, 135.52, 127.84, 1.79398
hold522, 135.52, 127.84, 1.79398
FILLER_0_44_294, 135.52, 127.84, 1.79398
_2384_, 148.853, 127.84, 1.79428
_2695_, 148.853, 127.84, 1.79428
_2733_, 148.853, 127.84, 1.79428
_2750_, 148.853, 127.84, 1.79428
_2941_, 148.853, 127.84, 1.79428
hold485, 148.853, 127.84, 1.79428
FILLER_0_43_298, 148.853, 127.84, 1.79428
_2734_, 162.186, 127.84, 1.79465
_2897_, 162.186, 127.84, 1.79465
_2899_, 162.186, 127.84, 1.79465
_2942_, 162.186, 127.84, 1.79465
_3783_, 162.186, 127.84, 1.79465
_2383_, 188.716, 127.84, 1.79506
_3228_, 188.716, 127.84, 1.79506
_3555_, 188.716, 127.84, 1.79506
_3905_, 188.716, 127.84, 1.79506
_3910_, 188.716, 127.84, 1.79506
_4617_, 188.716, 127.84, 1.79506
FILLER_0_42_385, 188.716, 127.84, 1.79506
FILLER_0_43_384, 188.716, 127.84, 1.79506
_3648_, 201.912, 127.84, 1.79503
_4177_, 201.912, 127.84, 1.79503
_4420_, 201.912, 127.84, 1.79503
_4489_, 201.912, 127.84, 1.79503
_4779_, 201.912, 127.84, 1.79503
FILLER_0_42_415, 201.912, 127.84, 1.79503
FILLER_0_42_421, 201.912, 127.84, 1.79503
FILLER_0_43_435, 201.912, 127.84, 1.79503
FILLER_0_43_441, 201.912, 127.84, 1.79503
FILLER_0_44_429, 201.912, 127.84, 1.79503
_4117_, 215.108, 127.84, 1.79502
_4659_, 215.108, 127.84, 1.79502
hold196, 215.108, 127.84, 1.79502
FILLER_0_42_452, 215.108, 127.84, 1.79502
_3624_, 228.304, 127.84, 1.79502
_3666_, 228.304, 127.84, 1.79502
_3994_, 228.304, 127.84, 1.79502
_4055_, 228.304, 127.84, 1.79502
hold147, 228.304, 127.84, 1.79502
hold212, 228.304, 127.84, 1.79502
hold263, 228.304, 127.84, 1.79502
PHY_80, 5.52, 122.4, 1.79434
PHY_82, 5.52, 122.4, 1.79434
_3643_, 241.5, 122.4, 1.79477
_3644_, 241.5, 122.4, 1.79477
PHY_81, 241.5, 122.4, 1.79477
PHY_83, 241.5, 122.4, 1.79477
hold269, 241.5, 122.4, 1.79477
_2328_, 28.853, 122.4, 1.79408
_4328_, 28.853, 122.4, 1.79408
hold418, 28.853, 122.4, 1.79408
hold424, 28.853, 122.4, 1.79408
_2257_, 42.186, 122.4, 1.79385
_3334_, 42.186, 122.4, 1.79385
_3347_, 42.186, 122.4, 1.79385
_4330_, 42.186, 122.4, 1.79385
_4331_, 42.186, 122.4, 1.79385
_4397_, 42.186, 122.4, 1.79385
FILLER_0_40_71, 42.186, 122.4, 1.79385
_2866_, 55.52, 122.4, 1.79367
_3184_, 55.52, 122.4, 1.79367
_3508_, 55.52, 122.4, 1.79367
_3511_, 55.52, 122.4, 1.79367
_4234_, 55.52, 122.4, 1.79367
hold374, 55.52, 122.4, 1.79367
FILLER_0_40_101, 55.52, 122.4, 1.79367
_2269_, 68.853, 122.4, 1.79351
_2593_, 68.853, 122.4, 1.79351
_2601_, 68.853, 122.4, 1.79351
_2609_, 68.853, 122.4, 1.79351
_2966_, 68.853, 122.4, 1.79351
_4137_, 68.853, 122.4, 1.79351
_2973_, 82.186, 122.4, 1.79345
_3433_, 82.186, 122.4, 1.79345
_3744_, 82.186, 122.4, 1.79345
_4540_, 82.186, 122.4, 1.79345
FILLER_0_41_160, 82.186, 122.4, 1.79345
FILLER_0_41_169, 82.186, 122.4, 1.79345
_2645_, 95.52, 122.4, 1.79343
_2963_, 95.52, 122.4, 1.79343
_2964_, 95.52, 122.4, 1.79343
_2985_, 95.52, 122.4, 1.79343
_3753_, 95.52, 122.4, 1.79343
_3754_, 95.52, 122.4, 1.79343
hold476, 95.52, 122.4, 1.79343
FILLER_0_42_205, 95.52, 122.4, 1.79343
_2673_, 108.853, 122.4, 1.7935
_2683_, 108.853, 122.4, 1.7935
_2684_, 108.853, 122.4, 1.7935
_2962_, 108.853, 122.4, 1.7935
_2981_, 108.853, 122.4, 1.7935
max_cap17, 108.853, 122.4, 1.7935
_2253_, 122.186, 122.4, 1.79365
_3013_, 122.186, 122.4, 1.79365
_3015_, 122.186, 122.4, 1.79365
FILLER_0_40_253, 122.186, 122.4, 1.79365
FILLER_0_41_250, 122.186, 122.4, 1.79365
_2301_, 135.52, 122.4, 1.79384
_2694_, 135.52, 122.4, 1.79384
_3004_, 135.52, 122.4, 1.79384
_3391_, 135.52, 122.4, 1.79384
_3469_, 135.52, 122.4, 1.79384
_4551_, 135.52, 122.4, 1.79384
FILLER_0_42_286, 135.52, 122.4, 1.79384
_2370_, 148.853, 122.4, 1.7941
_2732_, 148.853, 122.4, 1.7941
_3778_, 148.853, 122.4, 1.7941
clkbuf_leaf_29_clk, 148.853, 122.4, 1.7941
FILLER_0_40_309, 148.853, 122.4, 1.7941
FILLER_0_41_312, 148.853, 122.4, 1.7941
FILLER_0_42_317, 148.853, 122.4, 1.7941
_2827_, 162.186, 122.4, 1.79444
_2894_, 162.186, 122.4, 1.79444
_2895_, 162.186, 122.4, 1.79444
_2896_, 162.186, 122.4, 1.79444
_2937_, 162.186, 122.4, 1.79444
_2939_, 162.186, 122.4, 1.79444
_3776_, 162.186, 122.4, 1.79444
_3777_, 162.186, 122.4, 1.79444
_4550_, 162.186, 122.4, 1.79444
FILLER_0_42_342, 162.186, 122.4, 1.79444
_3539_, 188.716, 122.4, 1.79486
_3554_, 188.716, 122.4, 1.79486
_3911_, 188.716, 122.4, 1.79486
_4614_, 188.716, 122.4, 1.79486
hold469, 188.716, 122.4, 1.79486
FILLER_0_41_403, 188.716, 122.4, 1.79486
FILLER_0_42_409, 188.716, 122.4, 1.79486
_4720_, 201.912, 122.4, 1.79482
hold327, 201.912, 122.4, 1.79482
FILLER_0_40_421, 201.912, 122.4, 1.79482
FILLER_0_41_425, 201.912, 122.4, 1.79482
_3621_, 215.108, 122.4, 1.79478
_3997_, 215.108, 122.4, 1.79478
_4476_, 215.108, 122.4, 1.79478
_4498_, 215.108, 122.4, 1.79478
hold226, 215.108, 122.4, 1.79478
hold258, 215.108, 122.4, 1.79478
FILLER_0_40_451, 215.108, 122.4, 1.79478
_3665_, 228.304, 122.4, 1.79477
_3996_, 228.304, 122.4, 1.79477
_4487_, 228.304, 122.4, 1.79477
_4689_, 228.304, 122.4, 1.79477
hold231, 228.304, 122.4, 1.79477
FILLER_0_41_482, 228.304, 122.4, 1.79477
PHY_76, 5.52, 116.96, 1.79422
PHY_78, 5.52, 116.96, 1.79422
PHY_77, 241.5, 116.96, 1.79457
PHY_79, 241.5, 116.96, 1.79457
input1, 241.5, 116.96, 1.79457
_2307_, 28.853, 116.96, 1.79397
_2339_, 28.853, 116.96, 1.79397
_2366_, 28.853, 116.96, 1.79397
_2378_, 28.853, 116.96, 1.79397
_3335_, 28.853, 116.96, 1.79397
hold402, 28.853, 116.96, 1.79397
hold404, 28.853, 116.96, 1.79397
FILLER_0_38_37, 28.853, 116.96, 1.79397
_2849_, 42.186, 116.96, 1.79376
_4398_, 42.186, 116.96, 1.79376
FILLER_0_38_79, 42.186, 116.96, 1.79376
FILLER_0_40_94, 42.186, 116.96, 1.79376
_2283_, 55.52, 116.96, 1.79357
_2600_, 55.52, 116.96, 1.79357
_3183_, 55.52, 116.96, 1.79357
_3506_, 55.52, 116.96, 1.79357
_3510_, 55.52, 116.96, 1.79357
_3885_, 55.52, 116.96, 1.79357
hold390, 55.52, 116.96, 1.79357
hold481, 55.52, 116.96, 1.79357
_2605_, 68.853, 116.96, 1.79341
_2606_, 68.853, 116.96, 1.79341
_2610_, 68.853, 116.96, 1.79341
_3035_, 68.853, 116.96, 1.79341
_4536_, 68.853, 116.96, 1.79341
FILLER_0_38_134, 68.853, 116.96, 1.79341
FILLER_0_39_142, 68.853, 116.96, 1.79341
FILLER_0_40_148, 68.853, 116.96, 1.79341
_2602_, 82.186, 116.96, 1.79329
_2607_, 82.186, 116.96, 1.79329
_2608_, 82.186, 116.96, 1.79329
_3743_, 82.186, 116.96, 1.79329
hold8, 82.186, 116.96, 1.79329
hold41, 82.186, 116.96, 1.79329
FILLER_0_39_164, 82.186, 116.96, 1.79329
FILLER_0_40_179, 82.186, 116.96, 1.79329
_2647_, 95.52, 116.96, 1.7932
_2648_, 95.52, 116.96, 1.7932
_2656_, 95.52, 116.96, 1.7932
_2681_, 95.52, 116.96, 1.7932
_4338_, 95.52, 116.96, 1.7932
FILLER_0_38_190, 95.52, 116.96, 1.7932
_2655_, 108.853, 116.96, 1.7932
_2672_, 108.853, 116.96, 1.7932
_2682_, 108.853, 116.96, 1.7932
_2908_, 108.853, 116.96, 1.7932
_2982_, 108.853, 116.96, 1.7932
_2984_, 108.853, 116.96, 1.7932
max_cap18, 108.853, 116.96, 1.7932
_2688_, 122.186, 116.96, 1.7933
_2907_, 122.186, 116.96, 1.7933
_3008_, 122.186, 116.96, 1.7933
_3393_, 122.186, 116.96, 1.7933
_4548_, 122.186, 116.96, 1.7933
_2909_, 135.52, 116.96, 1.79349
_2995_, 135.52, 116.96, 1.79349
_3392_, 135.52, 116.96, 1.79349
_3773_, 135.52, 116.96, 1.79349
hold479, 135.52, 116.96, 1.79349
FILLER_0_39_281, 135.52, 116.96, 1.79349
_2715_, 148.853, 116.96, 1.79376
_2893_, 148.853, 116.96, 1.79376
_2938_, 148.853, 116.96, 1.79376
_3462_, 148.853, 116.96, 1.79376
_3779_, 148.853, 116.96, 1.79376
FILLER_0_38_305, 148.853, 116.96, 1.79376
FILLER_0_38_309, 148.853, 116.96, 1.79376
_2247_, 162.186, 116.96, 1.79415
_2709_, 162.186, 116.96, 1.79415
_2718_, 162.186, 116.96, 1.79415
_2720_, 162.186, 116.96, 1.79415
_2829_, 162.186, 116.96, 1.79415
_2830_, 162.186, 116.96, 1.79415
_2933_, 162.186, 116.96, 1.79415
FILLER_0_39_350, 162.186, 116.96, 1.79415
_3211_, 188.716, 116.96, 1.79462
_3556_, 188.716, 116.96, 1.79462
_3904_, 188.716, 116.96, 1.79462
_4248_, 188.716, 116.96, 1.79462
_4412_, 188.716, 116.96, 1.79462
hold383, 188.716, 116.96, 1.79462
FILLER_0_38_389, 188.716, 116.96, 1.79462
FILLER_0_39_387, 188.716, 116.96, 1.79462
_3212_, 201.912, 116.96, 1.79459
_3538_, 201.912, 116.96, 1.79459
_4171_, 201.912, 116.96, 1.79459
_4176_, 201.912, 116.96, 1.79459
_4522_, 201.912, 116.96, 1.79459
_4776_, 201.912, 116.96, 1.79459
hold259, 201.912, 116.96, 1.79459
hold501, 201.912, 116.96, 1.79459
_3622_, 215.108, 116.96, 1.79457
_3714_, 215.108, 116.96, 1.79457
_4090_, 215.108, 116.96, 1.79457
_4116_, 215.108, 116.96, 1.79457
_4170_, 215.108, 116.96, 1.79457
_4660_, 215.108, 116.96, 1.79457
_4701_, 215.108, 116.96, 1.79457
hold318, 215.108, 116.96, 1.79457
FILLER_0_39_461, 215.108, 116.96, 1.79457
_4088_, 228.304, 116.96, 1.79457
_4089_, 228.304, 116.96, 1.79457
hold294, 228.304, 116.96, 1.79457
PHY_72, 5.52, 111.52, 1.79411
PHY_74, 5.52, 111.52, 1.79411
FILLER_0_37_3, 5.52, 111.52, 1.79411
_3982_, 241.5, 111.52, 1.79412
PHY_73, 241.5, 111.52, 1.79412
PHY_75, 241.5, 111.52, 1.79412
FILLER_0_36_500, 241.5, 111.52, 1.79412
_2306_, 28.853, 111.52, 1.79388
_2377_, 28.853, 111.52, 1.79388
_3605_, 28.853, 111.52, 1.79388
FILLER_0_37_40, 28.853, 111.52, 1.79388
FILLER_0_37_52, 28.853, 111.52, 1.79388
_2846_, 42.186, 111.52, 1.79367
_2848_, 42.186, 111.52, 1.79367
_2864_, 42.186, 111.52, 1.79367
_2865_, 42.186, 111.52, 1.79367
_3606_, 42.186, 111.52, 1.79367
_3607_, 42.186, 111.52, 1.79367
clkbuf_leaf_3_clk, 42.186, 111.52, 1.79367
FILLER_0_37_72, 42.186, 111.52, 1.79367
_2571_, 55.52, 111.52, 1.79354
_2654_, 55.52, 111.52, 1.79354
_3507_, 55.52, 111.52, 1.79354
_4334_, 55.52, 111.52, 1.79354
_4396_, 55.52, 111.52, 1.79354
hold416, 55.52, 111.52, 1.79354
FILLER_0_38_121, 55.52, 111.52, 1.79354
_2603_, 68.853, 111.52, 1.79346
_3025_, 68.853, 111.52, 1.79346
_3354_, 68.853, 111.52, 1.79346
_4535_, 68.853, 111.52, 1.79346
hold98, 68.853, 111.52, 1.79346
hold367, 68.853, 111.52, 1.79346
FILLER_0_37_145, 68.853, 111.52, 1.79346
_3739_, 82.186, 111.52, 1.79343
_3740_, 82.186, 111.52, 1.79343
_3741_, 82.186, 111.52, 1.79343
_3742_, 82.186, 111.52, 1.79343
clkbuf_leaf_5_clk, 82.186, 111.52, 1.79343
FILLER_0_36_164, 82.186, 111.52, 1.79343
_3358_, 95.52, 111.52, 1.79345
hold4, 95.52, 111.52, 1.79345
hold338, 95.52, 111.52, 1.79345
FILLER_0_36_190, 95.52, 111.52, 1.79345
FILLER_0_37_183, 95.52, 111.52, 1.79345
FILLER_0_38_205, 95.52, 111.52, 1.79345
_2671_, 108.853, 111.52, 1.79348
_2983_, 108.853, 111.52, 1.79348
_3768_, 108.853, 111.52, 1.79348
hold9, 108.853, 111.52, 1.79348
FILLER_0_36_216, 108.853, 111.52, 1.79348
FILLER_0_36_224, 108.853, 111.52, 1.79348
FILLER_0_37_213, 108.853, 111.52, 1.79348
FILLER_0_37_221, 108.853, 111.52, 1.79348
FILLER_0_37_225, 108.853, 111.52, 1.79348
_2459_, 122.186, 111.52, 1.79353
_3769_, 122.186, 111.52, 1.79353
_3772_, 122.186, 111.52, 1.79353
FILLER_0_36_243, 122.186, 111.52, 1.79353
FILLER_0_36_253, 122.186, 111.52, 1.79353
FILLER_0_37_256, 122.186, 111.52, 1.79353
_2438_, 135.52, 111.52, 1.79361
_2460_, 135.52, 111.52, 1.79361
_2547_, 135.52, 111.52, 1.79361
_2990_, 135.52, 111.52, 1.79361
_2999_, 135.52, 111.52, 1.79361
_3005_, 135.52, 111.52, 1.79361
_3006_, 135.52, 111.52, 1.79361
_3453_, 135.52, 111.52, 1.79361
FILLER_0_37_291, 135.52, 111.52, 1.79361
_2714_, 148.853, 111.52, 1.79382
_2747_, 148.853, 111.52, 1.79382
_2749_, 148.853, 111.52, 1.79382
_2997_, 148.853, 111.52, 1.79382
_3771_, 148.853, 111.52, 1.79382
FILLER_0_36_302, 148.853, 111.52, 1.79382
FILLER_0_37_303, 148.853, 111.52, 1.79382
_2239_, 162.186, 111.52, 1.79411
_2448_, 162.186, 111.52, 1.79411
_2748_, 162.186, 111.52, 1.79411
_2828_, 162.186, 111.52, 1.79411
_2892_, 162.186, 111.52, 1.79411
_3781_, 162.186, 111.52, 1.79411
hold34, 162.186, 111.52, 1.79411
FILLER_0_36_328, 162.186, 111.52, 1.79411
FILLER_0_37_332, 162.186, 111.52, 1.79411
FILLER_0_37_351, 162.186, 111.52, 1.79411
FILLER_0_38_351, 162.186, 111.52, 1.79411
_2716_, 188.716, 111.52, 1.79434
_3229_, 188.716, 111.52, 1.79434
_3371_, 188.716, 111.52, 1.79434
_4257_, 188.716, 111.52, 1.79434
hold38, 188.716, 111.52, 1.79434
FILLER_0_37_407, 188.716, 111.52, 1.79434
_4091_, 201.912, 111.52, 1.7942
_4707_, 201.912, 111.52, 1.7942
clkbuf_leaf_32_clk, 201.912, 111.52, 1.7942
hold210, 201.912, 111.52, 1.7942
hold334, 201.912, 111.52, 1.7942
_3713_, 215.108, 111.52, 1.79413
_4078_, 215.108, 111.52, 1.79413
_4079_, 215.108, 111.52, 1.79413
_4706_, 215.108, 111.52, 1.79413
clkbuf_leaf_33_clk, 215.108, 111.52, 1.79413
_4653_, 228.304, 111.52, 1.79412
hold295, 228.304, 111.52, 1.79412
FILLER_0_36_477, 228.304, 111.52, 1.79412
FILLER_0_37_489, 228.304, 111.52, 1.79412
PHY_68, 5.52, 106.08, 1.79396
PHY_70, 5.52, 106.08, 1.79396
FILLER_0_35_3, 5.52, 106.08, 1.79396
FILLER_0_36_3, 5.52, 106.08, 1.79396
_3683_, 241.5, 106.08, 1.79429
PHY_69, 241.5, 106.08, 1.79429
PHY_71, 241.5, 106.08, 1.79429
FILLER_0_34_504, 241.5, 106.08, 1.79429
FILLER_0_35_501, 241.5, 106.08, 1.79429
FILLER_0_35_505, 241.5, 106.08, 1.79429
_2327_, 28.853, 106.08, 1.7937
_2847_, 28.853, 106.08, 1.7937
_4466_, 28.853, 106.08, 1.7937
_4467_, 28.853, 106.08, 1.7937
hold55, 28.853, 106.08, 1.7937
hold64, 28.853, 106.08, 1.7937
_3608_, 42.186, 106.08, 1.79347
_4468_, 42.186, 106.08, 1.79347
_4469_, 42.186, 106.08, 1.79347
_4604_, 42.186, 106.08, 1.79347
hold30, 42.186, 106.08, 1.79347
_2649_, 55.52, 106.08, 1.79327
_3033_, 55.52, 106.08, 1.79327
_3884_, 55.52, 106.08, 1.79327
_4403_, 55.52, 106.08, 1.79327
hold417, 55.52, 106.08, 1.79327
FILLER_0_36_121, 55.52, 106.08, 1.79327
_2321_, 68.853, 106.08, 1.79311
_2604_, 68.853, 106.08, 1.79311
_2657_, 68.853, 106.08, 1.79311
_3034_, 68.853, 106.08, 1.79311
_3350_, 68.853, 106.08, 1.79311
_3520_, 68.853, 106.08, 1.79311
FILLER_0_34_127, 68.853, 106.08, 1.79311
FILLER_0_36_147, 68.853, 106.08, 1.79311
_2573_, 82.186, 106.08, 1.79302
_2967_, 82.186, 106.08, 1.79302
_2969_, 82.186, 106.08, 1.79302
_2970_, 82.186, 106.08, 1.79302
_2971_, 82.186, 106.08, 1.79302
_4534_, 82.186, 106.08, 1.79302
FILLER_0_35_164, 82.186, 106.08, 1.79302
FILLER_0_35_178, 82.186, 106.08, 1.79302
_2236_, 95.52, 106.08, 1.79298
_2743_, 95.52, 106.08, 1.79298
_3352_, 95.52, 106.08, 1.79298
_3361_, 95.52, 106.08, 1.79298
hold5, 95.52, 106.08, 1.79298
FILLER_0_35_202, 95.52, 106.08, 1.79298
FILLER_0_36_197, 95.52, 106.08, 1.79298
_2424_, 108.853, 106.08, 1.79302
_2669_, 108.853, 106.08, 1.79302
_2670_, 108.853, 106.08, 1.79302
_3442_, 108.853, 106.08, 1.79302
_4546_, 108.853, 106.08, 1.79302
FILLER_0_35_213, 108.853, 106.08, 1.79302
_2417_, 122.186, 106.08, 1.79312
_2435_, 122.186, 106.08, 1.79312
_2545_, 122.186, 106.08, 1.79312
_2998_, 122.186, 106.08, 1.79312
_3007_, 122.186, 106.08, 1.79312
_2415_, 135.52, 106.08, 1.79332
_2461_, 135.52, 106.08, 1.79332
_2478_, 135.52, 106.08, 1.79332
_2546_, 135.52, 106.08, 1.79332
_2548_, 135.52, 106.08, 1.79332
_2989_, 135.52, 106.08, 1.79332
_2996_, 135.52, 106.08, 1.79332
_2668_, 148.853, 106.08, 1.79363
_2693_, 148.853, 106.08, 1.79363
_4547_, 148.853, 106.08, 1.79363
FILLER_0_34_309, 148.853, 106.08, 1.79363
_2444_, 162.186, 106.08, 1.79398
_2729_, 162.186, 106.08, 1.79398
_2730_, 162.186, 106.08, 1.79398
_2731_, 162.186, 106.08, 1.79398
_4552_, 162.186, 106.08, 1.79398
hold419, 162.186, 106.08, 1.79398
FILLER_0_34_337, 162.186, 106.08, 1.79398
FILLER_0_35_331, 162.186, 106.08, 1.79398
_2443_, 188.716, 106.08, 1.79435
_3206_, 188.716, 106.08, 1.79435
_3230_, 188.716, 106.08, 1.79435
_3533_, 188.716, 106.08, 1.79435
_4245_, 188.716, 106.08, 1.79435
hold497, 188.716, 106.08, 1.79435
FILLER_0_35_385, 188.716, 106.08, 1.79435
_3632_, 201.912, 106.08, 1.79431
_4478_, 201.912, 106.08, 1.79431
_4481_, 201.912, 106.08, 1.79431
hold260, 201.912, 106.08, 1.79431
FILLER_0_34_421, 201.912, 106.08, 1.79431
FILLER_0_35_415, 201.912, 106.08, 1.79431
_3626_, 215.108, 106.08, 1.7943
_3631_, 215.108, 106.08, 1.7943
_3656_, 215.108, 106.08, 1.7943
_4505_, 215.108, 106.08, 1.7943
_4517_, 215.108, 106.08, 1.7943
hold301, 215.108, 106.08, 1.7943
_3703_, 228.304, 106.08, 1.7943
_3983_, 228.304, 106.08, 1.7943
hold281, 228.304, 106.08, 1.7943
FILLER_0_35_481, 228.304, 106.08, 1.7943
FILLER_0_35_493, 228.304, 106.08, 1.7943
_3280_, 5.52, 100.64, 1.79388
PHY_64, 5.52, 100.64, 1.79388
PHY_66, 5.52, 100.64, 1.79388
FILLER_0_33_3, 5.52, 100.64, 1.79388
FILLER_0_34_3, 5.52, 100.64, 1.79388
_3684_, 241.5, 100.64, 1.79414
_4047_, 241.5, 100.64, 1.79414
PHY_65, 241.5, 100.64, 1.79414
PHY_67, 241.5, 100.64, 1.79414
_2305_, 28.853, 100.64, 1.79361
_2326_, 28.853, 100.64, 1.79361
_2338_, 28.853, 100.64, 1.79361
_4462_, 28.853, 100.64, 1.79361
_4465_, 28.853, 100.64, 1.79361
FILLER_0_32_39, 28.853, 100.64, 1.79361
_2337_, 42.186, 100.64, 1.79338
_2376_, 42.186, 100.64, 1.79338
_3592_, 42.186, 100.64, 1.79338
_3604_, 42.186, 100.64, 1.79338
hold54, 42.186, 100.64, 1.79338
hold62, 42.186, 100.64, 1.79338
hold81, 42.186, 100.64, 1.79338
FILLER_0_34_85, 42.186, 100.64, 1.79338
_2572_, 55.52, 100.64, 1.79319
_3521_, 55.52, 100.64, 1.79319
_3881_, 55.52, 100.64, 1.79319
_4602_, 55.52, 100.64, 1.79319
FILLER_0_32_98, 55.52, 100.64, 1.79319
FILLER_0_33_102, 55.52, 100.64, 1.79319
FILLER_0_34_115, 55.52, 100.64, 1.79319
_2592_, 68.853, 100.64, 1.793
_3030_, 68.853, 100.64, 1.793
_3031_, 68.853, 100.64, 1.793
_3036_, 68.853, 100.64, 1.793
_3398_, 68.853, 100.64, 1.793
FILLER_0_32_134, 68.853, 100.64, 1.793
FILLER_0_33_132, 68.853, 100.64, 1.793
FILLER_0_34_148, 68.853, 100.64, 1.793
_2574_, 82.186, 100.64, 1.79286
_2576_, 82.186, 100.64, 1.79286
_2585_, 82.186, 100.64, 1.79286
_2588_, 82.186, 100.64, 1.79286
_2590_, 82.186, 100.64, 1.79286
_2591_, 82.186, 100.64, 1.79286
_2968_, 82.186, 100.64, 1.79286
_2972_, 82.186, 100.64, 1.79286
_4332_, 82.186, 100.64, 1.79286
FILLER_0_34_167, 82.186, 100.64, 1.79286
_2446_, 95.52, 100.64, 1.7928
_2575_, 95.52, 100.64, 1.7928
_2744_, 95.52, 100.64, 1.7928
_3362_, 95.52, 100.64, 1.7928
FILLER_0_34_197, 95.52, 100.64, 1.7928
FILLER_0_34_206, 95.52, 100.64, 1.7928
_2425_, 108.853, 100.64, 1.79284
_2487_, 108.853, 100.64, 1.79284
_2493_, 108.853, 100.64, 1.79284
_2661_, 108.853, 100.64, 1.79284
FILLER_0_33_216, 108.853, 100.64, 1.79284
FILLER_0_34_237, 108.853, 100.64, 1.79284
_2426_, 122.186, 100.64, 1.79295
_2433_, 122.186, 100.64, 1.79295
_2434_, 122.186, 100.64, 1.79295
_2436_, 122.186, 100.64, 1.79295
_2544_, 122.186, 100.64, 1.79295
_3450_, 122.186, 100.64, 1.79295
clkbuf_leaf_43_clk, 122.186, 100.64, 1.79295
FILLER_0_33_246, 122.186, 100.64, 1.79295
_2474_, 135.52, 100.64, 1.79316
_2476_, 135.52, 100.64, 1.79316
_2549_, 135.52, 100.64, 1.79316
_2550_, 135.52, 100.64, 1.79316
_2987_, 135.52, 100.64, 1.79316
_2988_, 135.52, 100.64, 1.79316
FILLER_0_32_273, 135.52, 100.64, 1.79316
FILLER_0_33_272, 135.52, 100.64, 1.79316
FILLER_0_33_286, 135.52, 100.64, 1.79316
_2745_, 148.853, 100.64, 1.79347
_3770_, 148.853, 100.64, 1.79347
FILLER_0_32_303, 148.853, 100.64, 1.79347
FILLER_0_32_309, 148.853, 100.64, 1.79347
FILLER_0_33_313, 148.853, 100.64, 1.79347
FILLER_0_33_321, 148.853, 100.64, 1.79347
FILLER_0_34_324, 148.853, 100.64, 1.79347
_2313_, 162.186, 100.64, 1.79382
_2447_, 162.186, 100.64, 1.79382
_3373_, 162.186, 100.64, 1.79382
_3764_, 162.186, 100.64, 1.79382
_3767_, 162.186, 100.64, 1.79382
hold415, 162.186, 100.64, 1.79382
FILLER_0_33_330, 162.186, 100.64, 1.79382
FILLER_0_33_343, 162.186, 100.64, 1.79382
FILLER_0_34_348, 162.186, 100.64, 1.79382
_3205_, 188.716, 100.64, 1.79419
_3367_, 188.716, 100.64, 1.79419
_3368_, 188.716, 100.64, 1.79419
_4409_, 188.716, 100.64, 1.79419
hold459, 188.716, 100.64, 1.79419
FILLER_0_34_411, 188.716, 100.64, 1.79419
_3639_, 201.912, 100.64, 1.79416
_3640_, 201.912, 100.64, 1.79416
_3845_, 201.912, 100.64, 1.79416
_4068_, 201.912, 100.64, 1.79416
_4493_, 201.912, 100.64, 1.79416
hold161, 201.912, 100.64, 1.79416
FILLER_0_32_421, 201.912, 100.64, 1.79416
FILLER_0_33_424, 201.912, 100.64, 1.79416
_3625_, 215.108, 100.64, 1.79414
_3655_, 215.108, 100.64, 1.79414
_3679_, 215.108, 100.64, 1.79414
_3680_, 215.108, 100.64, 1.79414
_3704_, 215.108, 100.64, 1.79414
_4684_, 215.108, 100.64, 1.79414
hold171, 215.108, 100.64, 1.79414
hold246, 215.108, 100.64, 1.79414
hold252, 215.108, 100.64, 1.79414
_3818_, 228.304, 100.64, 1.79414
_3819_, 228.304, 100.64, 1.79414
_4571_, 228.304, 100.64, 1.79414
hold138, 228.304, 100.64, 1.79414
hold198, 228.304, 100.64, 1.79414
FILLER_0_32_477, 228.304, 100.64, 1.79414
FILLER_0_33_470, 228.304, 100.64, 1.79414
FILLER_0_34_489, 228.304, 100.64, 1.79414
_3339_, 5.52, 95.2, 1.79378
PHY_60, 5.52, 95.2, 1.79378
PHY_62, 5.52, 95.2, 1.79378
FILLER_0_31_3, 5.52, 95.2, 1.79378
FILLER_0_32_3, 5.52, 95.2, 1.79378
_4046_, 241.5, 95.2, 1.79393
PHY_61, 241.5, 95.2, 1.79393
PHY_63, 241.5, 95.2, 1.79393
FILLER_0_31_505, 241.5, 95.2, 1.79393
_2365_, 28.853, 95.2, 1.79348
_3601_, 28.853, 95.2, 1.79348
_3602_, 28.853, 95.2, 1.79348
_4463_, 28.853, 95.2, 1.79348
FILLER_0_30_45, 28.853, 95.2, 1.79348
FILLER_0_31_37, 28.853, 95.2, 1.79348
FILLER_0_31_57, 28.853, 95.2, 1.79348
_2352_, 42.186, 95.2, 1.7932
_3032_, 42.186, 95.2, 1.7932
_3596_, 42.186, 95.2, 1.7932
_4306_, 42.186, 95.2, 1.7932
hold44, 42.186, 95.2, 1.7932
FILLER_0_30_79, 42.186, 95.2, 1.7932
FILLER_0_31_77, 42.186, 95.2, 1.7932
_2634_, 55.52, 95.2, 1.79297
_2652_, 55.52, 95.2, 1.79297
_4598_, 55.52, 95.2, 1.79297
hold360, 55.52, 95.2, 1.79297
hold361, 55.52, 95.2, 1.79297
hold388, 55.52, 95.2, 1.79297
_2586_, 68.853, 95.2, 1.79277
_3353_, 68.853, 95.2, 1.79277
_3880_, 68.853, 95.2, 1.79277
_4333_, 68.853, 95.2, 1.79277
hold6, 68.853, 95.2, 1.79277
FILLER_0_30_132, 68.853, 95.2, 1.79277
FILLER_0_32_141, 68.853, 95.2, 1.79277
_2243_, 82.186, 95.2, 1.79259
_2276_, 82.186, 95.2, 1.79259
_2418_, 82.186, 95.2, 1.79259
_2589_, 82.186, 95.2, 1.79259
FILLER_0_31_169, 82.186, 95.2, 1.79259
FILLER_0_32_180, 82.186, 95.2, 1.79259
_2275_, 95.52, 95.2, 1.79251
_2419_, 95.52, 95.2, 1.79251
_2442_, 95.52, 95.2, 1.79251
_2659_, 95.52, 95.2, 1.79251
_2674_, 95.52, 95.2, 1.79251
hold27, 95.52, 95.2, 1.79251
hold473, 95.52, 95.2, 1.79251
_2509_, 108.853, 95.2, 1.79254
_2689_, 108.853, 95.2, 1.79254
_3755_, 108.853, 95.2, 1.79254
_3756_, 108.853, 95.2, 1.79254
_4541_, 108.853, 95.2, 1.79254
FILLER_0_32_228, 108.853, 95.2, 1.79254
_2266_, 122.186, 95.2, 1.79268
_2960_, 122.186, 95.2, 1.79268
FILLER_0_30_249, 122.186, 95.2, 1.79268
_2477_, 135.52, 95.2, 1.79291
_2543_, 135.52, 95.2, 1.79291
_2957_, 135.52, 95.2, 1.79291
_2992_, 135.52, 95.2, 1.79291
_2994_, 135.52, 95.2, 1.79291
_3011_, 135.52, 95.2, 1.79291
FILLER_0_30_271, 135.52, 95.2, 1.79291
FILLER_0_31_275, 135.52, 95.2, 1.79291
_3001_, 148.853, 95.2, 1.79326
_3002_, 148.853, 95.2, 1.79326
_3765_, 148.853, 95.2, 1.79326
_4544_, 148.853, 95.2, 1.79326
FILLER_0_31_316, 148.853, 95.2, 1.79326
FILLER_0_32_324, 148.853, 95.2, 1.79326
_2471_, 162.186, 95.2, 1.79365
_2473_, 162.186, 95.2, 1.79365
_2530_, 162.186, 95.2, 1.79365
_4545_, 162.186, 95.2, 1.79365
hold421, 162.186, 95.2, 1.79365
FILLER_0_32_345, 162.186, 95.2, 1.79365
_3366_, 188.716, 95.2, 1.79403
_3532_, 188.716, 95.2, 1.79403
hold247, 188.716, 95.2, 1.79403
hold405, 188.716, 95.2, 1.79403
FILLER_0_30_397, 188.716, 95.2, 1.79403
FILLER_0_31_388, 188.716, 95.2, 1.79403
FILLER_0_31_405, 188.716, 95.2, 1.79403
FILLER_0_32_411, 188.716, 95.2, 1.79403
_3844_, 201.912, 95.2, 1.79398
_4485_, 201.912, 95.2, 1.79398
_4584_, 201.912, 95.2, 1.79398
_4696_, 201.912, 95.2, 1.79398
hold159, 201.912, 95.2, 1.79398
_4044_, 215.108, 95.2, 1.79394
_4045_, 215.108, 95.2, 1.79394
_4157_, 215.108, 95.2, 1.79394
_4582_, 215.108, 95.2, 1.79394
_4769_, 215.108, 95.2, 1.79394
FILLER_0_31_454, 215.108, 95.2, 1.79394
FILLER_0_32_467, 215.108, 95.2, 1.79394
_3840_, 228.304, 95.2, 1.79393
_4158_, 228.304, 95.2, 1.79393
_4507_, 228.304, 95.2, 1.79393
_4770_, 228.304, 95.2, 1.79393
hold202, 228.304, 95.2, 1.79393
hold241, 228.304, 95.2, 1.79393
FILLER_0_32_485, 228.304, 95.2, 1.79393
_4326_, 5.52, 89.76, 1.79363
PHY_56, 5.52, 89.76, 1.79363
PHY_58, 5.52, 89.76, 1.79363
output6, 5.52, 89.76, 1.79363
FILLER_0_29_9, 5.52, 89.76, 1.79363
PHY_57, 241.5, 89.76, 1.79375
PHY_59, 241.5, 89.76, 1.79375
FILLER_0_28_505, 241.5, 89.76, 1.79375
FILLER_0_29_505, 241.5, 89.76, 1.79375
_2356_, 28.853, 89.76, 1.79323
_2364_, 28.853, 89.76, 1.79323
_3271_, 28.853, 89.76, 1.79323
_4464_, 28.853, 89.76, 1.79323
FILLER_0_29_53, 28.853, 89.76, 1.79323
_2351_, 42.186, 89.76, 1.79286
_3298_, 42.186, 89.76, 1.79286
_3299_, 42.186, 89.76, 1.79286
_3593_, 42.186, 89.76, 1.79286
_4459_, 42.186, 89.76, 1.79286
hold19, 42.186, 89.76, 1.79286
hold31, 42.186, 89.76, 1.79286
_2345_, 55.52, 89.76, 1.79252
_2481_, 55.52, 89.76, 1.79252
_2569_, 55.52, 89.76, 1.79252
_2570_, 55.52, 89.76, 1.79252
_2650_, 55.52, 89.76, 1.79252
_2653_, 55.52, 89.76, 1.79252
_3872_, 55.52, 89.76, 1.79252
_3873_, 55.52, 89.76, 1.79252
FILLER_0_29_97, 55.52, 89.76, 1.79252
_2265_, 68.853, 89.76, 1.79227
_2420_, 68.853, 89.76, 1.79227
_2587_, 68.853, 89.76, 1.79227
_3026_, 68.853, 89.76, 1.79227
_3028_, 68.853, 89.76, 1.79227
FILLER_0_28_127, 68.853, 89.76, 1.79227
FILLER_0_28_135, 68.853, 89.76, 1.79227
FILLER_0_29_124, 68.853, 89.76, 1.79227
FILLER_0_29_132, 68.853, 89.76, 1.79227
FILLER_0_29_138, 68.853, 89.76, 1.79227
FILLER_0_30_141, 68.853, 89.76, 1.79227
_2230_, 82.186, 89.76, 1.79209
_2238_, 82.186, 89.76, 1.79209
_2274_, 82.186, 89.76, 1.79209
_2507_, 82.186, 89.76, 1.79209
_3351_, 82.186, 89.76, 1.79209
_4339_, 82.186, 89.76, 1.79209
_2660_, 95.52, 89.76, 1.79203
_3360_, 95.52, 89.76, 1.79203
_4341_, 95.52, 89.76, 1.79203
hold10, 95.52, 89.76, 1.79203
hold222, 95.52, 89.76, 1.79203
_2277_, 108.853, 89.76, 1.792
_2312_, 108.853, 89.76, 1.792
_2315_, 108.853, 89.76, 1.792
_2490_, 108.853, 89.76, 1.792
_2491_, 108.853, 89.76, 1.792
_2492_, 108.853, 89.76, 1.792
_2658_, 108.853, 89.76, 1.792
FILLER_0_28_220, 108.853, 89.76, 1.792
FILLER_0_29_219, 108.853, 89.76, 1.792
FILLER_0_29_225, 108.853, 89.76, 1.792
_2398_, 122.186, 89.76, 1.79211
_2412_, 122.186, 89.76, 1.79211
_2958_, 122.186, 89.76, 1.79211
_3010_, 122.186, 89.76, 1.79211
FILLER_0_28_245, 122.186, 89.76, 1.79211
FILLER_0_28_253, 122.186, 89.76, 1.79211
_2542_, 135.52, 89.76, 1.79236
_2692_, 135.52, 89.76, 1.79236
_2956_, 135.52, 89.76, 1.79236
_2993_, 135.52, 89.76, 1.79236
_3003_, 135.52, 89.76, 1.79236
_2539_, 148.853, 89.76, 1.79275
_2541_, 148.853, 89.76, 1.79275
_2691_, 148.853, 89.76, 1.79275
_2991_, 148.853, 89.76, 1.79275
_3000_, 148.853, 89.76, 1.79275
_2472_, 162.186, 89.76, 1.7933
_2518_, 162.186, 89.76, 1.7933
_2520_, 162.186, 89.76, 1.7933
_2528_, 162.186, 89.76, 1.7933
FILLER_0_29_343, 162.186, 89.76, 1.7933
FILLER_0_30_355, 162.186, 89.76, 1.7933
_3365_, 188.716, 89.76, 1.79381
_3821_, 188.716, 89.76, 1.79381
_4069_, 188.716, 89.76, 1.79381
_4111_, 188.716, 89.76, 1.79381
_4572_, 188.716, 89.76, 1.79381
clkbuf_leaf_31_clk, 188.716, 89.76, 1.79381
hold125, 188.716, 89.76, 1.79381
FILLER_0_30_406, 188.716, 89.76, 1.79381
_3820_, 201.912, 89.76, 1.79379
_4166_, 201.912, 89.76, 1.79379
_4167_, 201.912, 89.76, 1.79379
hold220, 201.912, 89.76, 1.79379
hold229, 201.912, 89.76, 1.79379
FILLER_0_28_417, 201.912, 89.76, 1.79379
FILLER_0_30_437, 201.912, 89.76, 1.79379
_3641_, 215.108, 89.76, 1.79377
_3642_, 215.108, 89.76, 1.79377
_3841_, 215.108, 89.76, 1.79377
_4156_, 215.108, 89.76, 1.79377
_4192_, 215.108, 89.76, 1.79377
_4193_, 215.108, 89.76, 1.79377
hold162, 215.108, 89.76, 1.79377
FILLER_0_29_442, 215.108, 89.76, 1.79377
FILLER_0_29_469, 215.108, 89.76, 1.79377
_3952_, 228.304, 89.76, 1.79375
_3953_, 228.304, 89.76, 1.79375
_4159_, 228.304, 89.76, 1.79375
_4638_, 228.304, 89.76, 1.79375
_4685_, 228.304, 89.76, 1.79375
hold266, 228.304, 89.76, 1.79375
hold325, 228.304, 89.76, 1.79375
FILLER_0_29_482, 228.304, 89.76, 1.79375
FILLER_0_30_488, 228.304, 89.76, 1.79375
PHY_52, 5.52, 84.32, 1.79356
PHY_54, 5.52, 84.32, 1.79356
FILLER_0_27_3, 5.52, 84.32, 1.79356
_3856_, 241.5, 84.32, 1.79353
PHY_53, 241.5, 84.32, 1.79353
PHY_55, 241.5, 84.32, 1.79353
FILLER_0_26_503, 241.5, 84.32, 1.79353
_3269_, 28.853, 84.32, 1.79314
_3270_, 28.853, 84.32, 1.79314
_3570_, 28.853, 84.32, 1.79314
_3603_, 28.853, 84.32, 1.79314
FILLER_0_27_57, 28.853, 84.32, 1.79314
FILLER_0_28_62, 28.853, 84.32, 1.79314
_2768_, 42.186, 84.32, 1.79276
_2769_, 42.186, 84.32, 1.79276
_2770_, 42.186, 84.32, 1.79276
_3595_, 42.186, 84.32, 1.79276
_3597_, 42.186, 84.32, 1.79276
_3598_, 42.186, 84.32, 1.79276
FILLER_0_26_72, 42.186, 84.32, 1.79276
FILLER_0_28_85, 42.186, 84.32, 1.79276
_2699_, 55.52, 84.32, 1.7924
_3287_, 55.52, 84.32, 1.7924
_3583_, 55.52, 84.32, 1.7924
_4300_, 55.52, 84.32, 1.7924
hold385, 55.52, 84.32, 1.7924
_2251_, 68.853, 84.32, 1.79212
_2565_, 68.853, 84.32, 1.79212
_4264_, 68.853, 84.32, 1.79212
clkbuf_leaf_4_clk, 68.853, 84.32, 1.79212
FILLER_0_26_129, 68.853, 84.32, 1.79212
FILLER_0_26_137, 68.853, 84.32, 1.79212
FILLER_0_27_131, 68.853, 84.32, 1.79212
_2235_, 82.186, 84.32, 1.7919
_2264_, 82.186, 84.32, 1.7919
_2294_, 82.186, 84.32, 1.7919
_2320_, 82.186, 84.32, 1.7919
_2440_, 82.186, 84.32, 1.7919
_2441_, 82.186, 84.32, 1.7919
_3359_, 82.186, 84.32, 1.7919
_2268_, 95.52, 84.32, 1.79183
_2382_, 95.52, 84.32, 1.79183
_2421_, 95.52, 84.32, 1.79183
_2445_, 95.52, 84.32, 1.79183
_4340_, 95.52, 84.32, 1.79183
_2252_, 108.853, 84.32, 1.79192
_2282_, 108.853, 84.32, 1.79192
_2396_, 108.853, 84.32, 1.79192
_2397_, 108.853, 84.32, 1.79192
_2494_, 108.853, 84.32, 1.79192
_3759_, 108.853, 84.32, 1.79192
_4543_, 108.853, 84.32, 1.79192
FILLER_0_27_225, 108.853, 84.32, 1.79192
_2413_, 122.186, 84.32, 1.79212
_2414_, 122.186, 84.32, 1.79212
_2499_, 122.186, 84.32, 1.79212
_3757_, 122.186, 84.32, 1.79212
_4542_, 122.186, 84.32, 1.79212
hold489, 122.186, 84.32, 1.79212
_2498_, 135.52, 84.32, 1.7924
_2508_, 135.52, 84.32, 1.7924
_2522_, 135.52, 84.32, 1.7924
_2685_, 135.52, 84.32, 1.7924
_2687_, 135.52, 84.32, 1.7924
hold471, 135.52, 84.32, 1.7924
FILLER_0_26_277, 135.52, 84.32, 1.7924
FILLER_0_27_289, 135.52, 84.32, 1.7924
_2516_, 148.853, 84.32, 1.79275
_2521_, 148.853, 84.32, 1.79275
_2523_, 148.853, 84.32, 1.79275
_2540_, 148.853, 84.32, 1.79275
FILLER_0_26_300, 148.853, 84.32, 1.79275
_2519_, 162.186, 84.32, 1.79322
_2525_, 162.186, 84.32, 1.79322
_2529_, 162.186, 84.32, 1.79322
_3527_, 162.186, 84.32, 1.79322
clkbuf_leaf_42_clk, 162.186, 84.32, 1.79322
FILLER_0_28_343, 162.186, 84.32, 1.79322
_3528_, 188.716, 84.32, 1.79369
_4774_, 188.716, 84.32, 1.79369
hold359, 188.716, 84.32, 1.79369
FILLER_0_26_397, 188.716, 84.32, 1.79369
FILLER_0_27_389, 188.716, 84.32, 1.79369
_3830_, 201.912, 84.32, 1.7936
_3831_, 201.912, 84.32, 1.7936
_4095_, 201.912, 84.32, 1.7936
_4110_, 201.912, 84.32, 1.7936
_4486_, 201.912, 84.32, 1.7936
_4709_, 201.912, 84.32, 1.7936
FILLER_0_27_441, 201.912, 84.32, 1.7936
FILLER_0_28_429, 201.912, 84.32, 1.7936
_4787_, 215.108, 84.32, 1.79353
clkbuf_leaf_34_clk, 215.108, 84.32, 1.79353
hold129, 215.108, 84.32, 1.79353
hold131, 215.108, 84.32, 1.79353
hold326, 215.108, 84.32, 1.79353
FILLER_0_26_444, 215.108, 84.32, 1.79353
_3857_, 228.304, 84.32, 1.79353
_4593_, 228.304, 84.32, 1.79353
hold217, 228.304, 84.32, 1.79353
hold288, 228.304, 84.32, 1.79353
_4288_, 5.52, 78.88, 1.79351
PHY_48, 5.52, 78.88, 1.79351
PHY_50, 5.52, 78.88, 1.79351
FILLER_0_26_3, 5.52, 78.88, 1.79351
PHY_49, 241.5, 78.88, 1.79364
PHY_51, 241.5, 78.88, 1.79364
FILLER_0_24_506, 241.5, 78.88, 1.79364
FILLER_0_25_500, 241.5, 78.88, 1.79364
FILLER_0_25_505, 241.5, 78.88, 1.79364
_2782_, 28.853, 78.88, 1.79314
_2783_, 28.853, 78.88, 1.79314
clkbuf_leaf_1_clk, 28.853, 78.88, 1.79314
hold36, 28.853, 78.88, 1.79314
hold96, 28.853, 78.88, 1.79314
FILLER_0_24_39, 28.853, 78.88, 1.79314
FILLER_0_25_47, 28.853, 78.88, 1.79314
_2697_, 42.186, 78.88, 1.79284
_3286_, 42.186, 78.88, 1.79284
_4457_, 42.186, 78.88, 1.79284
_4460_, 42.186, 78.88, 1.79284
hold13, 42.186, 78.88, 1.79284
hold42, 42.186, 78.88, 1.79284
_2293_, 55.52, 78.88, 1.79257
_2696_, 55.52, 78.88, 1.79257
_2698_, 55.52, 78.88, 1.79257
_3599_, 55.52, 78.88, 1.79257
_4319_, 55.52, 78.88, 1.79257
hold380, 55.52, 78.88, 1.79257
_2304_, 68.853, 78.88, 1.79235
_2802_, 68.853, 78.88, 1.79235
_3325_, 68.853, 78.88, 1.79235
_4265_, 68.853, 78.88, 1.79235
_4266_, 68.853, 78.88, 1.79235
FILLER_0_24_136, 68.853, 78.88, 1.79235
FILLER_0_25_134, 68.853, 78.88, 1.79235
_2262_, 82.186, 78.88, 1.7922
_2263_, 82.186, 78.88, 1.7922
_2267_, 82.186, 78.88, 1.7922
_2284_, 82.186, 78.88, 1.7922
_2319_, 82.186, 78.88, 1.7922
_2449_, 82.186, 78.88, 1.7922
_2228_, 95.52, 78.88, 1.79217
_2234_, 95.52, 78.88, 1.79217
_2271_, 95.52, 78.88, 1.79217
_2279_, 95.52, 78.88, 1.79217
_2299_, 95.52, 78.88, 1.79217
_2311_, 95.52, 78.88, 1.79217
_2354_, 95.52, 78.88, 1.79217
_2437_, 95.52, 78.88, 1.79217
_2489_, 95.52, 78.88, 1.79217
FILLER_0_25_209, 95.52, 78.88, 1.79217
_2244_, 108.853, 78.88, 1.79229
_2273_, 108.853, 78.88, 1.79229
_2488_, 108.853, 78.88, 1.79229
_2496_, 108.853, 78.88, 1.79229
_3760_, 108.853, 78.88, 1.79229
FILLER_0_26_230, 108.853, 78.88, 1.79229
FILLER_0_26_236, 108.853, 78.88, 1.79229
_2422_, 122.186, 78.88, 1.79251
_2803_, 122.186, 78.88, 1.79251
_3208_, 122.186, 78.88, 1.79251
_3427_, 122.186, 78.88, 1.79251
_3758_, 122.186, 78.88, 1.79251
FILLER_0_24_246, 122.186, 78.88, 1.79251
FILLER_0_25_243, 122.186, 78.88, 1.79251
FILLER_0_25_252, 122.186, 78.88, 1.79251
_2497_, 135.52, 78.88, 1.79277
_2526_, 135.52, 78.88, 1.79277
_2686_, 135.52, 78.88, 1.79277
FILLER_0_25_275, 135.52, 78.88, 1.79277
FILLER_0_25_288, 135.52, 78.88, 1.79277
_2280_, 148.853, 78.88, 1.79307
_2506_, 148.853, 78.88, 1.79307
_2537_, 148.853, 78.88, 1.79307
_2690_, 148.853, 78.88, 1.79307
FILLER_0_24_305, 148.853, 78.88, 1.79307
FILLER_0_26_324, 148.853, 78.88, 1.79307
_3526_, 162.186, 78.88, 1.79343
_4406_, 162.186, 78.88, 1.79343
FILLER_0_25_337, 162.186, 78.88, 1.79343
FILLER_0_26_354, 162.186, 78.88, 1.79343
_3529_, 188.716, 78.88, 1.79373
_4655_, 188.716, 78.88, 1.79373
_4717_, 188.716, 78.88, 1.79373
FILLER_0_25_388, 188.716, 78.88, 1.79373
FILLER_0_25_393, 188.716, 78.88, 1.79373
_3728_, 201.912, 78.88, 1.79368
_4094_, 201.912, 78.88, 1.79368
_4502_, 201.912, 78.88, 1.79368
_4577_, 201.912, 78.88, 1.79368
hold255, 201.912, 78.88, 1.79368
hold346, 201.912, 78.88, 1.79368
_3814_, 215.108, 78.88, 1.79365
_4037_, 215.108, 78.88, 1.79365
_4680_, 215.108, 78.88, 1.79365
_4784_, 215.108, 78.88, 1.79365
hold300, 215.108, 78.88, 1.79365
FILLER_0_24_448, 215.108, 78.88, 1.79365
FILLER_0_24_454, 215.108, 78.88, 1.79365
_3862_, 228.304, 78.88, 1.79364
_3863_, 228.304, 78.88, 1.79364
_4038_, 228.304, 78.88, 1.79364
_4590_, 228.304, 78.88, 1.79364
_4681_, 228.304, 78.88, 1.79364
hold183, 228.304, 78.88, 1.79364
PHY_44, 5.52, 73.44, 1.79348
PHY_46, 5.52, 73.44, 1.79348
PHY_45, 241.5, 73.44, 1.79361
PHY_47, 241.5, 73.44, 1.79361
FILLER_0_23_505, 241.5, 73.44, 1.79361
_2784_, 28.853, 73.44, 1.79311
_3600_, 28.853, 73.44, 1.79311
_4298_, 28.853, 73.44, 1.79311
_4444_, 28.853, 73.44, 1.79311
FILLER_0_23_53, 28.853, 73.44, 1.79311
FILLER_0_23_64, 28.853, 73.44, 1.79311
FILLER_0_24_51, 28.853, 73.44, 1.79311
_3594_, 42.186, 73.44, 1.79278
_4456_, 42.186, 73.44, 1.79278
_4458_, 42.186, 73.44, 1.79278
hold43, 42.186, 73.44, 1.79278
hold63, 42.186, 73.44, 1.79278
FILLER_0_22_69, 42.186, 73.44, 1.79278
_2285_, 55.52, 73.44, 1.79248
_2298_, 55.52, 73.44, 1.79248
_2724_, 55.52, 73.44, 1.79248
_2725_, 55.52, 73.44, 1.79248
_2758_, 55.52, 73.44, 1.79248
_2799_, 55.52, 73.44, 1.79248
_2800_, 55.52, 73.44, 1.79248
_3323_, 55.52, 73.44, 1.79248
hold387, 55.52, 73.44, 1.79248
_2227_, 68.853, 73.44, 1.79229
_2297_, 68.853, 73.44, 1.79229
_2300_, 68.853, 73.44, 1.79229
_2302_, 68.853, 73.44, 1.79229
_2439_, 68.853, 73.44, 1.79229
_3324_, 68.853, 73.44, 1.79229
_4267_, 68.853, 73.44, 1.79229
FILLER_0_22_125, 68.853, 73.44, 1.79229
_2229_, 82.186, 73.44, 1.79219
_2231_, 82.186, 73.44, 1.79219
_2233_, 82.186, 73.44, 1.79219
_2291_, 82.186, 73.44, 1.79219
max_cap20, 82.186, 73.44, 1.79219
_2246_, 95.52, 73.44, 1.79216
_2272_, 95.52, 73.44, 1.79216
_2286_, 95.52, 73.44, 1.79216
_2464_, 95.52, 73.44, 1.79216
clkbuf_leaf_44_clk, 95.52, 73.44, 1.79216
_2395_, 108.853, 73.44, 1.79229
_2416_, 108.853, 73.44, 1.79229
_3524_, 108.853, 73.44, 1.79229
_4410_, 108.853, 73.44, 1.79229
FILLER_0_23_221, 108.853, 73.44, 1.79229
_2401_, 122.186, 73.44, 1.79245
_3531_, 122.186, 73.44, 1.79245
_4246_, 122.186, 73.44, 1.79245
_4408_, 122.186, 73.44, 1.79245
hold354, 122.186, 73.44, 1.79245
hold449, 122.186, 73.44, 1.79245
_2462_, 135.52, 73.44, 1.79265
_2475_, 135.52, 73.44, 1.79265
_2538_, 135.52, 73.44, 1.79265
_2787_, 135.52, 73.44, 1.79265
_2793_, 135.52, 73.44, 1.79265
_3447_, 135.52, 73.44, 1.79265
FILLER_0_22_273, 135.52, 73.44, 1.79265
FILLER_0_24_296, 135.52, 73.44, 1.79265
_2495_, 148.853, 73.44, 1.79297
_2746_, 148.853, 73.44, 1.79297
_2773_, 148.853, 73.44, 1.79297
_4240_, 148.853, 73.44, 1.79297
hold345, 148.853, 73.44, 1.79297
FILLER_0_23_308, 148.853, 73.44, 1.79297
FILLER_0_24_317, 148.853, 73.44, 1.79297
_2470_, 162.186, 73.44, 1.79333
_2517_, 162.186, 73.44, 1.79333
_3195_, 162.186, 73.44, 1.79333
_3537_, 162.186, 73.44, 1.79333
_4411_, 162.186, 73.44, 1.79333
hold379, 162.186, 73.44, 1.79333
_3201_, 188.716, 73.44, 1.79367
_3971_, 188.716, 73.44, 1.79367
_3986_, 188.716, 73.44, 1.79367
_4529_, 188.716, 73.44, 1.79367
_4647_, 188.716, 73.44, 1.79367
hold232, 188.716, 73.44, 1.79367
hold306, 188.716, 73.44, 1.79367
FILLER_0_23_387, 188.716, 73.44, 1.79367
FILLER_0_24_401, 188.716, 73.44, 1.79367
_3673_, 201.912, 73.44, 1.79365
_3674_, 201.912, 73.44, 1.79365
_3727_, 201.912, 73.44, 1.79365
_3987_, 201.912, 73.44, 1.79365
hold177, 201.912, 73.44, 1.79365
hold213, 201.912, 73.44, 1.79365
FILLER_0_23_431, 201.912, 73.44, 1.79365
FILLER_0_23_439, 201.912, 73.44, 1.79365
FILLER_0_24_441, 201.912, 73.44, 1.79365
_3729_, 215.108, 73.44, 1.79362
_3815_, 215.108, 73.44, 1.79362
_4036_, 215.108, 73.44, 1.79362
_4107_, 215.108, 73.44, 1.79362
_4186_, 215.108, 73.44, 1.79362
_4187_, 215.108, 73.44, 1.79362
_4569_, 215.108, 73.44, 1.79362
_4722_, 215.108, 73.44, 1.79362
hold224, 215.108, 73.44, 1.79362
_3828_, 228.304, 73.44, 1.79361
_3829_, 228.304, 73.44, 1.79361
_4039_, 228.304, 73.44, 1.79361
_4576_, 228.304, 73.44, 1.79361
hold130, 228.304, 73.44, 1.79361
hold292, 228.304, 73.44, 1.79361
FILLER_0_23_471, 228.304, 73.44, 1.79361
FILLER_0_23_497, 228.304, 73.44, 1.79361
PHY_40, 5.52, 68, 1.79346
PHY_42, 5.52, 68, 1.79346
PHY_41, 241.5, 68, 1.79345
PHY_43, 241.5, 68, 1.79345
FILLER_0_20_501, 241.5, 68, 1.79345
FILLER_0_21_505, 241.5, 68, 1.79345
_3571_, 28.853, 68, 1.79318
_4299_, 28.853, 68, 1.79318
hold21, 28.853, 68, 1.79318
hold102, 28.853, 68, 1.79318
hold110, 28.853, 68, 1.79318
FILLER_0_22_55, 28.853, 68, 1.79318
_2759_, 42.186, 68, 1.79292
_3285_, 42.186, 68, 1.79292
_4318_, 42.186, 68, 1.79292
FILLER_0_20_77, 42.186, 68, 1.79292
FILLER_0_21_85, 42.186, 68, 1.79292
FILLER_0_22_85, 42.186, 68, 1.79292
_2567_, 55.52, 68, 1.79267
_2722_, 55.52, 68, 1.79267
_2723_, 55.52, 68, 1.79267
_3322_, 55.52, 68, 1.79267
hold506, 55.52, 68, 1.79267
FILLER_0_20_105, 55.52, 68, 1.79267
_2237_, 68.853, 68, 1.79244
_2255_, 68.853, 68, 1.79244
_2289_, 68.853, 68, 1.79244
_2290_, 68.853, 68, 1.79244
_2295_, 68.853, 68, 1.79244
_2801_, 68.853, 68, 1.79244
_3330_, 68.853, 68, 1.79244
hold394, 68.853, 68, 1.79244
_2232_, 82.186, 68, 1.7923
_2242_, 82.186, 68, 1.7923
_2353_, 82.186, 68, 1.7923
_2451_, 82.186, 68, 1.7923
clkbuf_2_0__f_clk, 82.186, 68, 1.7923
_2399_, 95.52, 68, 1.79237
_2403_, 95.52, 68, 1.79237
_2408_, 95.52, 68, 1.79237
_2741_, 95.52, 68, 1.79237
_2742_, 95.52, 68, 1.79237
_3540_, 95.52, 68, 1.79237
_3541_, 95.52, 68, 1.79237
_4405_, 95.52, 68, 1.79237
hold350, 95.52, 68, 1.79237
_2409_, 108.853, 68, 1.79251
_3197_, 108.853, 68, 1.79251
_3198_, 108.853, 68, 1.79251
_3207_, 108.853, 68, 1.79251
_3534_, 108.853, 68, 1.79251
_3535_, 108.853, 68, 1.79251
_4241_, 108.853, 68, 1.79251
hold339, 108.853, 68, 1.79251
hold340, 108.853, 68, 1.79251
FILLER_0_21_239, 108.853, 68, 1.79251
_3203_, 122.186, 68, 1.79268
_3530_, 122.186, 68, 1.79268
_3916_, 122.186, 68, 1.79268
_3917_, 122.186, 68, 1.79268
_4620_, 122.186, 68, 1.79268
hold363, 122.186, 68, 1.79268
FILLER_0_20_253, 122.186, 68, 1.79268
_2469_, 135.52, 68, 1.79285
_2536_, 135.52, 68, 1.79285
_2785_, 135.52, 68, 1.79285
_3894_, 135.52, 68, 1.79285
_3895_, 135.52, 68, 1.79285
_3903_, 135.52, 68, 1.79285
_4609_, 135.52, 68, 1.79285
FILLER_0_20_282, 135.52, 68, 1.79285
FILLER_0_21_269, 135.52, 68, 1.79285
_2726_, 148.853, 68, 1.79307
_2727_, 148.853, 68, 1.79307
_3213_, 148.853, 68, 1.79307
_4249_, 148.853, 68, 1.79307
_4404_, 148.853, 68, 1.79307
hold349, 148.853, 68, 1.79307
hold446, 148.853, 68, 1.79307
hold503, 148.853, 68, 1.79307
_2728_, 162.186, 68, 1.79336
_3196_, 162.186, 68, 1.79336
_3522_, 162.186, 68, 1.79336
_3523_, 162.186, 68, 1.79336
_3543_, 162.186, 68, 1.79336
_4250_, 162.186, 68, 1.79336
_4414_, 162.186, 68, 1.79336
hold467, 162.186, 68, 1.79336
_3690_, 188.716, 68, 1.79355
_3970_, 188.716, 68, 1.79355
_4031_, 188.716, 68, 1.79355
_4510_, 188.716, 68, 1.79355
_4587_, 188.716, 68, 1.79355
_4677_, 188.716, 68, 1.79355
hold245, 188.716, 68, 1.79355
_3611_, 201.912, 68, 1.79347
_3612_, 201.912, 68, 1.79347
_3730_, 201.912, 68, 1.79347
_3850_, 201.912, 68, 1.79347
_3851_, 201.912, 68, 1.79347
_4530_, 201.912, 68, 1.79347
clkbuf_leaf_35_clk, 201.912, 68, 1.79347
hold310, 201.912, 68, 1.79347
_4120_, 215.108, 68, 1.79345
_4121_, 215.108, 68, 1.79345
_4715_, 215.108, 68, 1.79345
hold180, 215.108, 68, 1.79345
_3966_, 228.304, 68, 1.79345
_3967_, 228.304, 68, 1.79345
_4645_, 228.304, 68, 1.79345
hold257, 228.304, 68, 1.79345
FILLER_0_20_472, 228.304, 68, 1.79345
PHY_36, 5.52, 62.56, 1.79343
PHY_38, 5.52, 62.56, 1.79343
PHY_37, 241.5, 62.56, 1.79349
PHY_39, 241.5, 62.56, 1.79349
FILLER_0_18_500, 241.5, 62.56, 1.79349
FILLER_0_19_505, 241.5, 62.56, 1.79349
_3282_, 28.853, 62.56, 1.79315
_3284_, 28.853, 62.56, 1.79315
_3574_, 28.853, 62.56, 1.79315
_4446_, 28.853, 62.56, 1.79315
_2296_, 42.186, 62.56, 1.7929
_2711_, 42.186, 62.56, 1.7929
hold51, 42.186, 62.56, 1.7929
FILLER_0_20_85, 42.186, 62.56, 1.7929
_2256_, 55.52, 62.56, 1.79267
_2556_, 55.52, 62.56, 1.79267
_2622_, 55.52, 62.56, 1.79267
_3878_, 55.52, 62.56, 1.79267
_4601_, 55.52, 62.56, 1.79267
FILLER_0_19_96, 55.52, 62.56, 1.79267
_2303_, 68.853, 62.56, 1.79254
_2623_, 68.853, 62.56, 1.79254
_3292_, 68.853, 62.56, 1.79254
_3331_, 68.853, 62.56, 1.79254
_4303_, 68.853, 62.56, 1.79254
_4322_, 68.853, 62.56, 1.79254
hold373, 68.853, 62.56, 1.79254
_2241_, 82.186, 62.56, 1.79244
_2423_, 82.186, 62.56, 1.79244
_2453_, 82.186, 62.56, 1.79244
_2555_, 82.186, 62.56, 1.79244
_2712_, 82.186, 62.56, 1.79244
_3877_, 82.186, 62.56, 1.79244
_2594_, 95.52, 62.56, 1.79241
_2626_, 95.52, 62.56, 1.79241
_2627_, 95.52, 62.56, 1.79241
_3876_, 95.52, 62.56, 1.79241
_3883_, 95.52, 62.56, 1.79241
_4413_, 95.52, 62.56, 1.79241
hold372, 95.52, 62.56, 1.79241
_2350_, 108.853, 62.56, 1.79245
_2455_, 108.853, 62.56, 1.79245
_2456_, 108.853, 62.56, 1.79245
_2762_, 108.853, 62.56, 1.79245
_3525_, 108.853, 62.56, 1.79245
hold423, 108.853, 62.56, 1.79245
FILLER_0_19_225, 108.853, 62.56, 1.79245
_2432_, 122.186, 62.56, 1.7926
_2505_, 122.186, 62.56, 1.7926
_3896_, 122.186, 62.56, 1.7926
_4244_, 122.186, 62.56, 1.7926
hold490, 122.186, 62.56, 1.7926
FILLER_0_20_265, 122.186, 62.56, 1.7926
_2468_, 135.52, 62.56, 1.79278
_3214_, 135.52, 62.56, 1.79278
_3332_, 135.52, 62.56, 1.79278
_3902_, 135.52, 62.56, 1.79278
_4613_, 135.52, 62.56, 1.79278
hold386, 135.52, 62.56, 1.79278
_2721_, 148.853, 62.56, 1.79297
_2771_, 148.853, 62.56, 1.79297
_2786_, 148.853, 62.56, 1.79297
hold389, 148.853, 62.56, 1.79297
hold409, 148.853, 62.56, 1.79297
FILLER_0_18_309, 148.853, 62.56, 1.79297
FILLER_0_19_300, 148.853, 62.56, 1.79297
_2772_, 162.186, 62.56, 1.79319
_3215_, 162.186, 62.56, 1.79319
_3216_, 162.186, 62.56, 1.79319
_3328_, 162.186, 62.56, 1.79319
_3329_, 162.186, 62.56, 1.79319
clkbuf_leaf_41_clk, 162.186, 62.56, 1.79319
clkbuf_2_1__f_clk, 162.186, 62.56, 1.79319
FILLER_0_19_346, 162.186, 62.56, 1.79319
_4030_, 188.716, 62.56, 1.79355
_4471_, 188.716, 62.56, 1.79355
_4495_, 188.716, 62.56, 1.79355
hold193, 188.716, 62.56, 1.79355
hold234, 188.716, 62.56, 1.79355
hold296, 188.716, 62.56, 1.79355
FILLER_0_19_389, 188.716, 62.56, 1.79355
FILLER_0_19_393, 188.716, 62.56, 1.79355
_4118_, 201.912, 62.56, 1.79352
_4661_, 201.912, 62.56, 1.79352
hold172, 201.912, 62.56, 1.79352
_3998_, 215.108, 62.56, 1.7935
_3999_, 215.108, 62.56, 1.7935
_4106_, 215.108, 62.56, 1.7935
_4791_, 215.108, 62.56, 1.7935
hold280, 215.108, 62.56, 1.7935
hold328, 215.108, 62.56, 1.7935
FILLER_0_18_444, 215.108, 62.56, 1.7935
FILLER_0_18_452, 215.108, 62.56, 1.7935
FILLER_0_19_449, 215.108, 62.56, 1.7935
_3671_, 228.304, 62.56, 1.79349
_4200_, 228.304, 62.56, 1.79349
_4501_, 228.304, 62.56, 1.79349
hold214, 228.304, 62.56, 1.79349
hold256, 228.304, 62.56, 1.79349
FILLER_0_19_472, 228.304, 62.56, 1.79349
FILLER_0_19_495, 228.304, 62.56, 1.79349
PHY_32, 5.52, 57.12, 1.79342
PHY_34, 5.52, 57.12, 1.79342
_4032_, 241.5, 57.12, 1.79354
_4092_, 241.5, 57.12, 1.79354
PHY_33, 241.5, 57.12, 1.79354
PHY_35, 241.5, 57.12, 1.79354
FILLER_0_17_500, 241.5, 57.12, 1.79354
FILLER_0_17_505, 241.5, 57.12, 1.79354
_2579_, 28.853, 57.12, 1.79319
_3587_, 28.853, 57.12, 1.79319
_4454_, 28.853, 57.12, 1.79319
clkbuf_leaf_0_clk, 28.853, 57.12, 1.79319
hold71, 28.853, 57.12, 1.79319
hold80, 28.853, 57.12, 1.79319
_2452_, 42.186, 57.12, 1.79303
_2501_, 42.186, 57.12, 1.79303
_2502_, 42.186, 57.12, 1.79303
hold12, 42.186, 57.12, 1.79303
FILLER_0_16_79, 42.186, 57.12, 1.79303
_2553_, 55.52, 57.12, 1.7929
_2554_, 55.52, 57.12, 1.7929
_2566_, 55.52, 57.12, 1.7929
_2568_, 55.52, 57.12, 1.7929
_2624_, 55.52, 57.12, 1.7929
FILLER_0_17_104, 55.52, 57.12, 1.7929
FILLER_0_17_113, 55.52, 57.12, 1.7929
_2710_, 68.853, 57.12, 1.79279
_2713_, 68.853, 57.12, 1.79279
_3293_, 68.853, 57.12, 1.79279
_3294_, 68.853, 57.12, 1.79279
_3879_, 68.853, 57.12, 1.79279
_4316_, 68.853, 57.12, 1.79279
FILLER_0_16_130, 68.853, 57.12, 1.79279
FILLER_0_16_137, 68.853, 57.12, 1.79279
FILLER_0_17_145, 68.853, 57.12, 1.79279
_2583_, 82.186, 57.12, 1.79274
_3318_, 82.186, 57.12, 1.79274
_4600_, 82.186, 57.12, 1.79274
hold364, 82.186, 57.12, 1.79274
_2400_, 95.52, 57.12, 1.79273
_3297_, 95.52, 57.12, 1.79273
_4603_, 95.52, 57.12, 1.79273
clkbuf_leaf_45_clk, 95.52, 57.12, 1.79273
hold437, 95.52, 57.12, 1.79273
FILLER_0_16_182, 95.52, 57.12, 1.79273
FILLER_0_17_193, 95.52, 57.12, 1.79273
_2761_, 108.853, 57.12, 1.79279
_3204_, 108.853, 57.12, 1.79279
_3326_, 108.853, 57.12, 1.79279
_3912_, 108.853, 57.12, 1.79279
_4320_, 108.853, 57.12, 1.79279
_4618_, 108.853, 57.12, 1.79279
hold398, 108.853, 57.12, 1.79279
_2504_, 122.186, 57.12, 1.79288
_3897_, 122.186, 57.12, 1.79288
_4323_, 122.186, 57.12, 1.79288
_4606_, 122.186, 57.12, 1.79288
_4610_, 122.186, 57.12, 1.79288
hold336, 122.186, 57.12, 1.79288
FILLER_0_17_241, 122.186, 57.12, 1.79288
FILLER_0_17_267, 122.186, 57.12, 1.79288
_2287_, 135.52, 57.12, 1.79299
_2454_, 135.52, 57.12, 1.79299
_2458_, 135.52, 57.12, 1.79299
_3312_, 135.52, 57.12, 1.79299
_3333_, 135.52, 57.12, 1.79299
hold393, 135.52, 57.12, 1.79299
hold427, 135.52, 57.12, 1.79299
FILLER_0_16_277, 135.52, 57.12, 1.79299
FILLER_0_17_275, 135.52, 57.12, 1.79299
_2457_, 148.853, 57.12, 1.79318
_3918_, 148.853, 57.12, 1.79318
_4321_, 148.853, 57.12, 1.79318
_4616_, 148.853, 57.12, 1.79318
hold397, 148.853, 57.12, 1.79318
_3908_, 162.186, 57.12, 1.79339
_3909_, 162.186, 57.12, 1.79339
_3915_, 162.186, 57.12, 1.79339
_4640_, 162.186, 57.12, 1.79339
FILLER_0_17_343, 162.186, 57.12, 1.79339
FILLER_0_18_348, 162.186, 57.12, 1.79339
_3659_, 188.716, 57.12, 1.79357
_3660_, 188.716, 57.12, 1.79357
_3734_, 188.716, 57.12, 1.79357
_3810_, 188.716, 57.12, 1.79357
_4215_, 188.716, 57.12, 1.79357
_4651_, 188.716, 57.12, 1.79357
_4721_, 188.716, 57.12, 1.79357
_4788_, 188.716, 57.12, 1.79357
hold228, 188.716, 57.12, 1.79357
_3718_, 201.912, 57.12, 1.79355
_3978_, 201.912, 57.12, 1.79355
_3979_, 201.912, 57.12, 1.79355
_4119_, 201.912, 57.12, 1.79355
_4195_, 201.912, 57.12, 1.79355
_4516_, 201.912, 57.12, 1.79355
hold173, 201.912, 57.12, 1.79355
hold194, 201.912, 57.12, 1.79355
_3717_, 215.108, 57.12, 1.79354
_4201_, 215.108, 57.12, 1.79354
_4646_, 215.108, 57.12, 1.79354
hold163, 215.108, 57.12, 1.79354
FILLER_0_16_451, 215.108, 57.12, 1.79354
FILLER_0_17_457, 215.108, 57.12, 1.79354
_3672_, 228.304, 57.12, 1.79354
_3968_, 228.304, 57.12, 1.79354
_3969_, 228.304, 57.12, 1.79354
hold152, 228.304, 57.12, 1.79354
PHY_28, 5.52, 51.68, 1.79342
PHY_30, 5.52, 51.68, 1.79342
_4033_, 241.5, 51.68, 1.79346
PHY_29, 241.5, 51.68, 1.79346
PHY_31, 241.5, 51.68, 1.79346
_4451_, 28.853, 51.68, 1.79324
hold45, 28.853, 51.68, 1.79324
hold53, 28.853, 51.68, 1.79324
FILLER_0_15_52, 28.853, 51.68, 1.79324
FILLER_0_15_57, 28.853, 51.68, 1.79324
_2580_, 42.186, 51.68, 1.79309
_3582_, 42.186, 51.68, 1.79309
_3590_, 42.186, 51.68, 1.79309
hold22, 42.186, 51.68, 1.79309
hold28, 42.186, 51.68, 1.79309
FILLER_0_15_77, 42.186, 51.68, 1.79309
_2344_, 55.52, 51.68, 1.79294
_2402_, 55.52, 51.68, 1.79294
_2480_, 55.52, 51.68, 1.79294
_2581_, 55.52, 51.68, 1.79294
_2736_, 55.52, 51.68, 1.79294
_3295_, 55.52, 51.68, 1.79294
FILLER_0_14_96, 55.52, 51.68, 1.79294
FILLER_0_14_104, 55.52, 51.68, 1.79294
FILLER_0_15_108, 55.52, 51.68, 1.79294
FILLER_0_15_119, 55.52, 51.68, 1.79294
_2427_, 68.853, 51.68, 1.79284
_2632_, 68.853, 51.68, 1.79284
_2633_, 68.853, 51.68, 1.79284
_4304_, 68.853, 51.68, 1.79284
hold504, 68.853, 51.68, 1.79284
_2465_, 82.186, 51.68, 1.79283
_2577_, 82.186, 51.68, 1.79283
_3319_, 82.186, 51.68, 1.79283
_4301_, 82.186, 51.68, 1.79283
_2582_, 95.52, 51.68, 1.79284
_2625_, 95.52, 51.68, 1.79284
_3296_, 95.52, 51.68, 1.79284
_4305_, 95.52, 51.68, 1.79284
_2677_, 108.853, 51.68, 1.79289
_2760_, 108.853, 51.68, 1.79289
_3303_, 108.853, 51.68, 1.79289
_3327_, 108.853, 51.68, 1.79289
_4308_, 108.853, 51.68, 1.79289
hold370, 108.853, 51.68, 1.79289
FILLER_0_15_236, 108.853, 51.68, 1.79289
_2503_, 122.186, 51.68, 1.79298
_3302_, 122.186, 51.68, 1.79298
_3888_, 122.186, 51.68, 1.79298
_3889_, 122.186, 51.68, 1.79298
hold371, 122.186, 51.68, 1.79298
FILLER_0_14_246, 122.186, 51.68, 1.79298
FILLER_0_14_253, 122.186, 51.68, 1.79298
_3919_, 135.52, 51.68, 1.79308
_4621_, 135.52, 51.68, 1.79308
clkbuf_leaf_40_clk, 135.52, 51.68, 1.79308
FILLER_0_15_276, 135.52, 51.68, 1.79308
_3898_, 148.853, 51.68, 1.79323
_3914_, 148.853, 51.68, 1.79323
_4611_, 148.853, 51.68, 1.79323
_4619_, 148.853, 51.68, 1.79323
hold412, 148.853, 51.68, 1.79323
hold444, 148.853, 51.68, 1.79323
_3957_, 162.186, 51.68, 1.7934
_4165_, 162.186, 51.68, 1.7934
_4213_, 162.186, 51.68, 1.7934
_4773_, 162.186, 51.68, 1.7934
hold199, 162.186, 51.68, 1.7934
FILLER_0_14_331, 162.186, 51.68, 1.7934
FILLER_0_15_328, 162.186, 51.68, 1.7934
FILLER_0_15_337, 162.186, 51.68, 1.7934
FILLER_0_16_343, 162.186, 51.68, 1.7934
_3733_, 188.716, 51.68, 1.79353
_4194_, 188.716, 51.68, 1.79353
_4798_, 188.716, 51.68, 1.79353
hold149, 188.716, 51.68, 1.79353
hold150, 188.716, 51.68, 1.79353
hold331, 188.716, 51.68, 1.79353
FILLER_0_15_412, 188.716, 51.68, 1.79353
_3701_, 201.912, 51.68, 1.79349
_3702_, 201.912, 51.68, 1.79349
_3938_, 201.912, 51.68, 1.79349
_3939_, 201.912, 51.68, 1.79349
_4524_, 201.912, 51.68, 1.79349
_4631_, 201.912, 51.68, 1.79349
hold290, 201.912, 51.68, 1.79349
FILLER_0_15_420, 201.912, 51.68, 1.79349
FILLER_0_15_426, 201.912, 51.68, 1.79349
_3864_, 215.108, 51.68, 1.79347
_4123_, 215.108, 51.68, 1.79347
_4589_, 215.108, 51.68, 1.79347
_4723_, 215.108, 51.68, 1.79347
hold182, 215.108, 51.68, 1.79347
hold299, 215.108, 51.68, 1.79347
FILLER_0_15_445, 215.108, 51.68, 1.79347
_4122_, 228.304, 51.68, 1.79346
_4162_, 228.304, 51.68, 1.79346
_4678_, 228.304, 51.68, 1.79346
hold122, 228.304, 51.68, 1.79346
hold154, 228.304, 51.68, 1.79346
hold179, 228.304, 51.68, 1.79346
FILLER_0_16_485, 228.304, 51.68, 1.79346
PHY_24, 5.52, 46.24, 1.79334
PHY_26, 5.52, 46.24, 1.79334
_4010_, 241.5, 46.24, 1.79333
_4093_, 241.5, 46.24, 1.79333
PHY_25, 241.5, 46.24, 1.79333
PHY_27, 241.5, 46.24, 1.79333
FILLER_0_12_507, 241.5, 46.24, 1.79333
_3591_, 28.853, 46.24, 1.79305
_4447_, 28.853, 46.24, 1.79305
_4455_, 28.853, 46.24, 1.79305
clkbuf_leaf_50_clk, 28.853, 46.24, 1.79305
hold57, 28.853, 46.24, 1.79305
FILLER_0_13_52, 28.853, 46.24, 1.79305
FILLER_0_14_52, 28.853, 46.24, 1.79305
_2482_, 42.186, 46.24, 1.79283
_2595_, 42.186, 46.24, 1.79283
_2630_, 42.186, 46.24, 1.79283
_3581_, 42.186, 46.24, 1.79283
_3584_, 42.186, 46.24, 1.79283
FILLER_0_14_80, 42.186, 46.24, 1.79283
_2463_, 55.52, 46.24, 1.79262
_2483_, 55.52, 46.24, 1.79262
_2578_, 55.52, 46.24, 1.79262
_2651_, 55.52, 46.24, 1.79262
_2663_, 55.52, 46.24, 1.79262
_2737_, 55.52, 46.24, 1.79262
FILLER_0_13_104, 55.52, 46.24, 1.79262
FILLER_0_13_113, 55.52, 46.24, 1.79262
_2534_, 68.853, 46.24, 1.79246
_2596_, 68.853, 46.24, 1.79246
_2597_, 68.853, 46.24, 1.79246
_2598_, 68.853, 46.24, 1.79246
_2631_, 68.853, 46.24, 1.79246
clkbuf_leaf_48_clk, 68.853, 46.24, 1.79246
_2430_, 82.186, 46.24, 1.7924
_2512_, 82.186, 46.24, 1.7924
_2533_, 82.186, 46.24, 1.7924
_3289_, 82.186, 46.24, 1.7924
_3875_, 82.186, 46.24, 1.7924
_4599_, 82.186, 46.24, 1.7924
hold353, 82.186, 46.24, 1.7924
_2486_, 95.52, 46.24, 1.79236
_2738_, 95.52, 46.24, 1.79236
_2739_, 95.52, 46.24, 1.79236
_2740_, 95.52, 46.24, 1.79236
_3874_, 95.52, 46.24, 1.79236
_3882_, 95.52, 46.24, 1.79236
_3913_, 95.52, 46.24, 1.79236
hold368, 95.52, 46.24, 1.79236
FILLER_0_13_183, 95.52, 46.24, 1.79236
_2355_, 108.853, 46.24, 1.79241
_2515_, 108.853, 46.24, 1.79241
_2524_, 108.853, 46.24, 1.79241
_2667_, 108.853, 46.24, 1.79241
hold384, 108.853, 46.24, 1.79241
FILLER_0_13_220, 108.853, 46.24, 1.79241
FILLER_0_13_225, 108.853, 46.24, 1.79241
_2410_, 122.186, 46.24, 1.79255
_2431_, 122.186, 46.24, 1.79255
_2467_, 122.186, 46.24, 1.79255
_3310_, 122.186, 46.24, 1.79255
_3311_, 122.186, 46.24, 1.79255
_3317_, 122.186, 46.24, 1.79255
_3892_, 122.186, 46.24, 1.79255
hold400, 122.186, 46.24, 1.79255
_2535_, 135.52, 46.24, 1.79274
_3313_, 135.52, 46.24, 1.79274
_4311_, 135.52, 46.24, 1.79274
_4313_, 135.52, 46.24, 1.79274
hold509, 135.52, 46.24, 1.79274
_3706_, 148.853, 46.24, 1.79298
_3899_, 148.853, 46.24, 1.79298
_4098_, 148.853, 46.24, 1.79298
_4099_, 148.853, 46.24, 1.79298
_4711_, 148.853, 46.24, 1.79298
_4797_, 148.853, 46.24, 1.79298
hold181, 148.853, 46.24, 1.79298
FILLER_0_12_302, 148.853, 46.24, 1.79298
FILLER_0_13_300, 148.853, 46.24, 1.79298
FILLER_0_13_315, 148.853, 46.24, 1.79298
_3707_, 162.186, 46.24, 1.79323
_3708_, 162.186, 46.24, 1.79323
_3847_, 162.186, 46.24, 1.79323
_4212_, 162.186, 46.24, 1.79323
_4585_, 162.186, 46.24, 1.79323
hold293, 162.186, 46.24, 1.79323
_4155_, 188.716, 46.24, 1.79342
_4214_, 188.716, 46.24, 1.79342
_4531_, 188.716, 46.24, 1.79342
_4570_, 188.716, 46.24, 1.79342
hold225, 188.716, 46.24, 1.79342
hold286, 188.716, 46.24, 1.79342
_4057_, 201.912, 46.24, 1.79338
_4594_, 201.912, 46.24, 1.79338
_4690_, 201.912, 46.24, 1.79338
_4768_, 201.912, 46.24, 1.79338
hold285, 201.912, 46.24, 1.79338
_3627_, 215.108, 46.24, 1.79335
_3653_, 215.108, 46.24, 1.79335
_3854_, 215.108, 46.24, 1.79335
_3855_, 215.108, 46.24, 1.79335
_3865_, 215.108, 46.24, 1.79335
_4154_, 215.108, 46.24, 1.79335
_4163_, 215.108, 46.24, 1.79335
_4772_, 215.108, 46.24, 1.79335
FILLER_0_12_445, 215.108, 46.24, 1.79335
FILLER_0_13_456, 215.108, 46.24, 1.79335
_4011_, 228.304, 46.24, 1.79333
_4667_, 228.304, 46.24, 1.79333
_4708_, 228.304, 46.24, 1.79333
hold221, 228.304, 46.24, 1.79333
FILLER_0_13_475, 228.304, 46.24, 1.79333
FILLER_0_13_488, 228.304, 46.24, 1.79333
FILLER_0_14_485, 228.304, 46.24, 1.79333
PHY_20, 5.52, 40.8, 1.7934
PHY_22, 5.52, 40.8, 1.7934
_4084_, 241.5, 40.8, 1.79318
_4085_, 241.5, 40.8, 1.79318
PHY_21, 241.5, 40.8, 1.79318
PHY_23, 241.5, 40.8, 1.79318
hold261, 241.5, 40.8, 1.79318
_3585_, 28.853, 40.8, 1.79325
_4453_, 28.853, 40.8, 1.79325
hold78, 28.853, 40.8, 1.79325
FILLER_0_10_41, 28.853, 40.8, 1.79325
FILLER_0_11_52, 28.853, 40.8, 1.79325
FILLER_0_11_65, 28.853, 40.8, 1.79325
FILLER_0_12_59, 28.853, 40.8, 1.79325
_2428_, 42.186, 40.8, 1.79312
_2531_, 42.186, 40.8, 1.79312
_3588_, 42.186, 40.8, 1.79312
_3589_, 42.186, 40.8, 1.79312
hold11, 42.186, 40.8, 1.79312
hold49, 42.186, 40.8, 1.79312
hold103, 42.186, 40.8, 1.79312
_2404_, 55.52, 40.8, 1.79301
_2479_, 55.52, 40.8, 1.79301
_2664_, 55.52, 40.8, 1.79301
_3245_, 55.52, 40.8, 1.79301
_3247_, 55.52, 40.8, 1.79301
FILLER_0_11_120, 55.52, 40.8, 1.79301
FILLER_0_12_121, 55.52, 40.8, 1.79301
_2466_, 68.853, 40.8, 1.79294
_2735_, 68.853, 40.8, 1.79294
_3266_, 68.853, 40.8, 1.79294
hold35, 68.853, 40.8, 1.79294
FILLER_0_12_141, 68.853, 40.8, 1.79294
_2292_, 82.186, 40.8, 1.79289
_2405_, 82.186, 40.8, 1.79289
_2406_, 82.186, 40.8, 1.79289
_2429_, 82.186, 40.8, 1.79289
_2511_, 82.186, 40.8, 1.79289
_3288_, 82.186, 40.8, 1.79289
_3321_, 82.186, 40.8, 1.79289
hold56, 82.186, 40.8, 1.79289
FILLER_0_10_163, 82.186, 40.8, 1.79289
FILLER_0_11_160, 82.186, 40.8, 1.79289
_3300_, 95.52, 40.8, 1.79288
_3301_, 95.52, 40.8, 1.79288
_3320_, 95.52, 40.8, 1.79288
_4307_, 95.52, 40.8, 1.79288
_4317_, 95.52, 40.8, 1.79288
hold392, 95.52, 40.8, 1.79288
FILLER_0_10_186, 95.52, 40.8, 1.79288
FILLER_0_10_193, 95.52, 40.8, 1.79288
_2407_, 108.853, 40.8, 1.79289
_2411_, 108.853, 40.8, 1.79289
_2484_, 108.853, 40.8, 1.79289
_2485_, 108.853, 40.8, 1.79289
_2514_, 108.853, 40.8, 1.79289
_2666_, 108.853, 40.8, 1.79289
hold408, 108.853, 40.8, 1.79289
_4315_, 122.186, 40.8, 1.79295
clkbuf_leaf_46_clk, 122.186, 40.8, 1.79295
hold505, 122.186, 40.8, 1.79295
FILLER_0_10_253, 122.186, 40.8, 1.79295
FILLER_0_11_260, 122.186, 40.8, 1.79295
_3308_, 135.52, 40.8, 1.79307
_3309_, 135.52, 40.8, 1.79307
_3316_, 135.52, 40.8, 1.79307
_4518_, 135.52, 40.8, 1.79307
hold448, 135.52, 40.8, 1.79307
FILLER_0_11_290, 135.52, 40.8, 1.79307
_3705_, 148.853, 40.8, 1.7932
_4519_, 148.853, 40.8, 1.7932
hold124, 148.853, 40.8, 1.7932
FILLER_0_10_300, 148.853, 40.8, 1.7932
FILLER_0_10_309, 148.853, 40.8, 1.7932
_4072_, 162.186, 40.8, 1.79335
_4073_, 162.186, 40.8, 1.79335
_4698_, 162.186, 40.8, 1.79335
hold297, 162.186, 40.8, 1.79335
FILLER_0_11_353, 162.186, 40.8, 1.79335
FILLER_0_12_354, 162.186, 40.8, 1.79335
_3732_, 188.716, 40.8, 1.79335
_3817_, 188.716, 40.8, 1.79335
_4126_, 188.716, 40.8, 1.79335
_4127_, 188.716, 40.8, 1.79335
_4211_, 188.716, 40.8, 1.79335
clkbuf_leaf_37_clk, 188.716, 40.8, 1.79335
hold227, 188.716, 40.8, 1.79335
hold323, 188.716, 40.8, 1.79335
FILLER_0_12_412, 188.716, 40.8, 1.79335
_3699_, 201.912, 40.8, 1.79326
_3700_, 201.912, 40.8, 1.79326
_3965_, 201.912, 40.8, 1.79326
_4056_, 201.912, 40.8, 1.79326
_4644_, 201.912, 40.8, 1.79326
hold271, 201.912, 40.8, 1.79326
hold315, 201.912, 40.8, 1.79326
_3628_, 215.108, 40.8, 1.79319
_4479_, 215.108, 40.8, 1.79319
_4492_, 215.108, 40.8, 1.79319
clkbuf_leaf_36_clk, 215.108, 40.8, 1.79319
hold215, 215.108, 40.8, 1.79319
FILLER_0_11_442, 215.108, 40.8, 1.79319
FILLER_0_12_467, 215.108, 40.8, 1.79319
_4704_, 228.304, 40.8, 1.79318
hold184, 228.304, 40.8, 1.79318
PHY_16, 5.52, 35.36, 1.7934
PHY_18, 5.52, 35.36, 1.7934
PHY_17, 241.5, 35.36, 1.79345
PHY_19, 241.5, 35.36, 1.79345
FILLER_0_8_500, 241.5, 35.36, 1.79345
FILLER_0_9_505, 241.5, 35.36, 1.79345
_3579_, 28.853, 35.36, 1.79327
_4448_, 28.853, 35.36, 1.79327
_4450_, 28.853, 35.36, 1.79327
hold60, 28.853, 35.36, 1.79327
FILLER_0_9_51, 28.853, 35.36, 1.79327
_2510_, 42.186, 35.36, 1.79317
_3255_, 42.186, 35.36, 1.79317
_4449_, 42.186, 35.36, 1.79317
hold73, 42.186, 35.36, 1.79317
FILLER_0_8_79, 42.186, 35.36, 1.79317
_4269_, 55.52, 35.36, 1.7931
_4272_, 55.52, 35.36, 1.7931
hold14, 55.52, 35.36, 1.7931
FILLER_0_9_121, 55.52, 35.36, 1.7931
_3250_, 68.853, 35.36, 1.79305
_4283_, 68.853, 35.36, 1.79305
_4285_, 68.853, 35.36, 1.79305
hold94, 68.853, 35.36, 1.79305
_3258_, 82.186, 35.36, 1.79303
_4278_, 82.186, 35.36, 1.79303
_4280_, 82.186, 35.36, 1.79303
hold33, 82.186, 35.36, 1.79303
hold40, 82.186, 35.36, 1.79303
_2665_, 95.52, 35.36, 1.79304
_3263_, 95.52, 35.36, 1.79304
_3906_, 95.52, 35.36, 1.79304
_3907_, 95.52, 35.36, 1.79304
_4309_, 95.52, 35.36, 1.79304
_4615_, 95.52, 35.36, 1.79304
hold422, 95.52, 35.36, 1.79304
_2513_, 108.853, 35.36, 1.79308
_3304_, 108.853, 35.36, 1.79308
_3305_, 108.853, 35.36, 1.79308
_4310_, 108.853, 35.36, 1.79308
_4314_, 108.853, 35.36, 1.79308
_4612_, 108.853, 35.36, 1.79308
hold439, 108.853, 35.36, 1.79308
_3307_, 122.186, 35.36, 1.79315
_3900_, 122.186, 35.36, 1.79315
_3901_, 122.186, 35.36, 1.79315
_4312_, 122.186, 35.36, 1.79315
_4608_, 122.186, 35.36, 1.79315
hold399, 122.186, 35.36, 1.79315
hold457, 122.186, 35.36, 1.79315
FILLER_0_8_253, 122.186, 35.36, 1.79315
_4108_, 135.52, 35.36, 1.79324
_4109_, 135.52, 35.36, 1.79324
hold169, 135.52, 35.36, 1.79324
FILLER_0_9_273, 135.52, 35.36, 1.79324
FILLER_0_9_296, 135.52, 35.36, 1.79324
_3629_, 148.853, 35.36, 1.79332
_3833_, 148.853, 35.36, 1.79332
_4064_, 148.853, 35.36, 1.79332
_4694_, 148.853, 35.36, 1.79332
hold116, 148.853, 35.36, 1.79332
hold132, 148.853, 35.36, 1.79332
FILLER_0_8_304, 148.853, 35.36, 1.79332
FILLER_0_10_326, 148.853, 35.36, 1.79332
_4007_, 162.186, 35.36, 1.79342
_4665_, 162.186, 35.36, 1.79342
_4670_, 162.186, 35.36, 1.79342
_4695_, 162.186, 35.36, 1.79342
hold275, 162.186, 35.36, 1.79342
FILLER_0_8_332, 162.186, 35.36, 1.79342
_3658_, 188.716, 35.36, 1.79349
_3731_, 188.716, 35.36, 1.79349
_3816_, 188.716, 35.36, 1.79349
_4210_, 188.716, 35.36, 1.79349
_4494_, 188.716, 35.36, 1.79349
_4515_, 188.716, 35.36, 1.79349
hold143, 188.716, 35.36, 1.79349
_3654_, 201.912, 35.36, 1.79347
_3698_, 201.912, 35.36, 1.79347
_3964_, 201.912, 35.36, 1.79347
_4514_, 201.912, 35.36, 1.79347
hold311, 201.912, 35.36, 1.79347
FILLER_0_8_413, 201.912, 35.36, 1.79347
FILLER_0_9_430, 201.912, 35.36, 1.79347
FILLER_0_9_441, 201.912, 35.36, 1.79347
FILLER_0_10_437, 201.912, 35.36, 1.79347
_3823_, 215.108, 35.36, 1.79345
_4086_, 215.108, 35.36, 1.79345
_4087_, 215.108, 35.36, 1.79345
_4573_, 215.108, 35.36, 1.79345
_4705_, 215.108, 35.36, 1.79345
hold121, 215.108, 35.36, 1.79345
hold317, 215.108, 35.36, 1.79345
FILLER_0_8_445, 215.108, 35.36, 1.79345
_3822_, 228.304, 35.36, 1.79345
_4048_, 228.304, 35.36, 1.79345
hold178, 228.304, 35.36, 1.79345
FILLER_0_9_498, 228.304, 35.36, 1.79345
FILLER_0_10_489, 228.304, 35.36, 1.79345
PHY_12, 5.52, 29.92, 1.79337
PHY_14, 5.52, 29.92, 1.79337
_3980_, 241.5, 29.92, 1.79337
PHY_13, 241.5, 29.92, 1.79337
PHY_15, 241.5, 29.92, 1.79337
FILLER_0_6_505, 241.5, 29.92, 1.79337
FILLER_0_7_505, 241.5, 29.92, 1.79337
_3586_, 28.853, 29.92, 1.79319
_4452_, 28.853, 29.92, 1.79319
_4656_, 28.853, 29.92, 1.79319
FILLER_0_7_51, 28.853, 29.92, 1.79319
FILLER_0_8_53, 28.853, 29.92, 1.79319
_3580_, 42.186, 29.92, 1.79303
_3989_, 42.186, 29.92, 1.79303
_4277_, 42.186, 29.92, 1.79303
clkbuf_leaf_49_clk, 42.186, 29.92, 1.79303
FILLER_0_6_73, 42.186, 29.92, 1.79303
FILLER_0_7_81, 42.186, 29.92, 1.79303
_3243_, 55.52, 29.92, 1.79295
_3244_, 55.52, 29.92, 1.79295
_3248_, 55.52, 29.92, 1.79295
_4270_, 55.52, 29.92, 1.79295
hold87, 55.52, 29.92, 1.79295
hold93, 55.52, 29.92, 1.79295
_2552_, 68.853, 29.92, 1.79291
_3256_, 68.853, 29.92, 1.79291
_3257_, 68.853, 29.92, 1.79291
_3261_, 68.853, 29.92, 1.79291
_3264_, 68.853, 29.92, 1.79291
_3265_, 68.853, 29.92, 1.79291
_3267_, 68.853, 29.92, 1.79291
_3268_, 68.853, 29.92, 1.79291
hold48, 68.853, 29.92, 1.79291
FILLER_0_6_130, 68.853, 29.92, 1.79291
FILLER_0_7_124, 68.853, 29.92, 1.79291
_2532_, 82.186, 29.92, 1.79292
_3259_, 82.186, 29.92, 1.79292
_4281_, 82.186, 29.92, 1.79292
_4282_, 82.186, 29.92, 1.79292
hold39, 82.186, 29.92, 1.79292
hold88, 82.186, 29.92, 1.79292
_2450_, 95.52, 29.92, 1.79296
_3306_, 95.52, 29.92, 1.79296
_3315_, 95.52, 29.92, 1.79296
_3886_, 95.52, 29.92, 1.79296
hold90, 95.52, 29.92, 1.79296
hold447, 95.52, 29.92, 1.79296
FILLER_0_6_190, 95.52, 29.92, 1.79296
FILLER_0_7_200, 95.52, 29.92, 1.79296
FILLER_0_8_197, 95.52, 29.92, 1.79296
_4605_, 108.853, 29.92, 1.79301
_4607_, 108.853, 29.92, 1.79301
hold240, 108.853, 29.92, 1.79301
hold425, 108.853, 29.92, 1.79301
_3314_, 122.186, 29.92, 1.79307
_3891_, 122.186, 29.92, 1.79307
_3893_, 122.186, 29.92, 1.79307
_4526_, 122.186, 29.92, 1.79307
_4716_, 122.186, 29.92, 1.79307
FILLER_0_6_249, 122.186, 29.92, 1.79307
FILLER_0_6_253, 122.186, 29.92, 1.79307
FILLER_0_7_247, 122.186, 29.92, 1.79307
_3630_, 135.52, 29.92, 1.79315
_3721_, 135.52, 29.92, 1.79315
_3961_, 135.52, 29.92, 1.79315
_4642_, 135.52, 29.92, 1.79315
hold114, 135.52, 29.92, 1.79315
hold133, 135.52, 29.92, 1.79315
hold170, 135.52, 29.92, 1.79315
FILLER_0_6_280, 135.52, 29.92, 1.79315
FILLER_0_7_274, 135.52, 29.92, 1.79315
_3832_, 148.853, 29.92, 1.79324
_4065_, 148.853, 29.92, 1.79324
clkbuf_leaf_39_clk, 148.853, 29.92, 1.79324
FILLER_0_7_305, 148.853, 29.92, 1.79324
_4003_, 162.186, 29.92, 1.79337
_4006_, 162.186, 29.92, 1.79337
_4663_, 162.186, 29.92, 1.79337
hold111, 162.186, 29.92, 1.79337
hold136, 162.186, 29.92, 1.79337
FILLER_0_6_337, 162.186, 29.92, 1.79337
FILLER_0_7_330, 162.186, 29.92, 1.79337
FILLER_0_8_349, 162.186, 29.92, 1.79337
_3657_, 188.716, 29.92, 1.79346
_3826_, 188.716, 29.92, 1.79346
_3827_, 188.716, 29.92, 1.79346
_4533_, 188.716, 29.92, 1.79346
hold291, 188.716, 29.92, 1.79346
FILLER_0_7_385, 188.716, 29.92, 1.79346
_3697_, 201.912, 29.92, 1.79342
_3735_, 201.912, 29.92, 1.79342
_4000_, 201.912, 29.92, 1.79342
_4662_, 201.912, 29.92, 1.79342
hold267, 201.912, 29.92, 1.79342
FILLER_0_6_416, 201.912, 29.92, 1.79342
FILLER_0_7_414, 201.912, 29.92, 1.79342
_4049_, 215.108, 29.92, 1.79339
_4682_, 215.108, 29.92, 1.79339
_4686_, 215.108, 29.92, 1.79339
hold195, 215.108, 29.92, 1.79339
FILLER_0_7_442, 215.108, 29.92, 1.79339
_4104_, 228.304, 29.92, 1.79337
_4105_, 228.304, 29.92, 1.79337
_4652_, 228.304, 29.92, 1.79337
_4714_, 228.304, 29.92, 1.79337
hold155, 228.304, 29.92, 1.79337
FILLER_0_7_494, 228.304, 29.92, 1.79337
FILLER_0_8_488, 228.304, 29.92, 1.79337
PHY_8, 5.52, 24.48, 1.7934
PHY_10, 5.52, 24.48, 1.7934
PHY_9, 241.5, 24.48, 1.79351
PHY_11, 241.5, 24.48, 1.79351
FILLER_0_4_501, 241.5, 24.48, 1.79351
FILLER_0_5_505, 241.5, 24.48, 1.79351
_3716_, 28.853, 24.48, 1.79329
_3988_, 28.853, 24.48, 1.79329
_4113_, 28.853, 24.48, 1.79329
_4125_, 28.853, 24.48, 1.79329
_4724_, 28.853, 24.48, 1.79329
hold104, 28.853, 24.48, 1.79329
hold277, 28.853, 24.48, 1.79329
hold278, 28.853, 24.48, 1.79329
FILLER_0_4_40, 28.853, 24.48, 1.79329
FILLER_0_5_38, 28.853, 24.48, 1.79329
_2500_, 42.186, 24.48, 1.79318
_3254_, 42.186, 24.48, 1.79318
_4112_, 42.186, 24.48, 1.79318
_4275_, 42.186, 24.48, 1.79318
_4276_, 42.186, 24.48, 1.79318
hold250, 42.186, 24.48, 1.79318
FILLER_0_6_81, 42.186, 24.48, 1.79318
_2662_, 55.52, 24.48, 1.79311
_4268_, 55.52, 24.48, 1.79311
hold85, 55.52, 24.48, 1.79311
hold86, 55.52, 24.48, 1.79311
hold91, 55.52, 24.48, 1.79311
hold100, 55.52, 24.48, 1.79311
_3252_, 68.853, 24.48, 1.79306
_4279_, 68.853, 24.48, 1.79306
_4286_, 68.853, 24.48, 1.79306
hold99, 68.853, 24.48, 1.79306
hold303, 68.853, 24.48, 1.79306
FILLER_0_4_137, 68.853, 24.48, 1.79306
FILLER_0_5_147, 68.853, 24.48, 1.79306
_3262_, 82.186, 24.48, 1.79304
clkbuf_leaf_47_clk, 82.186, 24.48, 1.79304
hold95, 82.186, 24.48, 1.79304
FILLER_0_5_176, 82.186, 24.48, 1.79304
_3836_, 95.52, 24.48, 1.79309
_3837_, 95.52, 24.48, 1.79309
_3858_, 95.52, 24.48, 1.79309
_3859_, 95.52, 24.48, 1.79309
_4189_, 95.52, 24.48, 1.79309
_4785_, 95.52, 24.48, 1.79309
FILLER_0_6_197, 95.52, 24.48, 1.79309
FILLER_0_6_207, 95.52, 24.48, 1.79309
_3887_, 108.853, 24.48, 1.79314
_3890_, 108.853, 24.48, 1.79314
_4188_, 108.853, 24.48, 1.79314
hold235, 108.853, 24.48, 1.79314
_3722_, 122.186, 24.48, 1.7932
_4793_, 122.186, 24.48, 1.7932
hold211, 122.186, 24.48, 1.7932
FILLER_0_5_252, 122.186, 24.48, 1.7932
FILLER_0_6_264, 122.186, 24.48, 1.7932
_3960_, 135.52, 24.48, 1.79326
_4204_, 135.52, 24.48, 1.79326
_4480_, 135.52, 24.48, 1.79326
_4578_, 135.52, 24.48, 1.79326
FILLER_0_5_274, 135.52, 24.48, 1.79326
FILLER_0_5_281, 135.52, 24.48, 1.79326
FILLER_0_5_289, 135.52, 24.48, 1.79326
FILLER_0_6_287, 135.52, 24.48, 1.79326
_4152_, 148.853, 24.48, 1.79334
_4153_, 148.853, 24.48, 1.79334
_4767_, 148.853, 24.48, 1.79334
hold273, 148.853, 24.48, 1.79334
FILLER_0_4_302, 148.853, 24.48, 1.79334
_4002_, 162.186, 24.48, 1.79343
_4693_, 162.186, 24.48, 1.79343
FILLER_0_5_337, 162.186, 24.48, 1.79343
_3736_, 188.716, 24.48, 1.79352
_4053_, 188.716, 24.48, 1.79352
_4586_, 188.716, 24.48, 1.79352
hold141, 188.716, 24.48, 1.79352
hold200, 188.716, 24.48, 1.79352
hold223, 188.716, 24.48, 1.79352
FILLER_0_5_389, 188.716, 24.48, 1.79352
FILLER_0_5_404, 188.716, 24.48, 1.79352
_3848_, 201.912, 24.48, 1.79351
_3849_, 201.912, 24.48, 1.79351
_4001_, 201.912, 24.48, 1.79351
hold201, 201.912, 24.48, 1.79351
hold242, 201.912, 24.48, 1.79351
FILLER_0_5_440, 201.912, 24.48, 1.79351
_4040_, 215.108, 24.48, 1.79351
_4041_, 215.108, 24.48, 1.79351
hold126, 215.108, 24.48, 1.79351
FILLER_0_5_461, 215.108, 24.48, 1.79351
_3981_, 228.304, 24.48, 1.79351
hold157, 228.304, 24.48, 1.79351
FILLER_0_5_470, 228.304, 24.48, 1.79351
FILLER_0_5_478, 228.304, 24.48, 1.79351
FILLER_0_5_496, 228.304, 24.48, 1.79351
PHY_4, 5.52, 19.04, 1.79342
PHY_6, 5.52, 19.04, 1.79342
PHY_5, 241.5, 19.04, 1.79355
PHY_7, 241.5, 19.04, 1.79355
FILLER_0_2_501, 241.5, 19.04, 1.79355
FILLER_0_3_505, 241.5, 19.04, 1.79355
_4124_, 28.853, 19.04, 1.79336
_4718_, 28.853, 19.04, 1.79336
_4777_, 28.853, 19.04, 1.79336
FILLER_0_3_47, 28.853, 19.04, 1.79336
_4172_, 42.186, 19.04, 1.79331
_4173_, 42.186, 19.04, 1.79331
_4271_, 42.186, 19.04, 1.79331
hold92, 42.186, 19.04, 1.79331
hold249, 42.186, 19.04, 1.79331
FILLER_0_3_89, 42.186, 19.04, 1.79331
FILLER_0_4_80, 42.186, 19.04, 1.79331
FILLER_0_4_85, 42.186, 19.04, 1.79331
_3253_, 55.52, 19.04, 1.79328
_4273_, 55.52, 19.04, 1.79328
_4274_, 55.52, 19.04, 1.79328
FILLER_0_2_98, 55.52, 19.04, 1.79328
FILLER_0_2_108, 55.52, 19.04, 1.79328
FILLER_0_3_108, 55.52, 19.04, 1.79328
_3290_, 68.853, 19.04, 1.79327
_3291_, 68.853, 19.04, 1.79327
_4284_, 68.853, 19.04, 1.79327
_4287_, 68.853, 19.04, 1.79327
FILLER_0_2_125, 68.853, 19.04, 1.79327
FILLER_0_4_141, 68.853, 19.04, 1.79327
_3260_, 82.186, 19.04, 1.79329
hold283, 82.186, 19.04, 1.79329
FILLER_0_3_158, 82.186, 19.04, 1.79329
FILLER_0_3_169, 82.186, 19.04, 1.79329
FILLER_0_4_175, 82.186, 19.04, 1.79329
_4580_, 95.52, 19.04, 1.79331
_4679_, 95.52, 19.04, 1.79331
hold158, 95.52, 19.04, 1.79331
FILLER_0_3_202, 95.52, 19.04, 1.79331
_3613_, 108.853, 19.04, 1.79334
_3614_, 108.853, 19.04, 1.79334
_3963_, 108.853, 19.04, 1.79334
_4034_, 108.853, 19.04, 1.79334
_4035_, 108.853, 19.04, 1.79334
_4643_, 108.853, 19.04, 1.79334
FILLER_0_2_221, 108.853, 19.04, 1.79334
FILLER_0_3_214, 108.853, 19.04, 1.79334
FILLER_0_3_225, 108.853, 19.04, 1.79334
FILLER_0_4_233, 108.853, 19.04, 1.79334
_3962_, 122.186, 19.04, 1.79338
_4205_, 122.186, 19.04, 1.79338
hold236, 122.186, 19.04, 1.79338
FILLER_0_2_247, 122.186, 19.04, 1.79338
FILLER_0_3_269, 135.52, 19.04, 1.79342
FILLER_0_3_277, 135.52, 19.04, 1.79342
FILLER_0_2_301, 148.853, 19.04, 1.79347
_4062_, 162.186, 19.04, 1.79351
_4063_, 162.186, 19.04, 1.79351
hold105, 162.186, 19.04, 1.79351
FILLER_0_3_329, 162.186, 19.04, 1.79351
_4052_, 188.716, 19.04, 1.79355
FILLER_0_3_385, 188.716, 19.04, 1.79355
FILLER_0_4_404, 188.716, 19.04, 1.79355
FILLER_0_4_412, 188.716, 19.04, 1.79355
FILLER_0_2_413, 201.912, 19.04, 1.79355
FILLER_0_3_441, 201.912, 19.04, 1.79355
FILLER_0_4_469, 215.108, 19.04, 1.79355
FILLER_0_3_497, 228.304, 19.04, 1.79355
PHY_0, 5.52, 13.6, 1.79344
PHY_2, 5.52, 13.6, 1.79344
output3, 5.52, 13.6, 1.79344
PHY_1, 241.5, 13.6, 1.79356
PHY_3, 241.5, 13.6, 1.79356
FILLER_0_0_501, 241.5, 13.6, 1.79356
FILLER_0_0_505, 241.5, 13.6, 1.79356
FILLER_0_1_505, 241.5, 13.6, 1.79356
FILLER_0_0_53, 28.853, 13.6, 1.79343
FILLER_0_1_51, 28.853, 13.6, 1.79343
_3249_, 42.186, 13.6, 1.79342
FILLER_0_0_81, 42.186, 13.6, 1.79342
FILLER_0_2_85, 42.186, 13.6, 1.79342
_3246_, 55.52, 13.6, 1.79341
_3251_, 55.52, 13.6, 1.79341
FILLER_0_0_109, 55.52, 13.6, 1.79341
FILLER_0_1_105, 55.52, 13.6, 1.79341
_4302_, 68.853, 13.6, 1.7934
_4710_, 68.853, 13.6, 1.7934
hold458, 68.853, 13.6, 1.7934
FILLER_0_0_137, 68.853, 13.6, 1.7934
FILLER_0_1_137, 68.853, 13.6, 1.7934
FILLER_0_1_148, 68.853, 13.6, 1.7934
_4096_, 82.186, 13.6, 1.79341
_4097_, 82.186, 13.6, 1.79341
_4591_, 82.186, 13.6, 1.79341
output8, 82.186, 13.6, 1.79341
hold276, 82.186, 13.6, 1.79341
FILLER_0_0_153, 82.186, 13.6, 1.79341
FILLER_0_0_162, 82.186, 13.6, 1.79341
FILLER_0_0_169, 82.186, 13.6, 1.79341
FILLER_0_2_177, 82.186, 13.6, 1.79341
_4472_, 108.853, 13.6, 1.79344
FILLER_0_0_221, 108.853, 13.6, 1.79344
FILLER_0_1_220, 108.853, 13.6, 1.79344
FILLER_0_0_249, 122.186, 13.6, 1.79347
FILLER_0_0_277, 135.52, 13.6, 1.79349
FILLER_0_1_273, 135.52, 13.6, 1.79349
FILLER_0_0_305, 148.853, 13.6, 1.79351
FILLER_0_0_333, 162.186, 13.6, 1.79354
FILLER_0_1_329, 162.186, 13.6, 1.79354
FILLER_0_1_385, 188.716, 13.6, 1.79356
FILLER_0_0_417, 201.912, 13.6, 1.79356
FILLER_0_1_441, 201.912, 13.6, 1.79356
FILLER_0_0_445, 215.108, 13.6, 1.79356
FILLER_0_2_469, 215.108, 13.6, 1.79356
FILLER_0_0_473, 228.304, 13.6, 1.79356
FILLER_0_1_497, 228.304, 13.6, 1.79356

